Trip_ID,start_area,end_area,distance_km,time_of_day,day_of_week,weather_condition,traffic_density_level,road_type,average_speed_kmph,travel_time_minutes,adjusted_speed,adjusted_travel_time,start_zone,end_zone,zone
TRIP_00001,Vasant Kunj,Kalkaji,9.44,Night,Weekday,Clear,Low,Main Road,37.8,15.3,32.129999999999995,17.628384687208218,South,South,South Delhi
TRIP_00002,Greater Kailash,Kalkaji,2.15,Night,Weekend,Clear,Low,Main Road,42.7,3.0,36.295,3.5542085686733706,South,South,South Delhi
TRIP_00003,Janakpuri,Model Town,14.54,Morning Peak,Weekday,Rain,High,Inner Road,9.7,92.7,8.245,105.8095815645846,West,North,West Delhi
TRIP_00004,Punjabi Bagh,Dwarka,11.86,Night,Weekday,Clear,Low,Highway,68.5,10.6,58.225,12.221554315156718,West,West,West Delhi
TRIP_00005,Rohini,Chandni Chowk,20.26,Afternoon,Weekday,Fog,Medium,Highway,30.3,42.0,25.755,47.198602213162495,North,Central,North Delhi
TRIP_00006,Janakpuri,Dwarka,5.26,Evening Peak,Weekend,Clear,Medium,Highway,51.7,6.1,43.945,7.181704403231312,West,West,West Delhi
TRIP_00007,Noida Sector 18,Preet Vihar,8.57,Morning Peak,Weekend,Clear,Very High,Inner Road,7.6,70.6,6.46,79.59752321981424,Other,Other,Other
TRIP_00008,Rohini,Dwarka,17.53,Evening Peak,Weekday,Clear,Medium,Main Road,37.3,27.5,31.705,33.17457814224886,North,West,North Delhi
TRIP_00009,IGI Airport,Saket,11.0,Evening Peak,Weekday,Heatwave,High,Highway,39.7,17.0,33.745000000000005,19.558453104163576,Other,South,Other
TRIP_00010,Vasant Kunj,Janakpuri,13.24,Evening Peak,Weekday,Clear,High,Main Road,23.6,38.6,20.060000000000002,39.60119641076769,South,West,South Delhi
TRIP_00011,Chandni Chowk,Pitampura,11.29,Morning Peak,Weekend,Clear,High,Main Road,24.8,26.8,21.08,32.13472485768501,Central,North,Central Delhi
TRIP_00012,Mayur Vihar,Preet Vihar,3.05,Afternoon,Weekend,Clear,Low,Main Road,56.4,3.6,47.94,3.8172715894868583,Other,Other,Other
TRIP_00013,Rohini,Lajpat Nagar,26.64,Morning Peak,Weekday,Clear,Very High,Highway,16.3,97.1,13.855,115.36629375676651,North,Other,North Delhi
TRIP_00014,Okhla,Model Town,21.87,Morning Peak,Weekday,Clear,Very High,Main Road,10.2,127.9,8.67,151.34948096885813,Other,North,Other
TRIP_00015,Greater Kailash,IGI Airport,13.13,Morning Peak,Weekend,Clear,Low,Main Road,58.1,14.0,49.385,15.95221221018528,South,Other,South Delhi
TRIP_00016,Model Town,Hauz Khas,18.43,Afternoon,Weekday,Rain,Medium,Highway,43.9,27.6,37.315,29.63419536379472,North,Other,North Delhi
TRIP_00017,Dwarka,Okhla,23.01,Evening Peak,Weekend,Clear,Low,Main Road,45.0,32.1,38.25,36.09411764705882,West,Other,West Delhi
TRIP_00018,Noida Sector 18,Punjabi Bagh,21.94,Night,Weekend,Clear,Medium,Main Road,36.8,40.4,31.279999999999998,42.0843989769821,Other,West,Other
TRIP_00019,Saket,IGI Airport,11.0,Afternoon,Weekday,Rain,High,Main Road,19.3,33.4,16.405,40.23163669612922,South,Other,South Delhi
TRIP_00020,Hauz Khas,Nehru Place,5.2,Evening Peak,Weekday,Clear,Very High,Highway,16.3,19.8,13.855,22.518946228798267,Other,Other,Other
TRIP_00021,Nehru Place,Dwarka,20.8,Evening Peak,Weekday,Clear,Very High,Highway,21.7,63.8,18.445,67.66061263214964,Other,West,Other
TRIP_00022,AIIMS,Greater Kailash,3.26,Morning Peak,Weekend,Clear,High,Inner Road,17.4,11.5,14.79,13.225152129817443,Other,South,Other
TRIP_00023,Saket,Model Town,21.24,Morning Peak,Weekday,Rain,Medium,Main Road,32.2,45.4,27.37,46.561929119473874,South,North,South Delhi
TRIP_00024,Model Town,Shahdara,10.5,Night,Weekend,Heatwave,Low,Highway,79.8,7.8,67.83,9.287925696594428,North,Other,North Delhi
TRIP_00025,Greater Kailash,Rohini,28.43,Evening Peak,Weekday,Rain,Very High,Highway,12.5,141.5,10.625,160.5458823529412,South,North,South Delhi
TRIP_00026,Pitampura,AIIMS,17.0,Afternoon,Weekday,Fog,High,Main Road,15.9,65.1,13.515,75.47169811320754,North,Other,Other
TRIP_00027,Connaught Place,Nehru Place,9.83,Evening Peak,Weekend,Heatwave,Medium,Main Road,26.8,21.4,22.78,25.891132572431957,Central,Other,Central Delhi
TRIP_00028,Greater Kailash,AIIMS,3.26,Morning Peak,Weekday,Clear,High,Main Road,27.2,7.6,23.119999999999997,8.460207612456747,South,Other,South Delhi
TRIP_00029,Hauz Khas,Shahdara,16.26,Morning Peak,Weekday,Rain,Medium,Highway,47.8,19.9,40.629999999999995,24.011813930593163,Other,Other,Other
TRIP_00030,Rajouri Garden,IGI Airport,10.32,Morning Peak,Weekday,Clear,High,Main Road,19.0,32.9,16.15,38.3405572755418,West,Other,Other
TRIP_00031,Greater Kailash,Civil Lines,14.87,Morning Peak,Weekend,Rain,Medium,Main Road,24.6,35.3,20.91,42.668579626972736,South,Other,South Delhi
TRIP_00032,Rajouri Garden,Saket,15.91,Morning Peak,Weekday,Clear,Medium,Highway,64.9,14.3,55.165000000000006,17.304450285507112,West,South,Other
TRIP_00033,Kalkaji,Vasant Kunj,9.44,Afternoon,Weekday,Rain,Low,Inner Road,25.4,21.7,21.59,26.23436776285317,South,South,South Delhi
TRIP_00034,Connaught Place,Noida Sector 18,12.67,Evening Peak,Weekday,Clear,Very High,Highway,20.2,38.5,17.169999999999998,44.27489807804311,Central,Other,Central Delhi
TRIP_00035,Connaught Place,Karol Bagh,3.42,Evening Peak,Weekend,Rain,High,Inner Road,7.8,26.0,6.63,30.950226244343888,Central,Central,Central Delhi
TRIP_00036,Rajouri Garden,Punjabi Bagh,2.52,Evening Peak,Weekday,Clear,Very High,Highway,20.6,7.2,17.51,8.635065676756138,West,West,Other
TRIP_00037,Preet Vihar,Pitampura,17.1,Evening Peak,Weekday,Fog,High,Highway,23.4,46.4,19.889999999999997,51.58371040723983,Other,North,Other
TRIP_00038,Punjabi Bagh,Model Town,7.93,Evening Peak,Weekday,Heatwave,Very High,Main Road,13.1,35.6,11.135,42.730130220026936,West,North,West Delhi
TRIP_00039,Okhla,Civil Lines,17.22,Afternoon,Weekday,Clear,Low,Inner Road,35.7,30.6,30.345000000000002,34.04844290657439,Other,Other,Other
TRIP_00040,Okhla,Rajouri Garden,19.41,Afternoon,Weekday,Clear,High,Main Road,21.1,65.6,17.935000000000002,64.93448564259826,Other,West,Other
TRIP_00041,Vasant Kunj,Chandni Chowk,16.27,Afternoon,Weekday,Heatwave,Medium,Highway,47.0,22.5,39.949999999999996,24.435544430538176,South,Central,South Delhi
TRIP_00042,Preet Vihar,Lajpat Nagar,9.58,Morning Peak,Weekend,Rain,Low,Highway,61.9,9.3,52.614999999999995,10.92464126199753,Other,Other,Other
TRIP_00043,Vasant Kunj,Shahdara,21.4,Evening Peak,Weekday,Clear,Very High,Highway,18.9,66.6,16.064999999999998,79.92530345471522,South,Other,South Delhi
TRIP_00044,Preet Vihar,Rajouri Garden,16.6,Afternoon,Weekday,Clear,Low,Main Road,54.1,19.5,45.985,21.659236707622053,Other,West,Other
TRIP_00045,Model Town,Noida Sector 18,20.73,Afternoon,Weekday,Fog,Very High,Highway,9.1,144.0,7.734999999999999,160.8015513897867,North,Other,North Delhi
TRIP_00046,Dwarka,Rohini,17.53,Evening Peak,Weekday,Clear,High,Highway,45.8,23.1,38.93,27.017724120215775,West,North,West Delhi
TRIP_00047,Pitampura,Preet Vihar,17.1,Night,Weekday,Clear,Low,Highway,66.0,15.6,56.1,18.288770053475936,North,Other,Other
TRIP_00048,Saket,Janakpuri,15.88,Morning Peak,Weekday,Clear,High,Main Road,24.5,43.7,20.825,45.75270108043218,South,West,South Delhi
TRIP_00049,Rajouri Garden,Saket,15.91,Evening Peak,Weekday,Heatwave,Very High,Highway,14.3,69.6,12.155000000000001,78.53558206499382,West,South,Other
TRIP_00050,Model Town,Pitampura,5.98,Evening Peak,Weekday,Heatwave,Very High,Inner Road,7.9,51.3,6.715,53.43261355174982,North,North,North Delhi
TRIP_00051,Model Town,Saket,21.24,Night,Weekend,Clear,Medium,Main Road,41.1,35.9,34.935,36.47917561185057,North,South,North Delhi
TRIP_00052,Preet Vihar,Dwarka,24.67,Morning Peak,Weekday,Rain,High,Highway,28.1,54.8,23.885,61.97194892191752,Other,West,Other
TRIP_00053,Mayur Vihar,Connaught Place,7.89,Evening Peak,Weekday,Heatwave,High,Highway,29.6,16.4,25.16,18.81558028616852,Other,Central,Other
TRIP_00054,Rajouri Garden,Vasant Kunj,14.56,Morning Peak,Weekday,Clear,High,Highway,38.0,23.0,32.3,27.046439628482975,West,South,Other
TRIP_00055,IGI Airport,Chandni Chowk,16.54,Afternoon,Weekday,Heatwave,Very High,Highway,20.8,47.4,17.68,56.13122171945702,Other,Central,Other
TRIP_00056,Karol Bagh,Vasant Kunj,15.08,Afternoon,Weekday,Rain,Medium,Highway,32.3,30.7,27.455,32.95574576579858,Central,South,Central Delhi
TRIP_00057,Lajpat Nagar,Dwarka,18.84,Afternoon,Weekend,Clear,Medium,Highway,47.1,23.6,40.035000000000004,28.235294117647054,Other,West,Other
TRIP_00058,Greater Kailash,Kalkaji,2.15,Afternoon,Weekday,Clear,High,Main Road,21.2,6.0,18.02,7.158712541620422,South,South,South Delhi
TRIP_00059,Greater Kailash,Chandni Chowk,11.55,Afternoon,Weekday,Clear,Low,Main Road,37.5,19.6,31.875,21.741176470588236,South,Central,South Delhi
TRIP_00060,IGI Airport,Greater Kailash,13.13,Morning Peak,Weekend,Clear,High,Highway,31.0,26.2,26.349999999999998,29.897533206831124,Other,South,Other
TRIP_00061,Pitampura,Civil Lines,9.41,Morning Peak,Weekend,Clear,Medium,Highway,59.6,9.7,50.66,11.144887485195422,North,Other,Other
TRIP_00062,Greater Kailash,Mayur Vihar,9.55,Morning Peak,Weekday,Clear,High,Main Road,23.7,25.1,20.145,28.44378257632167,South,Other,South Delhi
TRIP_00063,Lajpat Nagar,Punjabi Bagh,15.06,Evening Peak,Weekday,Clear,Very High,Main Road,10.3,87.7,8.755,103.20959451741861,Other,West,Other
TRIP_00064,Kalkaji,AIIMS,5.39,Morning Peak,Weekday,Clear,Very High,Highway,20.1,17.7,17.085,18.928884986830553,South,Other,South Delhi
TRIP_00065,Saket,Dwarka,17.4,Night,Weekend,Clear,High,Highway,44.6,24.2,37.910000000000004,27.538907939857552,South,West,South Delhi
TRIP_00066,Karol Bagh,Civil Lines,4.62,Afternoon,Weekday,Fog,Medium,Inner Road,13.1,21.9,11.135,24.894476874719356,Central,Other,Central Delhi
TRIP_00067,Connaught Place,Chandni Chowk,2.54,Morning Peak,Weekday,Clear,High,Inner Road,8.0,21.5,6.8,22.411764705882355,Central,Central,Central Delhi
TRIP_00068,Preet Vihar,Lajpat Nagar,9.58,Evening Peak,Weekday,Rain,Very High,Main Road,8.1,71.1,6.885,83.48583877995642,Other,Other,Other
TRIP_00069,Mayur Vihar,Rajouri Garden,17.23,Morning Peak,Weekday,Heatwave,Medium,Highway,59.0,20.7,50.15,20.61415752741775,Other,West,Other
TRIP_00070,Shahdara,Rohini,24.21,Morning Peak,Weekend,Rain,Medium,Highway,44.8,33.8,38.08,38.14600840336135,Other,North,Other
TRIP_00071,Shahdara,Okhla,15.92,Evening Peak,Weekday,Clear,Very High,Highway,18.0,51.8,15.299999999999999,62.43137254901961,Other,Other,Other
TRIP_00072,Vasant Kunj,Okhla,11.21,Afternoon,Weekday,Rain,High,Highway,30.2,23.1,25.669999999999998,26.20179197506818,South,Other,South Delhi
TRIP_00073,Hauz Khas,Connaught Place,9.27,Evening Peak,Weekend,Clear,Medium,Main Road,36.4,15.0,30.939999999999998,17.97672915319974,Other,Central,Other
TRIP_00074,Chandni Chowk,Dwarka,19.18,Afternoon,Weekday,Clear,Medium,Main Road,34.8,32.1,29.58,38.904665314401626,Central,West,Central Delhi
TRIP_00075,Dwarka,Saket,17.4,Evening Peak,Weekday,Fog,Very High,Highway,9.1,114.3,7.734999999999999,134.97091144149968,West,South,West Delhi
TRIP_00076,Preet Vihar,Lajpat Nagar,9.58,Afternoon,Weekday,Clear,High,Inner Road,14.9,40.6,12.665,45.384919068298466,Other,Other,Other
TRIP_00077,Janakpuri,Punjabi Bagh,6.67,Evening Peak,Weekday,Clear,Very High,Inner Road,9.5,41.3,8.075,49.56037151702787,West,West,West Delhi
TRIP_00078,Shahdara,Dwarka,25.37,Morning Peak,Weekend,Heatwave,Medium,Highway,49.0,31.1,41.65,36.547418967587035,Other,West,Other
TRIP_00079,Kalkaji,Nehru Place,1.51,Morning Peak,Weekday,Heatwave,Very High,Inner Road,8.3,12.7,7.055000000000001,12.841956059532246,South,Other,South Delhi
TRIP_00080,Greater Kailash,Noida Sector 18,9.35,Evening Peak,Weekday,Clear,High,Inner Road,10.7,51.9,9.094999999999999,61.68224299065421,South,Other,South Delhi
TRIP_00081,Model Town,Kalkaji,20.77,Afternoon,Weekday,Heatwave,Medium,Highway,48.2,26.0,40.97,30.417378569685134,North,South,North Delhi
TRIP_00082,IGI Airport,Rajouri Garden,10.32,Afternoon,Weekday,Rain,Medium,Main Road,25.5,25.1,21.675,28.567474048442907,Other,West,Other
TRIP_00083,Greater Kailash,Model Town,19.14,Afternoon,Weekday,Clear,Medium,Main Road,43.4,26.3,36.89,31.13038763892654,South,North,South Delhi
TRIP_00084,Connaught Place,IGI Airport,14.14,Night,Weekend,Heatwave,Low,Main Road,38.1,22.6,32.385,26.197313571097734,Central,Other,Central Delhi
TRIP_00085,Noida Sector 18,Chandni Chowk,12.9,Evening Peak,Weekend,Clear,High,Main Road,30.2,26.7,25.669999999999998,30.15192832099728,Other,Central,Other
TRIP_00086,Okhla,Saket,6.33,Morning Peak,Weekday,Clear,Medium,Main Road,41.4,9.0,35.19,10.792838874680307,Other,South,Other
TRIP_00087,Punjabi Bagh,Karol Bagh,6.08,Night,Weekday,Clear,Medium,Main Road,27.8,13.1,23.63,15.438002539145156,West,Central,West Delhi
TRIP_00088,Nehru Place,Karol Bagh,12.97,Evening Peak,Weekday,Heatwave,Very High,Highway,19.2,41.0,16.32,47.68382352941177,Other,Central,Other
TRIP_00089,Punjabi Bagh,Okhla,20.5,Afternoon,Weekday,Rain,Medium,Highway,41.3,29.2,35.105,35.037743911123776,West,Other,West Delhi
TRIP_00090,Karol Bagh,IGI Airport,13.83,Evening Peak,Weekend,Clear,High,Main Road,18.2,46.3,15.469999999999999,53.63930187459599,Central,Other,Central Delhi
TRIP_00091,Kalkaji,Janakpuri,18.68,Morning Peak,Weekday,Clear,Very High,Highway,19.7,58.1,16.744999999999997,66.93341295909227,South,West,South Delhi
TRIP_00092,Kalkaji,Shahdara,15.71,Morning Peak,Weekday,Rain,Medium,Main Road,21.4,43.9,18.189999999999998,51.81968114348544,South,Other,South Delhi
TRIP_00093,Model Town,Vasant Kunj,22.01,Evening Peak,Weekend,Clear,Very High,Highway,18.2,73.9,15.469999999999999,85.36522301228186,North,South,North Delhi
TRIP_00094,Okhla,Pitampura,23.54,Evening Peak,Weekend,Clear,High,Highway,34.6,41.1,29.41,48.02448146888813,Other,North,Other
TRIP_00095,Lajpat Nagar,Pitampura,18.08,Afternoon,Weekday,Clear,Low,Inner Road,14.5,74.7,12.325,88.01622718052738,Other,North,Other
TRIP_00096,Model Town,Punjabi Bagh,7.93,Night,Weekday,Clear,Low,Inner Road,34.3,14.3,29.154999999999998,16.31967072543303,North,West,North Delhi
TRIP_00097,Hauz Khas,Nehru Place,5.2,Morning Peak,Weekday,Clear,Very High,Inner Road,8.2,40.1,6.969999999999999,44.763271162123395,Other,Other,Other
TRIP_00098,Kalkaji,AIIMS,5.39,Night,Weekday,Rain,Low,Inner Road,28.7,11.4,24.395,13.256814921090388,South,Other,South Delhi
TRIP_00099,Vasant Kunj,Rohini,27.39,Afternoon,Weekend,Clear,Medium,Highway,45.7,37.1,38.845,42.30660316643068,South,North,South Delhi
TRIP_00100,AIIMS,IGI Airport,10.81,Morning Peak,Weekday,Clear,Very High,Highway,20.5,32.4,17.425,37.22238163558106,Other,Other,Other
TRIP_00101,AIIMS,Rohini,25.2,Evening Peak,Weekday,Heatwave,High,Main Road,27.4,55.3,23.29,64.92056676685272,Other,North,Other
TRIP_00102,Kalkaji,Mayur Vihar,9.67,Evening Peak,Weekend,Heatwave,High,Main Road,22.1,28.3,18.785,30.886345488421615,South,Other,South Delhi
TRIP_00103,Punjabi Bagh,Dwarka,11.86,Evening Peak,Weekday,Clear,Very High,Highway,15.6,44.8,13.26,53.66515837104072,West,West,West Delhi
TRIP_00104,Saket,Hauz Khas,2.85,Morning Peak,Weekday,Heatwave,Very High,Inner Road,7.7,23.5,6.545,26.126814362108483,South,Other,South Delhi
TRIP_00105,Okhla,AIIMS,7.2,Evening Peak,Weekday,Clear,High,Main Road,20.4,24.3,17.34,24.913494809688583,Other,Other,Other
TRIP_00106,Model Town,Nehru Place,19.38,Night,Weekend,Clear,Low,Main Road,50.6,24.0,43.01,27.035573122529645,North,Other,North Delhi
TRIP_00107,IGI Airport,Chandni Chowk,16.54,Morning Peak,Weekend,Heatwave,Medium,Highway,48.5,19.9,41.225,24.07277137659187,Other,Central,Other
TRIP_00108,Janakpuri,Nehru Place,18.07,Afternoon,Weekend,Rain,Low,Highway,42.9,24.6,36.464999999999996,29.732620320855617,West,Other,West Delhi
TRIP_00109,Saket,Model Town,21.24,Evening Peak,Weekday,Heatwave,High,Highway,38.1,33.5,32.385,39.35155164427976,South,North,South Delhi
TRIP_00110,Preet Vihar,Shahdara,3.56,Evening Peak,Weekday,Heatwave,High,Main Road,18.2,11.6,15.469999999999999,13.80736910148675,Other,Other,Other
TRIP_00111,Dwarka,Vasant Kunj,13.52,Morning Peak,Weekend,Heatwave,Medium,Main Road,25.8,31.1,21.93,36.99042407660739,West,South,West Delhi
TRIP_00112,Punjabi Bagh,Dwarka,11.86,Evening Peak,Weekend,Clear,Medium,Highway,52.7,13.2,44.795,15.885701529188523,West,West,West Delhi
TRIP_00113,IGI Airport,Preet Vihar,21.04,Evening Peak,Weekday,Fog,High,Inner Road,8.1,187.9,6.885,183.35511982570804,Other,Other,Other
TRIP_00114,Dwarka,Rajouri Garden,9.64,Night,Weekday,Fog,Medium,Main Road,14.4,42.0,12.24,47.25490196078431,West,West,West Delhi
TRIP_00115,Chandni Chowk,Mayur Vihar,7.47,Evening Peak,Weekday,Fog,Low,Highway,38.3,12.2,32.555,13.767470434649056,Central,Other,Central Delhi
TRIP_00116,Karol Bagh,Chandni Chowk,3.94,Afternoon,Weekend,Clear,High,Inner Road,17.5,14.1,14.875,15.892436974789915,Central,Central,Central Delhi
TRIP_00117,Okhla,AIIMS,7.2,Morning Peak,Weekend,Heatwave,Low,Main Road,56.8,8.0,48.279999999999994,8.947804473902238,Other,Other,Other
TRIP_00118,Saket,Rohini,29.0,Afternoon,Weekday,Rain,High,Highway,30.8,57.7,26.18,66.46294881589,South,North,South Delhi
TRIP_00119,Lajpat Nagar,Chandni Chowk,8.98,Morning Peak,Weekday,Clear,High,Main Road,18.2,29.5,15.469999999999999,34.828700711053656,Other,Central,Other
TRIP_00120,Rohini,Kalkaji,30.48,Evening Peak,Weekday,Clear,Medium,Highway,53.0,38.8,45.05,40.59489456159823,North,South,North Delhi
TRIP_00121,Kalkaji,Karol Bagh,14.25,Evening Peak,Weekday,Clear,Low,Highway,71.6,12.2,60.85999999999999,14.048636214262244,South,Central,South Delhi
TRIP_00122,Preet Vihar,Connaught Place,7.48,Night,Weekend,Rain,Medium,Highway,33.4,13.1,28.389999999999997,15.808383233532936,Other,Central,Other
TRIP_00123,Okhla,Connaught Place,12.39,Evening Peak,Weekday,Clear,High,Highway,33.6,21.6,28.56,26.029411764705884,Other,Central,Other
TRIP_00124,Karol Bagh,Vasant Kunj,15.08,Evening Peak,Weekday,Fog,High,Highway,17.6,60.8,14.96,60.481283422459896,Central,South,Central Delhi
TRIP_00125,Vasant Kunj,Janakpuri,13.24,Evening Peak,Weekend,Rain,High,Highway,28.3,29.5,24.055,33.02431926834338,South,West,South Delhi
TRIP_00126,Greater Kailash,Rohini,28.43,Morning Peak,Weekday,Clear,Very High,Highway,19.8,88.3,16.830000000000002,101.35472370766487,South,North,South Delhi
TRIP_00127,Shahdara,Dwarka,25.37,Evening Peak,Weekend,Clear,Low,Highway,61.6,24.7,52.36,29.07181054239878,Other,West,Other
TRIP_00128,Rohini,Pitampura,8.97,Afternoon,Weekday,Clear,Medium,Inner Road,15.2,35.7,12.92,41.65634674922601,North,North,North Delhi
TRIP_00129,Saket,Dwarka,17.4,Evening Peak,Weekend,Clear,High,Main Road,23.7,44.3,20.145,51.82427401340283,South,West,South Delhi
TRIP_00130,Chandni Chowk,Karol Bagh,3.94,Evening Peak,Weekday,Heatwave,High,Main Road,21.1,11.7,17.935000000000002,13.180931140228601,Central,Central,Central Delhi
TRIP_00131,Lajpat Nagar,Dwarka,18.84,Night,Weekday,Clear,High,Highway,42.8,26.2,36.379999999999995,31.072017592083565,Other,West,Other
TRIP_00132,Chandni Chowk,Shahdara,6.2,Afternoon,Weekday,Clear,Medium,Main Road,43.4,8.8,36.89,10.08403361344538,Central,Other,Central Delhi
TRIP_00133,Lajpat Nagar,Preet Vihar,9.58,Morning Peak,Weekend,Clear,Medium,Highway,48.9,11.8,41.565,13.828942619992784,Other,Other,Other
TRIP_00134,Connaught Place,Hauz Khas,9.27,Morning Peak,Weekday,Rain,Medium,Main Road,19.3,29.7,16.405,33.904297470283446,Central,Other,Central Delhi
TRIP_00135,Model Town,Noida Sector 18,20.73,Evening Peak,Weekday,Heatwave,High,Highway,30.9,41.0,26.264999999999997,47.35579668760708,North,Other,North Delhi
TRIP_00136,Connaught Place,IGI Airport,14.14,Morning Peak,Weekday,Clear,Medium,Main Road,38.8,22.2,32.98,25.72468162522741,Central,Other,Central Delhi
TRIP_00137,Karol Bagh,Rajouri Garden,6.66,Night,Weekday,Clear,Low,Main Road,46.5,9.7,39.525,10.110056925996206,Central,West,Central Delhi
TRIP_00138,AIIMS,Lajpat Nagar,2.68,Night,Weekday,Rain,Low,Inner Road,13.9,12.1,11.815,13.609818027930599,Other,Other,Other
TRIP_00139,Janakpuri,Rajouri Garden,4.38,Morning Peak,Weekend,Heatwave,High,Main Road,27.2,9.9,23.119999999999997,11.366782006920417,West,West,West Delhi
TRIP_00140,Shahdara,Greater Kailash,15.04,Evening Peak,Weekday,Clear,High,Main Road,22.3,42.9,18.955000000000002,47.6074914270641,Other,South,Other
TRIP_00141,Kalkaji,Preet Vihar,12.39,Morning Peak,Weekday,Rain,Very High,Inner Road,5.2,150.0,4.42,168.19004524886878,South,Other,South Delhi
TRIP_00142,Preet Vihar,Pitampura,17.1,Afternoon,Weekday,Rain,Medium,Main Road,26.5,38.9,22.525,45.54938956714762,Other,North,Other
TRIP_00143,Connaught Place,Punjabi Bagh,9.3,Afternoon,Weekday,Clear,Medium,Main Road,39.3,14.4,33.404999999999994,16.70408621463853,Central,West,Central Delhi
TRIP_00144,Lajpat Nagar,Model Town,16.71,Evening Peak,Weekend,Fog,Low,Highway,40.6,25.0,34.51,29.052448565633153,Other,North,Other
TRIP_00145,AIIMS,Hauz Khas,2.2,Evening Peak,Weekday,Clear,Very High,Inner Road,9.0,15.5,7.6499999999999995,17.254901960784316,Other,Other,Other
TRIP_00146,Rajouri Garden,Chandni Chowk,10.59,Morning Peak,Weekday,Clear,Medium,Main Road,36.7,18.2,31.195,20.36864882192659,West,Central,Other
TRIP_00147,Lajpat Nagar,Model Town,16.71,Morning Peak,Weekday,Clear,Very High,Main Road,11.6,90.5,9.86,101.68356997971604,Other,North,Other
TRIP_00148,Vasant Kunj,Noida Sector 18,17.44,Evening Peak,Weekday,Heatwave,High,Highway,39.6,28.2,33.660000000000004,31.087344028520498,South,Other,South Delhi
TRIP_00149,Greater Kailash,AIIMS,3.26,Afternoon,Weekday,Fog,High,Main Road,12.6,16.1,10.709999999999999,18.263305322128854,South,Other,South Delhi
TRIP_00150,Saket,Dwarka,17.4,Morning Peak,Weekend,Clear,High,Highway,39.2,27.2,33.32,31.33253301320528,South,West,South Delhi
TRIP_00151,Rohini,Preet Vihar,25.98,Evening Peak,Weekday,Clear,Low,Highway,78.6,19.7,66.80999999999999,23.33183655141446,North,Other,North Delhi
TRIP_00152,Noida Sector 18,Karol Bagh,16.06,Morning Peak,Weekday,Rain,High,Main Road,17.7,54.5,15.044999999999998,64.04785643070788,Other,Central,Other
TRIP_00153,Dwarka,Vasant Kunj,13.52,Evening Peak,Weekday,Clear,Medium,Main Road,29.3,27.4,24.905,32.571772736398316,West,South,West Delhi
TRIP_00154,Dwarka,Shahdara,25.37,Afternoon,Weekday,Fog,Medium,Highway,36.2,42.8,30.770000000000003,49.47026324341891,West,Other,West Delhi
TRIP_00155,Rohini,AIIMS,25.2,Evening Peak,Weekend,Rain,High,Main Road,15.6,98.9,13.26,114.02714932126696,North,Other,North Delhi
TRIP_00156,Preet Vihar,Civil Lines,7.88,Morning Peak,Weekday,Clear,High,Inner Road,12.0,41.0,10.2,46.35294117647059,Other,Other,Other
TRIP_00157,Preet Vihar,IGI Airport,21.04,Afternoon,Weekday,Heatwave,Very High,Highway,20.3,71.8,17.255,73.1614024920313,Other,Other,Other
TRIP_00158,Connaught Place,Greater Kailash,9.57,Evening Peak,Weekend,Rain,Low,Main Road,28.7,19.6,24.395,23.53761016601763,Central,South,Central Delhi
TRIP_00159,Nehru Place,Connaught Place,9.83,Afternoon,Weekday,Clear,High,Main Road,29.0,21.5,24.65,23.926977687626778,Other,Central,Other
TRIP_00160,Janakpuri,Preet Vihar,20.09,Night,Weekday,Fog,Low,Main Road,32.1,39.1,27.285,44.178119846069265,West,Other,West Delhi
TRIP_00161,Nehru Place,Civil Lines,14.85,Afternoon,Weekday,Rain,Medium,Inner Road,16.8,52.1,14.28,62.39495798319328,Other,Other,Other
TRIP_00162,Dwarka,Chandni Chowk,19.18,Morning Peak,Weekend,Fog,Medium,Inner Road,14.9,75.8,12.665,90.86458744571655,West,Central,West Delhi
TRIP_00163,Dwarka,Civil Lines,20.04,Night,Weekday,Heatwave,Low,Highway,71.0,16.6,60.35,19.92377796188898,West,Other,West Delhi
TRIP_00164,Pitampura,Karol Bagh,8.11,Evening Peak,Weekday,Clear,Very High,Main Road,9.6,49.4,8.16,59.632352941176464,North,Central,Other
TRIP_00165,Nehru Place,IGI Airport,14.99,Morning Peak,Weekday,Clear,High,Highway,38.6,23.7,32.81,27.412374276135324,Other,Other,Other
TRIP_00166,Model Town,Saket,21.24,Evening Peak,Weekday,Rain,High,Highway,23.2,55.5,19.72,64.62474645030426,North,South,North Delhi
TRIP_00167,Vasant Kunj,AIIMS,7.41,Evening Peak,Weekday,Fog,Low,Main Road,24.6,18.0,20.91,21.262553802008608,South,Other,South Delhi
TRIP_00168,IGI Airport,Vasant Kunj,6.9,Evening Peak,Weekday,Fog,Very High,Main Road,4.8,86.5,4.08,101.47058823529412,Other,South,Other
TRIP_00169,Pitampura,Greater Kailash,20.1,Evening Peak,Weekday,Clear,High,Highway,41.0,29.5,34.85,34.60545193687231,North,South,Other
TRIP_00170,Hauz Khas,Pitampura,18.42,Evening Peak,Weekend,Heatwave,High,Highway,38.1,28.8,32.385,34.126910606762394,Other,North,Other
TRIP_00171,Lajpat Nagar,Greater Kailash,2.6,Evening Peak,Weekday,Clear,High,Main Road,28.5,6.6,24.224999999999998,6.439628482972137,Other,South,Other
TRIP_00172,AIIMS,Saket,4.77,Morning Peak,Weekday,Rain,Very High,Inner Road,4.8,60.6,4.08,70.1470588235294,Other,South,Other
TRIP_00173,Shahdara,Dwarka,25.37,Afternoon,Weekend,Rain,Low,Highway,44.8,35.3,38.08,39.97373949579833,Other,West,Other
TRIP_00174,Hauz Khas,Civil Lines,14.76,Morning Peak,Weekend,Clear,High,Main Road,21.6,40.2,18.36,48.23529411764706,Other,Other,Other
TRIP_00175,Shahdara,Nehru Place,14.22,Evening Peak,Weekday,Clear,Very High,Main Road,11.1,78.7,9.434999999999999,90.42925278219397,Other,Other,Other
TRIP_00176,Civil Lines,Karol Bagh,4.62,Morning Peak,Weekday,Heatwave,High,Main Road,21.6,13.2,18.36,15.098039215686274,Other,Central,Other
TRIP_00177,Okhla,Greater Kailash,4.03,Evening Peak,Weekday,Clear,Very High,Inner Road,8.3,28.9,7.055000000000001,34.27356484762579,Other,South,Other
TRIP_00178,Kalkaji,Preet Vihar,12.39,Morning Peak,Weekend,Rain,Medium,Highway,31.8,24.3,27.03,27.502774694783575,South,Other,South Delhi
TRIP_00179,Preet Vihar,Rajouri Garden,16.6,Morning Peak,Weekday,Clear,Very High,Main Road,9.5,105.6,8.075,123.34365325077401,Other,West,Other
TRIP_00180,Connaught Place,Noida Sector 18,12.67,Evening Peak,Weekday,Clear,Medium,Main Road,42.4,17.7,36.04,21.09322974472808,Central,Other,Central Delhi
TRIP_00181,Lajpat Nagar,Connaught Place,7.13,Evening Peak,Weekend,Clear,Medium,Inner Road,23.1,19.2,19.635,21.787624140565317,Other,Central,Other
TRIP_00182,Karol Bagh,Janakpuri,10.56,Afternoon,Weekday,Clear,High,Main Road,26.5,24.8,22.525,28.128745837957826,Central,West,Central Delhi
TRIP_00183,Okhla,Pitampura,23.54,Evening Peak,Weekend,Clear,High,Highway,36.3,40.5,30.854999999999997,45.775401069518715,Other,North,Other
TRIP_00184,Saket,Vasant Kunj,4.88,Afternoon,Weekday,Clear,High,Main Road,26.3,11.4,22.355,13.097740997539699,South,South,South Delhi
TRIP_00185,Shahdara,Rohini,24.21,Morning Peak,Weekday,Clear,High,Highway,41.4,34.9,35.19,41.27877237851663,Other,North,Other
TRIP_00186,Model Town,Shahdara,10.5,Morning Peak,Weekday,Rain,Very High,Highway,12.0,59.2,10.2,61.76470588235295,North,Other,North Delhi
TRIP_00187,Connaught Place,Rajouri Garden,9.35,Afternoon,Weekday,Fog,High,Main Road,11.3,51.0,9.605,58.4070796460177,Central,West,Central Delhi
TRIP_00188,Chandni Chowk,Civil Lines,3.35,Afternoon,Weekend,Clear,Medium,Inner Road,14.5,14.6,12.325,16.308316430020284,Central,Other,Central Delhi
TRIP_00189,Greater Kailash,Preet Vihar,11.95,Evening Peak,Weekend,Fog,Low,Main Road,22.1,32.8,18.785,38.168751663561345,South,Other,South Delhi
TRIP_00190,Kalkaji,Janakpuri,18.68,Night,Weekday,Rain,Low,Inner Road,27.2,42.9,23.119999999999997,48.477508650519034,South,West,South Delhi
TRIP_00191,Mayur Vihar,Kalkaji,9.67,Evening Peak,Weekend,Clear,Low,Main Road,40.5,15.1,34.425,16.854030501089326,Other,South,Other
TRIP_00192,Civil Lines,Model Town,5.0,Evening Peak,Weekday,Fog,Medium,Inner Road,7.7,45.2,6.545,45.836516424751714,Other,North,Other
TRIP_00193,Connaught Place,Lajpat Nagar,7.13,Morning Peak,Weekday,Rain,High,Highway,29.9,14.9,25.415,16.832579185520363,Central,Other,Central Delhi
TRIP_00194,Shahdara,Saket,18.39,Night,Weekday,Rain,Low,Main Road,34.2,33.1,29.07,37.95665634674923,Other,South,Other
TRIP_00195,Nehru Place,Connaught Place,9.83,Morning Peak,Weekday,Clear,Very High,Main Road,11.6,53.3,9.86,59.81744421906694,Other,Central,Other
TRIP_00196,Nehru Place,Vasant Kunj,9.97,Evening Peak,Weekday,Clear,High,Main Road,20.4,30.7,17.34,34.49826989619377,Other,South,Other
TRIP_00197,Karol Bagh,Model Town,7.02,Afternoon,Weekday,Clear,Low,Main Road,54.9,7.5,46.665,9.026036644165863,Central,North,Central Delhi
TRIP_00198,Vasant Kunj,Greater Kailash,8.11,Morning Peak,Weekday,Fog,High,Main Road,16.3,31.3,13.855,35.12089498376037,South,South,South Delhi
TRIP_00199,Nehru Place,Lajpat Nagar,2.8,Night,Weekend,Clear,Low,Inner Road,37.9,5.0,32.214999999999996,5.214961974235605,Other,Other,Other
TRIP_00200,Noida Sector 18,Punjabi Bagh,21.94,Morning Peak,Weekday,Clear,Medium,Highway,54.4,24.1,46.239999999999995,28.468858131487895,Other,West,Other
TRIP_00201,Nehru Place,Civil Lines,14.85,Morning Peak,Weekend,Clear,Medium,Main Road,29.7,30.1,25.244999999999997,35.294117647058826,Other,Other,Other
TRIP_00202,Pitampura,Lajpat Nagar,18.08,Afternoon,Weekday,Clear,Medium,Main Road,40.9,27.6,34.765,31.203796922191856,North,Other,Other
TRIP_00203,Rajouri Garden,Nehru Place,16.77,Evening Peak,Weekday,Heatwave,High,Inner Road,15.3,64.8,13.005,77.37024221453287,West,Other,Other
TRIP_00204,AIIMS,Saket,4.77,Evening Peak,Weekday,Rain,Very High,Main Road,9.0,33.3,7.6499999999999995,37.411764705882355,Other,South,Other
TRIP_00205,Punjabi Bagh,Hauz Khas,14.84,Evening Peak,Weekday,Clear,Very High,Main Road,11.0,84.6,9.35,95.22994652406418,West,Other,West Delhi
TRIP_00206,Civil Lines,Greater Kailash,14.87,Morning Peak,Weekday,Rain,High,Inner Road,11.4,80.2,9.69,92.07430340557276,Other,South,Other
TRIP_00207,Greater Kailash,Model Town,19.14,Evening Peak,Weekday,Heatwave,Very High,Highway,18.7,67.6,15.895,72.24913494809688,South,North,South Delhi
TRIP_00208,Nehru Place,Kalkaji,1.51,Morning Peak,Weekend,Clear,High,Inner Road,13.6,7.1,11.559999999999999,7.837370242214533,Other,South,Other
TRIP_00209,Shahdara,Kalkaji,15.71,Night,Weekend,Fog,Medium,Main Road,17.8,54.6,15.13,62.30006609385327,Other,South,Other
TRIP_00210,Karol Bagh,Noida Sector 18,16.06,Afternoon,Weekday,Clear,Low,Main Road,54.9,17.1,46.665,20.649308903889423,Central,Other,Central Delhi
TRIP_00211,Shahdara,Hauz Khas,16.26,Morning Peak,Weekend,Clear,Very High,Main Road,13.1,78.7,11.135,87.61562640323307,Other,Other,Other
TRIP_00212,AIIMS,Rajouri Garden,12.31,Evening Peak,Weekday,Rain,High,Highway,22.4,33.4,19.04,38.79201680672269,Other,West,Other
TRIP_00213,Pitampura,Greater Kailash,20.1,Morning Peak,Weekday,Rain,Low,Main Road,40.1,30.8,34.085,35.38213290303653,North,South,Other
TRIP_00214,AIIMS,Civil Lines,12.66,Morning Peak,Weekend,Clear,Medium,Inner Road,27.4,27.0,23.29,32.61485616144268,Other,Other,Other
TRIP_00215,Rohini,Preet Vihar,25.98,Morning Peak,Weekday,Heatwave,Very High,Main Road,13.6,116.5,11.559999999999999,134.84429065743947,North,Other,North Delhi
TRIP_00216,Mayur Vihar,AIIMS,9.79,Afternoon,Weekend,Rain,High,Main Road,17.8,33.8,15.13,38.8235294117647,Other,Other,Other
TRIP_00217,Dwarka,IGI Airport,6.61,Afternoon,Weekday,Clear,Medium,Main Road,44.5,9.2,37.824999999999996,10.48512888301388,West,Other,West Delhi
TRIP_00218,AIIMS,Hauz Khas,2.2,Morning Peak,Weekday,Clear,High,Highway,31.4,4.4,26.689999999999998,4.9456725365305365,Other,Other,Other
TRIP_00219,Model Town,Rohini,13.8,Morning Peak,Weekday,Clear,High,Main Road,16.7,52.1,14.194999999999999,58.33039802747447,North,North,North Delhi
TRIP_00220,Vasant Kunj,Greater Kailash,8.11,Afternoon,Weekday,Clear,Low,Main Road,54.2,9.4,46.07,10.562187974820924,South,South,South Delhi
TRIP_00221,Vasant Kunj,IGI Airport,6.9,Evening Peak,Weekday,Rain,Very High,Highway,11.8,35.4,10.030000000000001,41.27617148554337,South,Other,South Delhi
TRIP_00222,Lajpat Nagar,Greater Kailash,2.6,Morning Peak,Weekday,Clear,Very High,Inner Road,8.6,17.6,7.31,21.340629274965803,Other,South,Other
TRIP_00223,Chandni Chowk,IGI Airport,16.54,Morning Peak,Weekend,Clear,High,Main Road,24.7,41.1,20.994999999999997,47.26839723743749,Central,Other,Central Delhi
TRIP_00224,Model Town,Connaught Place,9.58,Afternoon,Weekday,Rain,Medium,Main Road,27.9,21.1,23.715,24.237824161922834,North,Central,North Delhi
TRIP_00225,Rajouri Garden,AIIMS,12.31,Morning Peak,Weekday,Clear,High,Main Road,24.9,31.4,21.165,34.89723600283487,West,Other,Other
TRIP_00226,Nehru Place,Preet Vihar,10.93,Morning Peak,Weekday,Clear,Low,Highway,75.6,9.0,64.25999999999999,10.205415499533148,Other,Other,Other
TRIP_00227,Kalkaji,AIIMS,5.39,Evening Peak,Weekday,Clear,High,Inner Road,14.5,22.4,12.325,26.239350912778907,South,Other,South Delhi
TRIP_00228,Mayur Vihar,Civil Lines,10.05,Evening Peak,Weekday,Heatwave,Low,Highway,57.2,10.7,48.620000000000005,12.402303578774166,Other,Other,Other
TRIP_00229,Saket,Lajpat Nagar,5.89,Morning Peak,Weekend,Clear,Low,Highway,80.5,4.8,68.425,5.164778955060285,South,Other,South Delhi
TRIP_00230,Model Town,Punjabi Bagh,7.93,Evening Peak,Weekday,Clear,High,Inner Road,13.4,34.9,11.39,41.77348551360843,North,West,North Delhi
TRIP_00231,IGI Airport,Noida Sector 18,22.12,Afternoon,Weekend,Clear,Low,Highway,69.2,18.6,58.82,22.563753825229515,Other,Other,Other
TRIP_00232,Chandni Chowk,Greater Kailash,11.55,Morning Peak,Weekend,Clear,Very High,Highway,21.9,33.0,18.615,37.22804190169219,Central,South,Central Delhi
TRIP_00233,Preet Vihar,Civil Lines,7.88,Morning Peak,Weekday,Heatwave,Very High,Inner Road,8.0,58.2,6.8,69.52941176470588,Other,Other,Other
TRIP_00234,AIIMS,Rajouri Garden,12.31,Afternoon,Weekend,Rain,Low,Main Road,35.4,21.8,30.089999999999996,24.546360917248258,Other,West,Other
TRIP_00235,Connaught Place,Noida Sector 18,12.67,Night,Weekday,Fog,Low,Main Road,28.8,26.4,24.48,31.053921568627448,Central,Other,Central Delhi
TRIP_00236,Rajouri Garden,Saket,15.91,Evening Peak,Weekday,Heatwave,Very High,Inner Road,8.1,120.7,6.885,138.64923747276688,West,South,Other
TRIP_00237,Chandni Chowk,Mayur Vihar,7.47,Morning Peak,Weekday,Clear,Medium,Main Road,33.4,14.2,28.389999999999997,15.787249031349068,Central,Other,Central Delhi
TRIP_00238,Civil Lines,Mayur Vihar,10.05,Afternoon,Weekend,Clear,Medium,Highway,50.9,11.9,43.265,13.937362764359182,Other,Other,Other
TRIP_00239,Noida Sector 18,Rajouri Garden,21.63,Evening Peak,Weekend,Heatwave,Medium,Main Road,38.8,35.3,32.98,39.351121892055794,Other,West,Other
TRIP_00240,Nehru Place,Lajpat Nagar,2.8,Evening Peak,Weekday,Fog,Very High,Main Road,7.8,21.9,6.63,25.339366515837103,Other,Other,Other
TRIP_00241,AIIMS,Civil Lines,12.66,Evening Peak,Weekend,Clear,Very High,Main Road,12.9,61.5,10.965,69.2749658002736,Other,Other,Other
TRIP_00242,Rohini,Noida Sector 18,33.01,Afternoon,Weekend,Heatwave,Low,Inner Road,15.6,123.7,13.26,149.3665158371041,North,Other,North Delhi
TRIP_00243,Saket,Connaught Place,11.95,Morning Peak,Weekday,Heatwave,Very High,Main Road,13.8,50.9,11.73,61.125319693094625,South,Central,South Delhi
TRIP_00244,Karol Bagh,Chandni Chowk,3.94,Morning Peak,Weekday,Clear,High,Inner Road,15.5,16.7,13.174999999999999,17.94307400379507,Central,Central,Central Delhi
TRIP_00245,Hauz Khas,Model Town,18.43,Evening Peak,Weekday,Fog,High,Main Road,10.8,105.5,9.18,120.45751633986927,Other,North,Other
TRIP_00246,Karol Bagh,Lajpat Nagar,10.19,Afternoon,Weekday,Clear,Medium,Highway,60.1,10.4,51.085,11.968288147205637,Central,Other,Central Delhi
TRIP_00247,Preet Vihar,Greater Kailash,11.95,Morning Peak,Weekday,Fog,Medium,Main Road,23.3,32.1,19.805,36.20297904569553,Other,South,Other
TRIP_00248,Okhla,Punjabi Bagh,20.5,Morning Peak,Weekday,Fog,Very High,Highway,10.0,127.9,8.5,144.70588235294116,Other,West,Other
TRIP_00249,AIIMS,Shahdara,14.08,Evening Peak,Weekend,Rain,Medium,Main Road,19.1,46.0,16.235,52.03572528487835,Other,Other,Other
TRIP_00250,Greater Kailash,Hauz Khas,3.32,Evening Peak,Weekday,Clear,High,Inner Road,8.9,25.9,7.565,26.331791143423658,South,Other,South Delhi
TRIP_00251,Karol Bagh,Preet Vihar,10.02,Evening Peak,Weekend,Heatwave,Medium,Highway,63.9,10.2,54.315,11.068765534382766,Central,Other,Central Delhi
TRIP_00252,Noida Sector 18,IGI Airport,22.12,Evening Peak,Weekday,Clear,Very High,Highway,16.5,82.9,14.025,94.63101604278074,Other,Other,Other
TRIP_00253,Nehru Place,Greater Kailash,1.9,Afternoon,Weekday,Heatwave,Low,Inner Road,24.3,5.3,20.655,5.519244734931009,Other,South,Other
TRIP_00254,Rohini,Preet Vihar,25.98,Morning Peak,Weekend,Clear,Medium,Highway,60.4,27.1,51.339999999999996,30.362290611608884,North,Other,North Delhi
TRIP_00255,Greater Kailash,Connaught Place,9.57,Evening Peak,Weekend,Clear,Medium,Inner Road,13.9,48.9,11.815,48.59923825645366,South,Central,South Delhi
TRIP_00256,Greater Kailash,AIIMS,3.26,Evening Peak,Weekday,Clear,Very High,Inner Road,8.7,22.0,7.395,26.450304259634887,South,Other,South Delhi
TRIP_00257,Preet Vihar,Saket,15.46,Night,Weekend,Rain,High,Highway,28.2,34.6,23.97,38.698372966207764,Other,South,Other
TRIP_00258,Pitampura,Dwarka,15.04,Morning Peak,Weekday,Fog,High,Highway,17.6,53.7,14.96,60.32085561497325,North,West,Other
TRIP_00259,Janakpuri,Civil Lines,14.89,Evening Peak,Weekday,Clear,Low,Highway,83.3,10.7,70.80499999999999,12.61775298354636,West,Other,West Delhi
TRIP_00260,Civil Lines,Model Town,5.0,Morning Peak,Weekday,Heatwave,Very High,Highway,21.2,14.7,18.02,16.64816870144284,Other,North,Other
TRIP_00261,Greater Kailash,Dwarka,19.04,Evening Peak,Weekday,Heatwave,Very High,Main Road,8.8,132.7,7.48,152.72727272727272,South,West,South Delhi
TRIP_00262,AIIMS,Saket,4.77,Afternoon,Weekday,Rain,Medium,Inner Road,10.8,27.2,9.18,31.17647058823529,Other,South,Other
TRIP_00263,Noida Sector 18,Janakpuri,23.96,Afternoon,Weekday,Heatwave,Medium,Main Road,28.3,53.0,24.055,59.763043026397845,Other,West,Other
TRIP_00264,Hauz Khas,Noida Sector 18,12.51,Evening Peak,Weekday,Clear,Very High,Main Road,14.6,55.6,12.41,60.483481063658346,Other,Other,Other
TRIP_00265,Hauz Khas,Karol Bagh,11.44,Morning Peak,Weekday,Rain,Medium,Highway,44.0,15.9,37.4,18.35294117647059,Other,Central,Other
TRIP_00266,Rohini,Vasant Kunj,27.39,Afternoon,Weekday,Clear,High,Inner Road,18.0,90.5,15.299999999999999,107.41176470588236,North,South,North Delhi
TRIP_00267,Civil Lines,Dwarka,20.04,Night,Weekend,Rain,Very High,Highway,11.8,116.0,10.030000000000001,119.88035892323029,Other,West,Other
TRIP_00268,Hauz Khas,Dwarka,15.78,Evening Peak,Weekday,Clear,Very High,Highway,23.2,41.0,19.72,48.01217038539554,Other,West,Other
TRIP_00269,Dwarka,Civil Lines,20.04,Morning Peak,Weekday,Fog,Very High,Main Road,7.8,161.1,6.63,181.3574660633484,West,Other,West Delhi
TRIP_00270,Janakpuri,Mayur Vihar,20.24,Morning Peak,Weekend,Clear,Medium,Main Road,30.2,40.5,25.669999999999998,47.30814179976626,West,Other,West Delhi
TRIP_00271,Preet Vihar,Janakpuri,20.09,Night,Weekday,Heatwave,High,Highway,35.7,36.5,30.345000000000002,39.72318339100346,Other,West,Other
TRIP_00272,Rohini,Punjabi Bagh,11.6,Afternoon,Weekday,Rain,Very High,Highway,11.9,61.2,10.115,68.80869995056845,North,West,North Delhi
TRIP_00273,Preet Vihar,Kalkaji,12.39,Morning Peak,Weekday,Clear,Low,Highway,67.7,10.9,57.545,12.918585454861413,Other,South,Other
TRIP_00274,Saket,Mayur Vihar,13.17,Evening Peak,Weekday,Clear,Very High,Highway,19.0,43.5,16.15,48.92879256965945,South,Other,South Delhi
TRIP_00275,Shahdara,Dwarka,25.37,Evening Peak,Weekend,Clear,Medium,Highway,52.1,28.4,44.285,34.37281246471718,Other,West,Other
TRIP_00276,Dwarka,Civil Lines,20.04,Evening Peak,Weekday,Clear,Very High,Highway,21.0,57.4,17.849999999999998,67.36134453781513,West,Other,West Delhi
TRIP_00277,Karol Bagh,Punjabi Bagh,6.08,Afternoon,Weekday,Clear,Low,Highway,78.8,4.7,66.97999999999999,5.446401911018215,Central,West,Central Delhi
TRIP_00278,Saket,Pitampura,21.25,Morning Peak,Weekday,Clear,High,Main Road,17.6,72.3,14.96,85.22727272727272,South,North,South Delhi
TRIP_00279,Dwarka,Civil Lines,20.04,Afternoon,Weekend,Rain,High,Main Road,14.1,83.7,11.985,100.32540675844805,West,Other,West Delhi
TRIP_00280,Chandni Chowk,AIIMS,9.5,Afternoon,Weekday,Fog,Medium,Highway,29.2,21.8,24.82,22.96535052377115,Central,Other,Central Delhi
TRIP_00281,Nehru Place,Punjabi Bagh,17.83,Night,Weekday,Clear,Medium,Highway,62.7,16.7,53.295,20.073177596397407,Other,West,Other
TRIP_00282,Noida Sector 18,Rajouri Garden,21.63,Afternoon,Weekend,Fog,Medium,Main Road,20.0,67.0,17.0,76.34117647058822,Other,West,Other
TRIP_00283,Noida Sector 18,Model Town,20.73,Morning Peak,Weekday,Clear,High,Highway,31.1,41.5,26.435000000000002,47.05125780215623,Other,North,Other
TRIP_00284,Preet Vihar,IGI Airport,21.04,Afternoon,Weekday,Clear,Medium,Highway,62.2,23.9,52.870000000000005,23.877435218460374,Other,Other,Other
TRIP_00285,Connaught Place,Chandni Chowk,2.54,Evening Peak,Weekday,Clear,High,Inner Road,14.2,10.8,12.069999999999999,12.626346313173158,Central,Central,Central Delhi
TRIP_00286,Civil Lines,Hauz Khas,14.76,Morning Peak,Weekend,Rain,Very High,Highway,12.4,73.6,10.54,84.02277039848198,Other,Other,Other
TRIP_00287,Karol Bagh,Noida Sector 18,16.06,Evening Peak,Weekday,Clear,High,Inner Road,19.0,52.1,16.15,59.6656346749226,Central,Other,Central Delhi
TRIP_00288,Lajpat Nagar,Connaught Place,7.13,Afternoon,Weekday,Clear,Medium,Main Road,33.3,14.6,28.304999999999996,15.113937466878646,Other,Central,Other
TRIP_00289,Punjabi Bagh,Civil Lines,9.27,Afternoon,Weekday,Clear,Medium,Main Road,45.9,14.2,39.015,14.2560553633218,West,Other,West Delhi
TRIP_00290,Greater Kailash,Noida Sector 18,9.35,Night,Weekday,Heatwave,High,Highway,36.6,15.0,31.11,18.0327868852459,South,Other,South Delhi
TRIP_00291,Nehru Place,Saket,5.32,Morning Peak,Weekday,Clear,High,Highway,39.1,8.5,33.235,9.604332781706033,Other,South,Other
TRIP_00292,IGI Airport,Janakpuri,7.4,Evening Peak,Weekday,Clear,High,Inner Road,8.3,55.2,7.055000000000001,62.93408929836995,Other,West,Other
TRIP_00293,Rohini,Civil Lines,18.15,Evening Peak,Weekday,Rain,High,Main Road,16.5,67.5,14.025,77.6470588235294,North,Other,North Delhi
TRIP_00294,Karol Bagh,Saket,14.26,Night,Weekday,Clear,High,Main Road,27.7,31.6,23.544999999999998,36.3389254618815,Central,South,Central Delhi
TRIP_00295,Noida Sector 18,Preet Vihar,8.57,Afternoon,Weekday,Clear,Medium,Main Road,43.8,12.3,37.23,13.811442385173248,Other,Other,Other
TRIP_00296,Hauz Khas,Model Town,18.43,Evening Peak,Weekday,Rain,High,Main Road,13.4,86.4,11.39,97.08516242317823,Other,North,Other
TRIP_00297,Nehru Place,Okhla,2.67,Evening Peak,Weekday,Rain,High,Inner Road,7.8,21.5,6.63,24.16289592760181,Other,Other,Other
TRIP_00298,Chandni Chowk,Connaught Place,2.54,Morning Peak,Weekday,Clear,Medium,Inner Road,25.3,7.1,21.505,7.08672401767031,Central,Central,Central Delhi
TRIP_00299,Janakpuri,Rajouri Garden,4.38,Evening Peak,Weekend,Heatwave,High,Main Road,24.5,11.1,20.825,12.619447779111646,West,West,West Delhi
TRIP_00300,Rajouri Garden,Shahdara,16.5,Afternoon,Weekend,Clear,Medium,Highway,55.4,18.4,47.089999999999996,21.0235718836271,West,Other,Other
TRIP_00301,Kalkaji,Karol Bagh,14.25,Evening Peak,Weekday,Rain,High,Main Road,18.7,44.6,15.895,53.79050015728217,South,Central,South Delhi
TRIP_00302,Greater Kailash,Pitampura,20.1,Evening Peak,Weekday,Clear,High,Highway,29.5,40.7,25.075,48.095712861415755,South,North,South Delhi
TRIP_00303,Hauz Khas,Rajouri Garden,13.23,Afternoon,Weekend,Clear,Medium,Main Road,45.0,18.3,38.25,20.75294117647059,Other,West,Other
TRIP_00304,Rajouri Garden,Rohini,13.1,Evening Peak,Weekday,Heatwave,High,Main Road,20.1,38.2,17.085,46.005267778753286,West,North,Other
TRIP_00305,Preet Vihar,IGI Airport,21.04,Morning Peak,Weekend,Fog,High,Highway,18.2,69.3,15.469999999999999,81.60310277957338,Other,Other,Other
TRIP_00306,Hauz Khas,Okhla,7.23,Evening Peak,Weekday,Clear,Very High,Inner Road,8.0,59.0,6.8,63.794117647058826,Other,Other,Other
TRIP_00307,Chandni Chowk,Saket,14.23,Afternoon,Weekday,Clear,Medium,Main Road,41.6,20.9,35.36,24.145927601809955,Central,South,Central Delhi
TRIP_00308,Greater Kailash,AIIMS,3.26,Morning Peak,Weekday,Clear,Very High,Main Road,10.5,18.4,8.924999999999999,21.915966386554622,South,Other,South Delhi
TRIP_00309,Pitampura,Chandni Chowk,11.29,Morning Peak,Weekday,Clear,High,Main Road,25.8,26.4,21.93,30.889192886456907,North,Central,Other
TRIP_00310,Connaught Place,Okhla,12.39,Evening Peak,Weekday,Fog,High,Highway,21.2,34.1,18.02,41.254162042175366,Central,Other,Central Delhi
TRIP_00311,Civil Lines,Punjabi Bagh,9.27,Afternoon,Weekend,Clear,Very High,Main Road,9.7,59.1,8.245,67.45906610066707,Other,West,Other
TRIP_00312,Vasant Kunj,Greater Kailash,8.11,Evening Peak,Weekday,Heatwave,Very High,Main Road,13.2,38.1,11.219999999999999,43.36898395721926,South,South,South Delhi
TRIP_00313,Greater Kailash,Nehru Place,1.9,Afternoon,Weekend,Fog,High,Inner Road,8.2,14.1,6.969999999999999,16.355810616929702,South,Other,South Delhi
TRIP_00314,Karol Bagh,Janakpuri,10.56,Evening Peak,Weekday,Clear,High,Main Road,27.9,22.2,23.715,26.717267552182165,Central,West,Central Delhi
TRIP_00315,Mayur Vihar,Civil Lines,10.05,Afternoon,Weekend,Clear,Medium,Highway,55.1,11.0,46.835,12.874986655279173,Other,Other,Other
TRIP_00316,Janakpuri,Rohini,14.51,Morning Peak,Weekday,Clear,Medium,Highway,56.7,15.8,48.195,18.06411453470277,West,North,West Delhi
TRIP_00317,Pitampura,Karol Bagh,8.11,Evening Peak,Weekday,Clear,Very High,Inner Road,7.7,65.7,6.545,74.34682964094728,North,Central,Other
TRIP_00318,Saket,Model Town,21.24,Evening Peak,Weekend,Clear,Low,Highway,80.5,15.6,68.425,18.62477164778955,South,North,South Delhi
TRIP_00319,Hauz Khas,Punjabi Bagh,14.84,Morning Peak,Weekday,Clear,Very High,Main Road,12.4,71.6,10.54,84.47817836812145,Other,West,Other
TRIP_00320,Pitampura,AIIMS,17.0,Afternoon,Weekday,Clear,Medium,Main Road,43.5,24.3,36.975,27.586206896551722,North,Other,Other
TRIP_00321,Karol Bagh,Rajouri Garden,6.66,Afternoon,Weekend,Rain,High,Main Road,17.9,23.5,15.214999999999998,26.263555701610255,Central,West,Central Delhi
TRIP_00322,Connaught Place,Shahdara,8.44,Evening Peak,Weekday,Clear,Very High,Inner Road,8.2,64.5,6.969999999999999,72.65423242467719,Central,Other,Central Delhi
TRIP_00323,AIIMS,Hauz Khas,2.2,Evening Peak,Weekend,Rain,Medium,Main Road,23.9,5.6,20.314999999999998,6.497661826236772,Other,Other,Other
TRIP_00324,Chandni Chowk,Saket,14.23,Evening Peak,Weekend,Fog,Medium,Highway,31.8,27.1,27.03,31.58712541620422,Central,South,Central Delhi
TRIP_00325,Punjabi Bagh,Karol Bagh,6.08,Evening Peak,Weekend,Rain,Very High,Inner Road,6.9,55.1,5.865,62.19948849104859,West,Central,West Delhi
TRIP_00326,Rohini,Shahdara,24.21,Afternoon,Weekday,Clear,Medium,Inner Road,28.9,53.5,24.564999999999998,59.132912680643194,North,Other,North Delhi
TRIP_00327,Kalkaji,Rohini,30.48,Morning Peak,Weekday,Heatwave,Very High,Highway,15.2,116.8,12.92,141.54798761609908,South,North,South Delhi
TRIP_00328,Saket,Greater Kailash,3.66,Afternoon,Weekday,Clear,High,Inner Road,15.4,14.6,13.09,16.77616501145913,South,South,South Delhi
TRIP_00329,AIIMS,Noida Sector 18,11.33,Afternoon,Weekday,Rain,High,Main Road,16.1,44.2,13.685,49.674826452320055,Other,Other,Other
TRIP_00330,Hauz Khas,Chandni Chowk,11.65,Morning Peak,Weekday,Rain,Very High,Highway,11.6,61.2,9.86,70.89249492900609,Other,Central,Other
TRIP_00331,Noida Sector 18,Nehru Place,7.47,Morning Peak,Weekday,Rain,Very High,Main Road,6.7,68.4,5.695,78.70061457418788,Other,Other,Other
TRIP_00332,Shahdara,Chandni Chowk,6.2,Morning Peak,Weekday,Clear,Medium,Main Road,35.4,11.1,30.089999999999996,12.3629112662014,Other,Central,Other
TRIP_00333,Preet Vihar,Shahdara,3.56,Evening Peak,Weekend,Rain,Low,Inner Road,12.3,19.3,10.455,20.43041606886657,Other,Other,Other
TRIP_00334,Model Town,Kalkaji,20.77,Evening Peak,Weekend,Rain,Medium,Main Road,29.1,44.4,24.735,50.382049727107336,North,South,North Delhi
TRIP_00335,Nehru Place,Rohini,29.42,Morning Peak,Weekday,Rain,High,Highway,31.7,54.7,26.945,65.51122657264798,Other,North,Other
TRIP_00336,Kalkaji,IGI Airport,15.01,Afternoon,Weekday,Heatwave,Medium,Main Road,38.7,22.9,32.895,27.37802097583219,South,Other,South Delhi
TRIP_00337,Punjabi Bagh,Hauz Khas,14.84,Night,Weekday,Clear,Low,Inner Road,18.4,47.0,15.639999999999999,56.93094629156011,West,Other,West Delhi
TRIP_00338,Pitampura,Chandni Chowk,11.29,Evening Peak,Weekday,Clear,Very High,Highway,17.3,41.4,14.705,46.06596395783747,North,Central,Other
TRIP_00339,Dwarka,Rajouri Garden,9.64,Afternoon,Weekend,Clear,Low,Main Road,42.8,15.6,36.379999999999995,15.89884551951622,West,West,West Delhi
TRIP_00340,Lajpat Nagar,Chandni Chowk,8.98,Afternoon,Weekday,Clear,High,Main Road,29.5,18.9,25.075,21.487537387836493,Other,Central,Other
TRIP_00341,Karol Bagh,Janakpuri,10.56,Morning Peak,Weekday,Clear,Very High,Main Road,9.5,65.5,8.075,78.46439628482973,Central,West,Central Delhi
TRIP_00342,Nehru Place,Lajpat Nagar,2.8,Afternoon,Weekday,Clear,High,Inner Road,14.0,12.0,11.9,14.117647058823527,Other,Other,Other
TRIP_00343,Punjabi Bagh,Civil Lines,9.27,Afternoon,Weekday,Fog,Low,Main Road,31.3,18.1,26.605,20.905844766021424,West,Other,West Delhi
TRIP_00344,Shahdara,AIIMS,14.08,Morning Peak,Weekday,Clear,Very High,Highway,18.7,45.0,15.895,53.148788927335644,Other,Other,Other
TRIP_00345,Preet Vihar,AIIMS,11.51,Evening Peak,Weekday,Heatwave,Very High,Main Road,9.0,79.9,7.6499999999999995,90.27450980392157,Other,Other,Other
TRIP_00346,Mayur Vihar,Punjabi Bagh,17.1,Evening Peak,Weekday,Clear,Very High,Highway,16.9,61.7,14.364999999999998,71.423599025409,Other,West,Other
TRIP_00347,Dwarka,Shahdara,25.37,Evening Peak,Weekday,Clear,High,Highway,34.2,44.0,29.07,52.363261093911255,West,Other,West Delhi
TRIP_00348,Lajpat Nagar,Rajouri Garden,14.1,Night,Weekend,Rain,High,Main Road,16.6,53.0,14.110000000000001,59.95747696669028,Other,West,Other
TRIP_00349,AIIMS,Karol Bagh,9.61,Evening Peak,Weekday,Rain,Very High,Main Road,9.2,64.6,7.819999999999999,73.73401534526855,Other,Central,Other
TRIP_00350,Civil Lines,IGI Airport,18.43,Evening Peak,Weekday,Rain,High,Main Road,13.5,81.5,11.475,96.36601307189542,Other,Other,Other
TRIP_00351,Nehru Place,AIIMS,4.68,Night,Weekend,Fog,Low,Main Road,26.4,11.2,22.439999999999998,12.51336898395722,Other,Other,Other
TRIP_00352,Mayur Vihar,Connaught Place,7.89,Evening Peak,Weekday,Clear,Very High,Main Road,10.1,49.1,8.584999999999999,55.1426907396622,Other,Central,Other
TRIP_00353,IGI Airport,Hauz Khas,9.81,Afternoon,Weekday,Rain,Medium,Highway,35.7,16.4,30.345000000000002,19.39693524468611,Other,Other,Other
TRIP_00354,Karol Bagh,Nehru Place,12.97,Night,Weekday,Rain,Medium,Highway,46.9,17.4,39.864999999999995,19.5208829800577,Central,Other,Central Delhi
TRIP_00355,Model Town,Pitampura,5.98,Afternoon,Weekday,Rain,Medium,Main Road,24.8,15.6,21.08,17.020872865275145,North,North,North Delhi
TRIP_00356,Connaught Place,Pitampura,11.52,Afternoon,Weekend,Heatwave,Low,Highway,79.8,8.5,67.83,10.190181335692172,Central,North,Central Delhi
TRIP_00357,Mayur Vihar,Noida Sector 18,5.74,Afternoon,Weekday,Heatwave,Medium,Highway,45.8,7.7,38.93,8.846647829437453,Other,Other,Other
TRIP_00358,Rajouri Garden,Rohini,13.1,Morning Peak,Weekday,Heatwave,Very High,Main Road,13.1,62.1,11.135,70.58823529411765,West,North,Other
TRIP_00359,Punjabi Bagh,Kalkaji,18.89,Evening Peak,Weekday,Clear,Medium,Main Road,41.7,27.8,35.445,31.976301311891667,West,South,West Delhi
TRIP_00360,Okhla,AIIMS,7.2,Morning Peak,Weekday,Clear,Very High,Inner Road,8.2,54.1,6.969999999999999,61.97991391678624,Other,Other,Other
TRIP_00361,Saket,Vasant Kunj,4.88,Night,Weekday,Rain,Medium,Inner Road,18.8,16.0,15.98,18.32290362953692,South,South,South Delhi
TRIP_00362,Punjabi Bagh,Janakpuri,6.67,Afternoon,Weekday,Fog,High,Highway,21.2,18.5,18.02,22.20865704772475,West,West,West Delhi
TRIP_00363,Saket,Janakpuri,15.88,Evening Peak,Weekend,Rain,High,Main Road,14.7,67.5,12.495,76.25450180072029,South,West,South Delhi
TRIP_00364,Greater Kailash,Nehru Place,1.9,Morning Peak,Weekend,Clear,Low,Main Road,35.8,3.2,30.429999999999996,3.746302990469931,South,Other,South Delhi
TRIP_00365,Connaught Place,Karol Bagh,3.42,Morning Peak,Weekday,Heatwave,Very High,Main Road,14.0,16.0,11.9,17.243697478991596,Central,Central,Central Delhi
TRIP_00366,Preet Vihar,Punjabi Bagh,16.03,Evening Peak,Weekday,Heatwave,Very High,Highway,15.4,64.9,13.09,73.475935828877,Other,West,Other
TRIP_00367,Kalkaji,Noida Sector 18,8.19,Night,Weekday,Heatwave,Medium,Main Road,25.5,19.4,21.675,22.671280276816606,South,Other,South Delhi
TRIP_00368,Punjabi Bagh,Rajouri Garden,2.52,Afternoon,Weekend,Fog,Low,Main Road,27.0,5.5,22.95,6.588235294117647,West,West,West Delhi
TRIP_00369,Rohini,Okhla,32.09,Morning Peak,Weekday,Heatwave,Low,Highway,72.3,28.1,61.455,31.330241640224557,North,Other,North Delhi
TRIP_00370,Dwarka,Shahdara,25.37,Afternoon,Weekday,Clear,Medium,Highway,54.8,29.2,46.58,32.679261485616145,West,Other,West Delhi
TRIP_00371,Preet Vihar,Karol Bagh,10.02,Evening Peak,Weekday,Clear,Very High,Inner Road,8.3,76.4,7.055000000000001,85.21615875265768,Other,Central,Other
TRIP_00372,Janakpuri,Model Town,14.54,Afternoon,Weekend,Clear,Medium,Main Road,41.3,20.8,35.105,24.851160803304374,West,North,West Delhi
TRIP_00373,Hauz Khas,Noida Sector 18,12.51,Evening Peak,Weekday,Clear,Very High,Highway,21.3,35.8,18.105,41.45816072908036,Other,Other,Other
TRIP_00374,Okhla,Hauz Khas,7.23,Afternoon,Weekday,Clear,Low,Inner Road,38.7,11.6,32.895,13.187414500683994,Other,Other,Other
TRIP_00375,Greater Kailash,Noida Sector 18,9.35,Evening Peak,Weekend,Clear,High,Main Road,28.5,20.2,24.224999999999998,23.157894736842106,South,Other,South Delhi
TRIP_00376,Connaught Place,Rajouri Garden,9.35,Morning Peak,Weekend,Clear,High,Main Road,21.4,26.4,18.189999999999998,30.841121495327105,Central,West,Central Delhi
TRIP_00377,Preet Vihar,Noida Sector 18,8.57,Afternoon,Weekend,Heatwave,Low,Main Road,33.9,15.6,28.814999999999998,17.844872462259243,Other,Other,Other
TRIP_00378,Karol Bagh,Pitampura,8.11,Morning Peak,Weekday,Fog,Very High,Highway,9.5,54.0,8.075,60.26006191950464,Central,North,Central Delhi
TRIP_00379,Greater Kailash,Pitampura,20.1,Afternoon,Weekday,Heatwave,High,Main Road,25.4,47.1,21.59,55.85919407132933,South,North,South Delhi
TRIP_00380,Preet Vihar,Dwarka,24.67,Night,Weekday,Clear,Medium,Highway,64.5,25.6,54.824999999999996,26.99863201094392,Other,West,Other
TRIP_00381,Pitampura,Punjabi Bagh,3.98,Morning Peak,Weekday,Clear,Medium,Main Road,28.5,8.6,24.224999999999998,9.857585139318887,North,West,Other
TRIP_00382,AIIMS,Civil Lines,12.66,Afternoon,Weekday,Heatwave,High,Main Road,22.8,34.0,19.38,39.195046439628484,Other,Other,Other
TRIP_00383,Kalkaji,Saket,4.6,Evening Peak,Weekday,Clear,High,Main Road,23.0,12.7,19.55,14.117647058823527,South,South,South Delhi
TRIP_00384,AIIMS,Karol Bagh,9.61,Morning Peak,Weekday,Clear,Very High,Inner Road,7.8,74.4,6.63,86.96832579185521,Other,Central,Other
TRIP_00385,Chandni Chowk,Civil Lines,3.35,Evening Peak,Weekday,Fog,High,Main Road,14.5,14.3,12.325,16.308316430020284,Central,Other,Central Delhi
TRIP_00386,Karol Bagh,Shahdara,9.9,Night,Weekday,Heatwave,High,Inner Road,15.1,41.2,12.834999999999999,46.27970393455396,Central,Other,Central Delhi
TRIP_00387,Kalkaji,Karol Bagh,14.25,Afternoon,Weekday,Rain,High,Main Road,17.0,50.7,14.45,59.16955017301038,South,Central,South Delhi
TRIP_00388,Pitampura,IGI Airport,16.75,Morning Peak,Weekday,Clear,High,Main Road,22.9,45.1,19.465,51.63113280246597,North,Other,Other
TRIP_00389,Vasant Kunj,Karol Bagh,15.08,Evening Peak,Weekday,Clear,High,Highway,42.8,20.8,36.379999999999995,24.87080813633865,South,Central,South Delhi
TRIP_00390,Greater Kailash,Karol Bagh,12.43,Evening Peak,Weekday,Clear,High,Highway,30.2,26.1,25.669999999999998,29.053369692247763,South,Central,South Delhi
TRIP_00391,IGI Airport,Nehru Place,14.99,Evening Peak,Weekday,Rain,High,Highway,27.3,34.9,23.205,38.75888817065288,Other,Other,Other
TRIP_00392,Noida Sector 18,Karol Bagh,16.06,Afternoon,Weekday,Clear,High,Main Road,28.0,35.8,23.8,40.48739495798319,Other,Central,Other
TRIP_00393,Dwarka,Noida Sector 18,27.45,Afternoon,Weekday,Fog,Medium,Main Road,19.9,80.5,16.915,97.36919893585576,West,Other,West Delhi
TRIP_00394,Shahdara,Chandni Chowk,6.2,Evening Peak,Weekday,Fog,Very High,Main Road,8.1,47.6,6.885,54.03050108932462,Other,Central,Other
TRIP_00395,Dwarka,Noida Sector 18,27.45,Evening Peak,Weekday,Rain,Very High,Highway,10.3,158.2,8.755,188.1210736721873,West,Other,West Delhi
TRIP_00396,Lajpat Nagar,Okhla,5.46,Evening Peak,Weekday,Rain,High,Main Road,16.9,21.6,14.364999999999998,22.805429864253394,Other,Other,Other
TRIP_00397,Chandni Chowk,Mayur Vihar,7.47,Evening Peak,Weekday,Clear,Very High,Inner Road,7.6,61.0,6.46,69.38080495356037,Central,Other,Central Delhi
TRIP_00398,Rajouri Garden,Shahdara,16.5,Morning Peak,Weekday,Heatwave,Very High,Main Road,10.9,92.6,9.265,106.85375067458175,West,Other,Other
TRIP_00399,Preet Vihar,Saket,15.46,Afternoon,Weekday,Clear,Medium,Highway,51.4,18.2,43.69,21.231403067063404,Other,South,Other
TRIP_00400,Civil Lines,Rohini,18.15,Evening Peak,Weekday,Clear,High,Highway,38.7,28.8,32.895,33.105335157318734,Other,North,Other
TRIP_00401,Connaught Place,Dwarka,17.23,Evening Peak,Weekday,Clear,Very High,Highway,20.9,59.1,17.764999999999997,58.193076273571634,Central,West,Central Delhi
TRIP_00402,Preet Vihar,AIIMS,11.51,Afternoon,Weekday,Fog,Medium,Highway,31.6,21.8,26.86,25.71109456440804,Other,Other,Other
TRIP_00403,Preet Vihar,Nehru Place,10.93,Morning Peak,Weekday,Clear,High,Main Road,20.7,36.4,17.595,37.271952259164536,Other,Other,Other
TRIP_00404,Hauz Khas,Chandni Chowk,11.65,Evening Peak,Weekday,Clear,Very High,Main Road,10.0,68.3,8.5,82.23529411764706,Other,Central,Other
TRIP_00405,Dwarka,Preet Vihar,24.67,Evening Peak,Weekday,Clear,Very High,Highway,16.6,92.6,14.110000000000001,104.90432317505315,West,Other,West Delhi
TRIP_00406,Noida Sector 18,Okhla,6.92,Evening Peak,Weekday,Fog,High,Main Road,15.7,25.9,13.344999999999999,31.112776320719373,Other,Other,Other
TRIP_00407,Chandni Chowk,AIIMS,9.5,Afternoon,Weekday,Clear,Low,Main Road,36.2,16.6,30.770000000000003,18.524536886577835,Central,Other,Central Delhi
TRIP_00408,Shahdara,Noida Sector 18,12.02,Night,Weekday,Rain,Medium,Main Road,23.5,30.9,19.974999999999998,36.10513141426784,Other,Other,Other
TRIP_00409,Model Town,Rajouri Garden,10.2,Morning Peak,Weekday,Clear,High,Highway,42.2,14.3,35.870000000000005,17.06161137440758,North,West,North Delhi
TRIP_00410,Dwarka,Punjabi Bagh,11.86,Evening Peak,Weekday,Clear,Medium,Highway,45.4,15.6,38.589999999999996,18.44001036537963,West,West,West Delhi
TRIP_00411,Okhla,Pitampura,23.54,Evening Peak,Weekend,Clear,Medium,Highway,48.1,34.4,40.885,34.545676898618076,Other,North,Other
TRIP_00412,Civil Lines,Vasant Kunj,19.08,Afternoon,Weekday,Clear,High,Inner Road,11.8,95.8,10.030000000000001,114.13758723828512,Other,South,Other
TRIP_00413,AIIMS,Preet Vihar,11.51,Afternoon,Weekday,Fog,Medium,Main Road,23.5,34.8,19.974999999999998,34.57321652065082,Other,Other,Other
TRIP_00414,Vasant Kunj,Janakpuri,13.24,Evening Peak,Weekday,Clear,Very High,Highway,18.6,44.8,15.81,50.24667931688804,South,West,South Delhi
TRIP_00415,Punjabi Bagh,Mayur Vihar,17.1,Evening Peak,Weekend,Fog,Medium,Main Road,16.1,69.3,13.685,74.97259773474607,West,Other,West Delhi
TRIP_00416,Hauz Khas,Pitampura,18.42,Evening Peak,Weekday,Clear,Very High,Main Road,12.2,93.0,10.37,106.57666345226616,Other,North,Other
TRIP_00417,Preet Vihar,AIIMS,11.51,Morning Peak,Weekday,Fog,High,Highway,21.1,33.0,17.935000000000002,38.50571508224142,Other,Other,Other
TRIP_00418,Rajouri Garden,Janakpuri,4.38,Morning Peak,Weekday,Clear,High,Inner Road,13.4,22.6,11.39,23.072870939420543,West,West,Other
TRIP_00419,Kalkaji,Rohini,30.48,Morning Peak,Weekday,Clear,Very High,Highway,21.2,90.2,18.02,101.48723640399555,South,North,South Delhi
TRIP_00420,IGI Airport,Model Town,19.83,Evening Peak,Weekday,Heatwave,Very High,Highway,14.3,90.0,12.155000000000001,97.88564376799668,Other,North,Other
TRIP_00421,Nehru Place,Dwarka,20.8,Afternoon,Weekend,Rain,High,Highway,25.1,54.3,21.335,58.49543004452777,Other,West,Other
TRIP_00422,Rajouri Garden,Noida Sector 18,21.63,Afternoon,Weekday,Clear,Low,Highway,62.7,21.9,53.295,24.35125246270757,West,Other,Other
TRIP_00423,Civil Lines,Noida Sector 18,15.73,Afternoon,Weekday,Clear,Low,Highway,85.4,11.3,72.59,13.001790880286542,Other,Other,Other
TRIP_00424,Mayur Vihar,Civil Lines,10.05,Afternoon,Weekday,Rain,High,Highway,29.5,21.2,25.075,24.047856430707878,Other,Other,Other
TRIP_00425,Connaught Place,Okhla,12.39,Evening Peak,Weekday,Clear,High,Main Road,21.4,34.9,18.189999999999998,40.86860912589336,Central,Other,Central Delhi
TRIP_00426,Okhla,Model Town,21.87,Night,Weekend,Rain,Low,Highway,55.4,23.1,47.089999999999996,27.86578891484392,Other,North,Other
TRIP_00427,Rohini,Shahdara,24.21,Morning Peak,Weekday,Heatwave,Very High,Main Road,13.8,105.5,11.73,123.83631713554988,North,Other,North Delhi
TRIP_00428,Pitampura,Mayur Vihar,18.76,Afternoon,Weekday,Clear,Medium,Highway,55.9,20.6,47.515,23.68936125434074,North,Other,Other
TRIP_00429,Rajouri Garden,Chandni Chowk,10.59,Morning Peak,Weekday,Fog,High,Highway,22.4,29.5,19.04,33.3718487394958,West,Central,Other
TRIP_00430,Civil Lines,Preet Vihar,7.88,Afternoon,Weekday,Clear,Medium,Main Road,35.1,13.1,29.835,15.84715937657114,Other,Other,Other
TRIP_00431,Noida Sector 18,Hauz Khas,12.51,Morning Peak,Weekday,Clear,Medium,Main Road,26.1,29.7,22.185000000000002,33.833671399594316,Other,Other,Other
TRIP_00432,IGI Airport,Preet Vihar,21.04,Morning Peak,Weekday,Clear,High,Highway,38.1,34.0,32.385,38.98100972672533,Other,Other,Other
TRIP_00433,Noida Sector 18,Civil Lines,15.73,Morning Peak,Weekday,Clear,Medium,Highway,62.1,15.3,52.785,17.88007956805911,Other,Other,Other
TRIP_00434,Kalkaji,Hauz Khas,5.29,Evening Peak,Weekday,Clear,High,Main Road,19.7,16.2,16.744999999999997,18.95491191400418,South,Other,South Delhi
TRIP_00435,Chandni Chowk,Dwarka,19.18,Evening Peak,Weekday,Fog,Very High,Highway,9.2,126.5,7.819999999999999,147.1611253196931,Central,West,Central Delhi
TRIP_00436,Punjabi Bagh,Chandni Chowk,9.93,Evening Peak,Weekend,Heatwave,High,Main Road,25.9,22.8,22.014999999999997,27.0633658868953,West,Central,West Delhi
TRIP_00437,Kalkaji,Pitampura,22.07,Morning Peak,Weekday,Heatwave,High,Highway,32.7,42.1,27.795,47.64166216945494,South,North,South Delhi
TRIP_00438,IGI Airport,AIIMS,10.81,Evening Peak,Weekend,Clear,Medium,Highway,62.7,10.2,53.295,12.169997185477062,Other,Other,Other
TRIP_00439,AIIMS,Model Town,16.52,Morning Peak,Weekend,Clear,High,Main Road,21.3,46.0,18.105,54.74730737365368,Other,North,Other
TRIP_00440,Saket,Okhla,6.33,Afternoon,Weekday,Clear,Very High,Inner Road,9.2,41.2,7.819999999999999,48.56777493606139,South,Other,South Delhi
TRIP_00441,Shahdara,Punjabi Bagh,15.41,Evening Peak,Weekday,Clear,Very High,Inner Road,8.2,110.2,6.969999999999999,132.65423242467722,Other,West,Other
TRIP_00442,Rajouri Garden,Janakpuri,4.38,Afternoon,Weekend,Heatwave,High,Main Road,26.3,10.5,22.355,11.755759337955714,West,West,Other
TRIP_00443,AIIMS,Model Town,16.52,Evening Peak,Weekday,Clear,High,Highway,31.0,36.1,26.349999999999998,37.616698292220114,Other,North,Other
TRIP_00444,Vasant Kunj,Nehru Place,9.97,Evening Peak,Weekday,Fog,Very High,Inner Road,4.8,128.1,4.08,146.61764705882354,South,Other,South Delhi
TRIP_00445,Rohini,AIIMS,25.2,Afternoon,Weekend,Heatwave,Low,Highway,64.5,24.2,54.824999999999996,27.57865937072504,North,Other,North Delhi
TRIP_00446,Dwarka,Hauz Khas,15.78,Afternoon,Weekday,Clear,High,Main Road,25.3,39.1,21.505,44.02697047198326,West,Other,West Delhi
TRIP_00447,Model Town,Noida Sector 18,20.73,Morning Peak,Weekday,Clear,High,Highway,36.5,33.8,31.025,40.09024979854956,North,Other,North Delhi
TRIP_00448,Chandni Chowk,Preet Vihar,6.1,Morning Peak,Weekend,Clear,Low,Highway,80.0,4.6,68.0,5.382352941176471,Central,Other,Central Delhi
TRIP_00449,Noida Sector 18,Karol Bagh,16.06,Morning Peak,Weekday,Clear,Medium,Main Road,27.2,35.9,23.119999999999997,41.67820069204153,Other,Central,Other
TRIP_00450,Noida Sector 18,IGI Airport,22.12,Afternoon,Weekday,Clear,High,Main Road,28.7,45.4,24.395,54.404591104734585,Other,Other,Other
TRIP_00451,AIIMS,Karol Bagh,9.61,Night,Weekday,Rain,Low,Inner Road,14.3,40.5,12.155000000000001,47.4372686137392,Other,Central,Other
TRIP_00452,Nehru Place,Saket,5.32,Evening Peak,Weekday,Clear,High,Main Road,28.5,11.6,24.224999999999998,13.176470588235295,Other,South,Other
TRIP_00453,Vasant Kunj,Connaught Place,13.75,Morning Peak,Weekday,Clear,High,Highway,42.0,19.5,35.699999999999996,23.10924369747899,South,Central,South Delhi
TRIP_00454,Hauz Khas,Model Town,18.43,Morning Peak,Weekend,Clear,High,Highway,37.7,30.3,32.045,34.5077235138087,Other,North,Other
TRIP_00455,Model Town,Chandni Chowk,8.08,Evening Peak,Weekday,Clear,High,Highway,41.4,12.0,35.19,13.776641091219098,North,Central,North Delhi
TRIP_00456,Connaught Place,Saket,11.95,Night,Weekend,Clear,Medium,Highway,44.7,15.9,37.995000000000005,18.870904066324513,Central,South,Central Delhi
TRIP_00457,Okhla,Noida Sector 18,6.92,Morning Peak,Weekend,Heatwave,Low,Main Road,37.4,10.8,31.79,13.060710915382197,Other,Other,Other
TRIP_00458,Greater Kailash,Pitampura,20.1,Night,Weekday,Clear,Low,Inner Road,16.2,74.2,13.77,87.58169934640523,South,North,South Delhi
TRIP_00459,Noida Sector 18,Chandni Chowk,12.9,Evening Peak,Weekday,Rain,Medium,Highway,44.4,18.2,37.739999999999995,20.508744038155807,Other,Central,Other
TRIP_00460,Saket,Connaught Place,11.95,Night,Weekday,Heatwave,Low,Main Road,33.6,22.2,28.56,25.105042016806724,South,Central,South Delhi
TRIP_00461,Pitampura,Punjabi Bagh,3.98,Evening Peak,Weekend,Clear,Medium,Main Road,33.0,7.4,28.05,8.513368983957218,North,West,Other
TRIP_00462,Rajouri Garden,Karol Bagh,6.66,Morning Peak,Weekday,Clear,Very High,Main Road,12.3,36.0,10.455,38.22094691535151,West,Central,Other
TRIP_00463,Preet Vihar,Connaught Place,7.48,Morning Peak,Weekday,Heatwave,Very High,Main Road,8.3,54.4,7.055000000000001,63.614457831325296,Other,Central,Other
TRIP_00464,Karol Bagh,IGI Airport,13.83,Evening Peak,Weekday,Rain,High,Main Road,19.2,44.4,16.32,50.845588235294116,Central,Other,Central Delhi
TRIP_00465,Nehru Place,IGI Airport,14.99,Evening Peak,Weekend,Rain,Very High,Main Road,8.7,108.9,7.395,121.62271805273835,Other,Other,Other
TRIP_00466,Karol Bagh,Saket,14.26,Evening Peak,Weekday,Clear,Very High,Main Road,12.8,68.4,10.88,78.63970588235293,Central,South,Central Delhi
TRIP_00467,Model Town,Shahdara,10.5,Afternoon,Weekday,Clear,Medium,Main Road,29.7,20.7,25.244999999999997,24.955436720142604,North,Other,North Delhi
TRIP_00468,Pitampura,Janakpuri,10.13,Evening Peak,Weekday,Clear,High,Main Road,20.2,29.8,17.169999999999998,35.39895165987188,North,West,Other
TRIP_00469,Noida Sector 18,IGI Airport,22.12,Afternoon,Weekend,Clear,Very High,Highway,20.7,67.3,17.595,75.4305200341006,Other,Other,Other
TRIP_00470,Preet Vihar,Punjabi Bagh,16.03,Morning Peak,Weekday,Heatwave,High,Highway,38.7,26.2,32.895,29.238486092111263,Other,West,Other
TRIP_00471,IGI Airport,Chandni Chowk,16.54,Evening Peak,Weekday,Clear,High,Highway,42.9,23.3,36.464999999999996,27.2151378033731,Other,Central,Other
TRIP_00472,Model Town,Rajouri Garden,10.2,Evening Peak,Weekday,Heatwave,Very High,Highway,17.0,37.3,14.45,42.35294117647059,North,West,North Delhi
TRIP_00473,Rohini,Nehru Place,29.42,Evening Peak,Weekend,Rain,High,Main Road,19.4,88.7,16.49,107.04669496664647,North,Other,North Delhi
TRIP_00474,Civil Lines,Model Town,5.0,Afternoon,Weekday,Clear,High,Main Road,27.0,11.0,22.95,13.071895424836603,Other,North,Other
TRIP_00475,Noida Sector 18,Preet Vihar,8.57,Afternoon,Weekday,Clear,Medium,Main Road,40.5,13.4,34.425,14.93681917211329,Other,Other,Other
TRIP_00476,Shahdara,Noida Sector 18,12.02,Evening Peak,Weekday,Clear,High,Highway,29.9,24.1,25.415,28.376942750344288,Other,Other,Other
TRIP_00477,Civil Lines,Karol Bagh,4.62,Morning Peak,Weekday,Rain,Very High,Inner Road,6.9,40.2,5.865,47.26342710997442,Other,Central,Other
TRIP_00478,Hauz Khas,Shahdara,16.26,Evening Peak,Weekday,Clear,Very High,Main Road,11.2,91.2,9.52,102.47899159663866,Other,Other,Other
TRIP_00479,Kalkaji,Pitampura,22.07,Morning Peak,Weekday,Rain,High,Main Road,19.3,72.6,16.405,80.71929289850655,South,North,South Delhi
TRIP_00480,Kalkaji,Lajpat Nagar,4.08,Afternoon,Weekday,Heatwave,High,Inner Road,18.8,13.7,15.98,15.319148936170212,South,Other,South Delhi
TRIP_00481,Shahdara,Karol Bagh,9.9,Morning Peak,Weekday,Clear,High,Main Road,24.8,23.6,21.08,28.17836812144213,Other,Central,Other
TRIP_00482,Greater Kailash,Dwarka,19.04,Evening Peak,Weekday,Clear,Very High,Highway,17.4,63.8,14.79,77.24137931034483,South,West,South Delhi
TRIP_00483,Karol Bagh,Nehru Place,12.97,Morning Peak,Weekday,Rain,Very High,Highway,11.9,66.4,10.115,76.93524468610974,Central,Other,Central Delhi
TRIP_00484,Punjabi Bagh,Greater Kailash,16.84,Evening Peak,Weekday,Clear,Very High,Highway,17.5,60.4,14.875,67.92605042016805,West,South,West Delhi
TRIP_00485,Greater Kailash,Mayur Vihar,9.55,Evening Peak,Weekday,Clear,Very High,Highway,17.7,32.4,15.044999999999998,38.085742771684956,South,Other,South Delhi
TRIP_00486,Noida Sector 18,Vasant Kunj,17.44,Afternoon,Weekday,Clear,Low,Main Road,39.7,26.8,33.745000000000005,31.00903837605571,Other,South,Other
TRIP_00487,Janakpuri,Mayur Vihar,20.24,Evening Peak,Weekday,Clear,High,Main Road,25.4,51.7,21.59,56.24826308476146,West,Other,West Delhi
TRIP_00488,Okhla,Rohini,32.09,Evening Peak,Weekday,Rain,High,Highway,29.5,65.7,25.075,76.78564307078764,Other,North,Other
TRIP_00489,Karol Bagh,Saket,14.26,Afternoon,Weekday,Clear,High,Main Road,20.5,41.5,17.425,49.10186513629842,Central,South,Central Delhi
TRIP_00490,Mayur Vihar,Noida Sector 18,5.74,Afternoon,Weekday,Clear,Medium,Main Road,26.9,12.7,22.865,15.062322326700198,Other,Other,Other
TRIP_00491,Mayur Vihar,Karol Bagh,11.04,Morning Peak,Weekend,Clear,High,Highway,42.0,17.9,35.699999999999996,18.554621848739497,Other,Central,Other
TRIP_00492,Nehru Place,Civil Lines,14.85,Evening Peak,Weekday,Heatwave,Very High,Highway,16.0,58.6,13.6,65.51470588235293,Other,Other,Other
TRIP_00493,Rohini,Civil Lines,18.15,Morning Peak,Weekend,Clear,Medium,Main Road,26.5,47.8,22.525,48.34628190899001,North,Other,North Delhi
TRIP_00494,Lajpat Nagar,Shahdara,12.53,Morning Peak,Weekday,Fog,High,Main Road,9.3,81.7,7.905,95.1043643263757,Other,Other,Other
TRIP_00495,Civil Lines,Connaught Place,5.49,Morning Peak,Weekday,Heatwave,High,Inner Road,9.1,37.6,7.734999999999999,42.58564964447318,Other,Central,Other
TRIP_00496,Civil Lines,Shahdara,6.29,Morning Peak,Weekday,Rain,High,Main Road,21.3,17.2,18.105,20.845070422535212,Other,Other,Other
TRIP_00497,Chandni Chowk,Saket,14.23,Afternoon,Weekday,Clear,Very High,Inner Road,7.9,108.8,6.715,127.1481757259866,Central,South,Central Delhi
TRIP_00498,Saket,Rohini,29.0,Evening Peak,Weekend,Rain,High,Highway,24.1,78.6,20.485,84.94020014644863,South,North,South Delhi
TRIP_00499,Janakpuri,Model Town,14.54,Morning Peak,Weekday,Clear,Medium,Highway,51.6,17.3,43.86,19.890560875512996,West,North,West Delhi
TRIP_00500,Vasant Kunj,Punjabi Bagh,16.74,Afternoon,Weekend,Clear,Low,Main Road,43.2,22.8,36.72,27.352941176470587,South,West,South Delhi
TRIP_00501,Chandni Chowk,Civil Lines,3.35,Night,Weekday,Clear,High,Inner Road,15.2,13.9,12.92,15.557275541795665,Central,Other,Central Delhi
TRIP_00502,Mayur Vihar,Dwarka,24.43,Evening Peak,Weekday,Heatwave,Very High,Highway,14.3,106.1,12.155000000000001,120.59234882764295,Other,West,Other
TRIP_00503,AIIMS,Greater Kailash,3.26,Evening Peak,Weekday,Heatwave,High,Main Road,23.0,8.5,19.55,10.005115089514065,Other,South,Other
TRIP_00504,Dwarka,Saket,17.4,Evening Peak,Weekend,Clear,Low,Highway,73.6,13.8,62.559999999999995,16.687979539641944,West,South,West Delhi
TRIP_00505,Nehru Place,Shahdara,14.22,Morning Peak,Weekday,Clear,High,Main Road,23.1,39.0,19.635,43.45301757066463,Other,Other,Other
TRIP_00506,Kalkaji,Model Town,20.77,Morning Peak,Weekend,Clear,Medium,Highway,52.1,28.0,44.285,28.140453878288362,South,North,South Delhi
TRIP_00507,Connaught Place,Mayur Vihar,7.89,Afternoon,Weekday,Clear,High,Inner Road,11.8,42.3,10.030000000000001,47.19840478564306,Central,Other,Central Delhi
TRIP_00508,AIIMS,Okhla,7.2,Afternoon,Weekday,Heatwave,Low,Main Road,39.1,11.1,33.235,12.99834511809839,Other,Other,Other
TRIP_00509,Rohini,Pitampura,8.97,Evening Peak,Weekday,Clear,High,Main Road,20.4,25.8,17.34,31.038062283737027,North,North,North Delhi
TRIP_00510,AIIMS,Civil Lines,12.66,Night,Weekday,Clear,High,Highway,44.1,16.8,37.485,20.2641056422569,Other,Other,Other
TRIP_00511,Janakpuri,Kalkaji,18.68,Evening Peak,Weekday,Clear,Very High,Main Road,10.5,112.7,8.924999999999999,125.57983193277312,West,South,West Delhi
TRIP_00512,Vasant Kunj,Dwarka,13.52,Morning Peak,Weekday,Clear,Medium,Main Road,26.7,29.8,22.695,35.74355584930601,South,West,South Delhi
TRIP_00513,Janakpuri,Okhla,20.56,Evening Peak,Weekday,Fog,High,Highway,19.2,66.8,16.32,75.58823529411765,West,Other,West Delhi
TRIP_00514,Rohini,AIIMS,25.2,Evening Peak,Weekday,Rain,High,Main Road,13.8,108.1,11.73,128.9002557544757,North,Other,North Delhi
TRIP_00515,Greater Kailash,Punjabi Bagh,16.84,Evening Peak,Weekday,Rain,Very High,Main Road,7.2,147.8,6.12,165.09803921568627,South,West,South Delhi
TRIP_00516,Dwarka,Rajouri Garden,9.64,Morning Peak,Weekday,Clear,Very High,Highway,19.6,30.0,16.66,34.71788715486195,West,West,West Delhi
TRIP_00517,Vasant Kunj,Kalkaji,9.44,Afternoon,Weekend,Clear,Low,Main Road,37.0,15.0,31.45,18.00953895071542,South,South,South Delhi
TRIP_00518,Noida Sector 18,Connaught Place,12.67,Evening Peak,Weekday,Heatwave,Very High,Highway,19.7,40.1,16.744999999999997,45.39862645565841,Other,Central,Other
TRIP_00519,Mayur Vihar,Punjabi Bagh,17.1,Morning Peak,Weekday,Rain,High,Highway,26.9,39.0,22.865,44.87207522414171,Other,West,Other
TRIP_00520,Karol Bagh,Preet Vihar,10.02,Evening Peak,Weekend,Clear,Medium,Inner Road,23.0,25.5,19.55,30.751918158567772,Central,Other,Central Delhi
TRIP_00521,Model Town,Vasant Kunj,22.01,Morning Peak,Weekend,Clear,High,Highway,42.3,30.3,35.955,36.72924488944515,North,South,North Delhi
TRIP_00522,Kalkaji,Noida Sector 18,8.19,Evening Peak,Weekend,Clear,Medium,Main Road,39.1,12.5,33.235,14.785617571836918,South,Other,South Delhi
TRIP_00523,Preet Vihar,Dwarka,24.67,Evening Peak,Weekday,Rain,High,Highway,29.0,53.1,24.65,60.048681541582155,Other,West,Other
TRIP_00524,Pitampura,AIIMS,17.0,Afternoon,Weekend,Clear,Medium,Main Road,41.2,24.5,35.02,29.126213592233007,North,Other,Other
TRIP_00525,Mayur Vihar,Shahdara,6.61,Night,Weekday,Fog,Low,Main Road,25.3,16.0,21.505,18.442222738897932,Other,Other,Other
TRIP_00526,IGI Airport,Janakpuri,7.4,Evening Peak,Weekday,Clear,High,Main Road,20.7,21.8,17.595,25.23444160272805,Other,West,Other
TRIP_00527,Punjabi Bagh,Civil Lines,9.27,Afternoon,Weekday,Heatwave,High,Main Road,18.4,31.5,15.639999999999999,35.56265984654731,West,Other,West Delhi
TRIP_00528,Noida Sector 18,Chandni Chowk,12.9,Evening Peak,Weekend,Clear,High,Main Road,23.0,37.8,19.55,39.590792838874684,Other,Central,Other
TRIP_00529,Janakpuri,Civil Lines,14.89,Morning Peak,Weekday,Fog,Medium,Highway,27.6,32.9,23.46,38.08184143222506,West,Other,West Delhi
TRIP_00530,Saket,IGI Airport,11.0,Afternoon,Weekday,Rain,High,Highway,26.8,24.9,22.78,28.97278314310799,South,Other,South Delhi
TRIP_00531,Hauz Khas,Saket,2.85,Night,Weekday,Fog,Medium,Main Road,21.5,8.2,18.275,9.357045143638853,Other,South,Other
TRIP_00532,Dwarka,Rohini,17.53,Evening Peak,Weekday,Rain,Very High,Highway,11.6,96.2,9.86,106.67342799188643,West,North,West Delhi
TRIP_00533,Chandni Chowk,Rajouri Garden,10.59,Evening Peak,Weekday,Clear,High,Main Road,27.1,24.5,23.035,27.584111135228998,Central,West,Central Delhi
TRIP_00534,Janakpuri,Saket,15.88,Evening Peak,Weekday,Fog,Very High,Highway,10.3,92.5,8.755,108.82924043403769,West,South,West Delhi
TRIP_00535,Rohini,Pitampura,8.97,Evening Peak,Weekend,Rain,High,Main Road,12.5,46.6,10.625,50.654117647058825,North,North,North Delhi
TRIP_00536,Rohini,Kalkaji,30.48,Evening Peak,Weekend,Heatwave,Medium,Main Road,38.1,56.1,32.385,56.47058823529412,North,South,North Delhi
TRIP_00537,Lajpat Nagar,Nehru Place,2.8,Afternoon,Weekday,Clear,Medium,Inner Road,12.0,14.2,10.2,16.47058823529412,Other,Other,Other
TRIP_00538,Punjabi Bagh,Civil Lines,9.27,Evening Peak,Weekday,Fog,Very High,Inner Road,5.0,117.4,4.25,130.87058823529412,West,Other,West Delhi
TRIP_00539,Civil Lines,Hauz Khas,14.76,Morning Peak,Weekday,Fog,High,Highway,20.9,41.2,17.764999999999997,49.85083028426683,Other,Other,Other
TRIP_00540,Pitampura,Lajpat Nagar,18.08,Evening Peak,Weekday,Clear,High,Highway,32.5,35.0,27.625,39.26877828054298,North,Other,Other
TRIP_00541,Janakpuri,Pitampura,10.13,Morning Peak,Weekday,Fog,High,Main Road,15.3,46.7,13.005,46.73587081891581,West,North,West Delhi
TRIP_00542,Vasant Kunj,Noida Sector 18,17.44,Morning Peak,Weekday,Clear,Very High,Highway,18.7,57.9,15.895,65.83202264863165,South,Other,South Delhi
TRIP_00543,Greater Kailash,Mayur Vihar,9.55,Morning Peak,Weekday,Clear,Very High,Inner Road,7.8,76.2,6.63,86.42533936651586,South,Other,South Delhi
TRIP_00544,Chandni Chowk,Model Town,8.08,Evening Peak,Weekday,Fog,High,Inner Road,10.2,46.1,8.67,55.916955017301035,Central,North,Central Delhi
TRIP_00545,Nehru Place,Pitampura,20.88,Morning Peak,Weekend,Clear,Medium,Main Road,31.3,39.6,26.605,47.088893065213306,Other,North,Other
TRIP_00546,Dwarka,Kalkaji,21.07,Afternoon,Weekend,Rain,Medium,Highway,34.8,39.0,29.58,42.73833671399595,West,South,West Delhi
TRIP_00547,Connaught Place,Hauz Khas,9.27,Morning Peak,Weekday,Rain,Medium,Highway,35.6,16.3,30.26,18.38070059484468,Central,Other,Central Delhi
TRIP_00548,Nehru Place,Rajouri Garden,16.77,Afternoon,Weekday,Rain,High,Highway,21.3,49.6,18.105,55.57580778790389,Other,West,Other
TRIP_00549,Nehru Place,Chandni Chowk,11.5,Afternoon,Weekday,Clear,Medium,Main Road,29.4,24.6,24.99,27.611044417767108,Other,Central,Other
TRIP_00550,Nehru Place,Okhla,2.67,Evening Peak,Weekend,Clear,Medium,Main Road,27.9,5.6,23.715,6.755218216318785,Other,Other,Other
TRIP_00551,Pitampura,Punjabi Bagh,3.98,Night,Weekday,Rain,Low,Inner Road,14.5,16.2,12.325,19.37525354969574,North,West,Other
TRIP_00552,Hauz Khas,Noida Sector 18,12.51,Evening Peak,Weekday,Clear,High,Highway,45.4,17.5,38.589999999999996,19.450634879502463,Other,Other,Other
TRIP_00553,Janakpuri,Hauz Khas,13.61,Morning Peak,Weekend,Clear,High,Inner Road,9.9,84.9,8.415000000000001,97.04099821746878,West,Other,West Delhi
TRIP_00554,Saket,Nehru Place,5.32,Afternoon,Weekend,Clear,Very High,Inner Road,7.8,40.1,6.63,48.1447963800905,South,Other,South Delhi
TRIP_00555,Rohini,Janakpuri,14.51,Afternoon,Weekend,Rain,Medium,Highway,48.5,18.9,41.225,21.118253486961795,North,West,North Delhi
TRIP_00556,Mayur Vihar,Civil Lines,10.05,Night,Weekday,Fog,Low,Main Road,28.4,21.3,24.139999999999997,24.979287489643752,Other,Other,Other
TRIP_00557,Vasant Kunj,Hauz Khas,5.36,Evening Peak,Weekday,Clear,Very High,Inner Road,7.9,42.8,6.715,47.8927773641102,South,Other,South Delhi
TRIP_00558,Dwarka,Karol Bagh,15.59,Morning Peak,Weekend,Clear,High,Highway,38.8,24.4,32.98,28.36264402668284,West,Central,West Delhi
TRIP_00559,Lajpat Nagar,Karol Bagh,10.19,Morning Peak,Weekend,Heatwave,High,Main Road,24.8,26.5,21.08,29.003795066413662,Other,Central,Other
TRIP_00560,Rajouri Garden,Punjabi Bagh,2.52,Morning Peak,Weekday,Rain,High,Inner Road,8.3,18.6,7.055000000000001,21.43160878809355,West,West,Other
TRIP_00561,Saket,Pitampura,21.25,Evening Peak,Weekend,Clear,Medium,Main Road,38.6,33.5,32.81,38.860103626943,South,North,South Delhi
TRIP_00562,Civil Lines,Preet Vihar,7.88,Night,Weekday,Clear,Low,Inner Road,34.8,14.1,29.58,15.983772819472618,Other,Other,Other
TRIP_00563,Lajpat Nagar,Pitampura,18.08,Morning Peak,Weekday,Clear,Very High,Main Road,12.3,90.6,10.455,103.7589670014347,Other,North,Other
TRIP_00564,Civil Lines,Vasant Kunj,19.08,Morning Peak,Weekend,Clear,Low,Highway,61.3,19.5,52.105,21.971020055656847,Other,South,Other
TRIP_00565,Karol Bagh,Dwarka,15.59,Afternoon,Weekday,Heatwave,High,Highway,35.4,27.9,30.089999999999996,31.086739780658032,Central,West,Central Delhi
TRIP_00566,Saket,Rohini,29.0,Morning Peak,Weekday,Fog,Very High,Highway,11.4,152.6,9.69,179.56656346749227,South,North,South Delhi
TRIP_00567,Civil Lines,Noida Sector 18,15.73,Afternoon,Weekday,Rain,Medium,Highway,35.6,29.9,30.26,31.18968935888962,Other,Other,Other
TRIP_00568,Rajouri Garden,Karol Bagh,6.66,Morning Peak,Weekend,Heatwave,Medium,Inner Road,22.8,19.0,19.38,20.61919504643963,West,Central,Other
TRIP_00569,Punjabi Bagh,Nehru Place,17.83,Evening Peak,Weekday,Clear,Very High,Highway,18.0,58.1,15.299999999999999,69.92156862745098,West,Other,West Delhi
TRIP_00570,Lajpat Nagar,Kalkaji,4.08,Morning Peak,Weekend,Clear,Medium,Inner Road,14.6,16.5,12.41,19.726027397260275,Other,South,Other
TRIP_00571,Karol Bagh,Noida Sector 18,16.06,Night,Weekday,Clear,Very High,Main Road,11.6,90.5,9.86,97.72819472616632,Central,Other,Central Delhi
TRIP_00572,Saket,Greater Kailash,3.66,Afternoon,Weekend,Heatwave,High,Inner Road,14.5,15.7,12.325,17.81744421906694,South,South,South Delhi
TRIP_00573,Nehru Place,Rohini,29.42,Evening Peak,Weekday,Heatwave,Very High,Highway,21.1,81.7,17.935000000000002,98.42207973236687,Other,North,Other
TRIP_00574,Preet Vihar,Civil Lines,7.88,Morning Peak,Weekday,Heatwave,High,Main Road,27.0,18.0,22.95,20.60130718954248,Other,Other,Other
TRIP_00575,Okhla,Mayur Vihar,9.53,Morning Peak,Weekday,Heatwave,Very High,Inner Road,8.0,77.8,6.8,84.08823529411764,Other,Other,Other
TRIP_00576,Punjabi Bagh,Chandni Chowk,9.93,Morning Peak,Weekday,Clear,Very High,Inner Road,8.3,80.3,7.055000000000001,84.45074415308291,West,Central,West Delhi
TRIP_00577,Punjabi Bagh,IGI Airport,12.83,Evening Peak,Weekday,Clear,High,Main Road,21.7,36.1,18.445,41.73488750338846,West,Other,West Delhi
TRIP_00578,Kalkaji,Vasant Kunj,9.44,Afternoon,Weekend,Clear,Low,Main Road,51.9,11.3,44.114999999999995,12.839170350221014,South,South,South Delhi
TRIP_00579,Hauz Khas,Rohini,26.29,Evening Peak,Weekday,Clear,Very High,Main Road,9.7,160.2,8.245,191.3159490600364,Other,North,Other
TRIP_00580,Model Town,Civil Lines,5.0,Evening Peak,Weekend,Clear,Low,Main Road,50.9,5.9,43.265,6.934011325551832,North,Other,North Delhi
TRIP_00581,Hauz Khas,Noida Sector 18,12.51,Morning Peak,Weekday,Clear,Very High,Highway,18.3,42.5,15.555,48.25458052073289,Other,Other,Other
TRIP_00582,Preet Vihar,Karol Bagh,10.02,Evening Peak,Weekday,Fog,Very High,Highway,11.6,51.2,9.86,60.97363083164301,Other,Central,Other
TRIP_00583,Model Town,Shahdara,10.5,Afternoon,Weekday,Clear,Very High,Inner Road,8.3,77.3,7.055000000000001,89.29836995038978,North,Other,North Delhi
TRIP_00584,Nehru Place,Rohini,29.42,Night,Weekday,Rain,Low,Highway,44.2,41.6,37.57,46.984295980835775,Other,North,Other
TRIP_00585,Dwarka,IGI Airport,6.61,Morning Peak,Weekday,Rain,High,Inner Road,7.9,51.5,6.715,59.06180193596426,West,Other,West Delhi
TRIP_00586,Greater Kailash,Punjabi Bagh,16.84,Morning Peak,Weekend,Clear,Medium,Inner Road,24.2,45.6,20.57,49.12007778317938,South,West,South Delhi
TRIP_00587,Janakpuri,Rohini,14.51,Night,Weekday,Rain,Low,Main Road,33.9,25.4,28.814999999999998,30.213430504945343,West,North,West Delhi
TRIP_00588,Chandni Chowk,Okhla,13.88,Evening Peak,Weekday,Heatwave,Low,Main Road,52.0,16.2,44.199999999999996,18.841628959276022,Central,Other,Central Delhi
TRIP_00589,Rohini,Hauz Khas,26.29,Evening Peak,Weekday,Clear,High,Highway,33.6,45.6,28.56,55.23109243697479,North,Other,North Delhi
TRIP_00590,Mayur Vihar,Shahdara,6.61,Afternoon,Weekday,Clear,Medium,Highway,52.4,7.4,44.54,8.904355635383926,Other,Other,Other
TRIP_00591,IGI Airport,Hauz Khas,9.81,Morning Peak,Weekday,Clear,Medium,Inner Road,11.4,50.7,9.69,60.74303405572756,Other,Other,Other
TRIP_00592,Mayur Vihar,Pitampura,18.76,Morning Peak,Weekday,Clear,Very High,Main Road,9.7,115.3,8.245,136.5191024863554,Other,North,Other
TRIP_00593,Punjabi Bagh,Noida Sector 18,21.94,Evening Peak,Weekend,Rain,Medium,Main Road,19.3,69.4,16.405,80.24382810118867,West,Other,West Delhi
TRIP_00594,Noida Sector 18,Saket,12.72,Evening Peak,Weekday,Clear,High,Highway,37.9,21.3,32.214999999999996,23.690827254384608,Other,South,Other
TRIP_00595,Civil Lines,Vasant Kunj,19.08,Afternoon,Weekday,Clear,Medium,Inner Road,14.0,82.4,11.9,96.20168067226889,Other,South,Other
TRIP_00596,AIIMS,Vasant Kunj,7.41,Morning Peak,Weekday,Rain,Very High,Main Road,7.1,71.0,6.034999999999999,73.67025683512843,Other,South,Other
TRIP_00597,AIIMS,Chandni Chowk,9.5,Afternoon,Weekday,Clear,Medium,Main Road,40.0,16.0,34.0,16.764705882352942,Other,Central,Other
TRIP_00598,Rohini,Hauz Khas,26.29,Night,Weekend,Clear,Very High,Highway,17.5,90.3,14.875,106.04369747899159,North,Other,North Delhi
TRIP_00599,Karol Bagh,Connaught Place,3.42,Evening Peak,Weekend,Fog,High,Inner Road,10.0,21.4,8.5,24.141176470588235,Central,Central,Central Delhi
TRIP_00600,Connaught Place,Mayur Vihar,7.89,Afternoon,Weekday,Clear,Low,Main Road,36.4,13.5,30.939999999999998,15.300581771170005,Central,Other,Central Delhi
TRIP_00601,Chandni Chowk,Greater Kailash,11.55,Night,Weekday,Clear,Medium,Main Road,31.6,25.2,26.86,25.800446760982876,Central,South,Central Delhi
TRIP_00602,Shahdara,Hauz Khas,16.26,Evening Peak,Weekday,Clear,High,Main Road,29.2,33.9,24.82,39.30701047542305,Other,Other,Other
TRIP_00603,Nehru Place,Connaught Place,9.83,Night,Weekday,Clear,Medium,Highway,59.0,10.2,50.15,11.760717846460619,Other,Central,Other
TRIP_00604,Shahdara,Lajpat Nagar,12.53,Morning Peak,Weekend,Clear,Medium,Highway,46.8,16.4,39.779999999999994,18.898944193061844,Other,Other,Other
TRIP_00605,Shahdara,Vasant Kunj,21.4,Morning Peak,Weekday,Fog,Very High,Highway,8.8,149.9,7.48,171.65775401069516,Other,South,Other
TRIP_00606,Okhla,Civil Lines,17.22,Evening Peak,Weekday,Rain,High,Inner Road,7.6,133.7,6.46,159.93808049535602,Other,Other,Other
TRIP_00607,Civil Lines,Lajpat Nagar,12.32,Night,Weekend,Clear,Low,Main Road,57.9,13.1,49.214999999999996,15.019811033221579,Other,Other,Other
TRIP_00608,Chandni Chowk,Lajpat Nagar,8.98,Afternoon,Weekend,Rain,Medium,Inner Road,19.3,27.2,16.405,32.84364523011277,Central,Other,Central Delhi
TRIP_00609,Saket,Model Town,21.24,Morning Peak,Weekday,Clear,Very High,Highway,22.2,58.3,18.869999999999997,67.53577106518284,South,North,South Delhi
TRIP_00610,Vasant Kunj,Saket,4.88,Evening Peak,Weekday,Rain,Very High,Inner Road,5.0,59.8,4.25,68.89411764705882,South,South,South Delhi
TRIP_00611,Lajpat Nagar,IGI Airport,13.5,Night,Weekday,Clear,Medium,Main Road,45.0,20.0,38.25,21.176470588235297,Other,Other,Other
TRIP_00612,Nehru Place,Dwarka,20.8,Morning Peak,Weekday,Heatwave,High,Highway,34.2,38.4,29.07,42.93085655314758,Other,West,Other
TRIP_00613,Hauz Khas,Preet Vihar,13.62,Afternoon,Weekday,Clear,Medium,Highway,68.1,11.9,57.88499999999999,14.11764705882353,Other,Other,Other
TRIP_00614,Greater Kailash,Pitampura,20.1,Morning Peak,Weekday,Clear,High,Highway,37.3,33.9,31.705,38.03816432739316,South,North,South Delhi
TRIP_00615,Greater Kailash,Lajpat Nagar,2.6,Evening Peak,Weekday,Clear,High,Inner Road,13.0,12.2,11.049999999999999,14.11764705882353,South,Other,South Delhi
TRIP_00616,Vasant Kunj,Punjabi Bagh,16.74,Morning Peak,Weekday,Rain,Medium,Main Road,21.8,48.8,18.53,54.203993524015104,South,West,South Delhi
TRIP_00617,Model Town,Janakpuri,14.54,Afternoon,Weekday,Heatwave,Medium,Highway,64.4,13.4,54.74,15.937157471684326,North,West,North Delhi
TRIP_00618,Hauz Khas,Janakpuri,13.61,Evening Peak,Weekend,Clear,Low,Main Road,38.5,21.5,32.725,24.953399541634834,Other,West,Other
TRIP_00619,Rajouri Garden,Chandni Chowk,10.59,Morning Peak,Weekday,Heatwave,High,Main Road,25.4,24.9,21.59,29.430291801760074,West,Central,Other
TRIP_00620,Connaught Place,Punjabi Bagh,9.3,Night,Weekday,Clear,Low,Main Road,52.9,10.3,44.964999999999996,12.40965195151785,Central,West,Central Delhi
TRIP_00621,Pitampura,Nehru Place,20.88,Morning Peak,Weekend,Fog,Very High,Main Road,6.8,191.7,5.779999999999999,216.74740484429068,North,Other,Other
TRIP_00622,Vasant Kunj,Mayur Vihar,17.08,Afternoon,Weekday,Fog,High,Inner Road,7.8,129.9,6.63,154.57013574660633,South,Other,South Delhi
TRIP_00623,Civil Lines,Vasant Kunj,19.08,Morning Peak,Weekend,Clear,High,Highway,42.9,28.1,36.464999999999996,31.394487865076105,Other,South,Other
TRIP_00624,Vasant Kunj,Lajpat Nagar,9.65,Evening Peak,Weekday,Clear,Very High,Main Road,14.9,38.9,12.665,45.71654165021714,South,Other,South Delhi
TRIP_00625,Nehru Place,Connaught Place,9.83,Evening Peak,Weekday,Clear,High,Main Road,24.2,23.7,20.57,28.672824501701506,Other,Central,Other
TRIP_00626,Shahdara,Punjabi Bagh,15.41,Morning Peak,Weekend,Heatwave,Medium,Highway,47.0,19.4,39.949999999999996,23.14392991239049,Other,West,Other
TRIP_00627,Okhla,Greater Kailash,4.03,Evening Peak,Weekday,Clear,Very High,Highway,16.2,14.6,13.77,17.559912854030504,Other,South,Other
TRIP_00628,Civil Lines,Noida Sector 18,15.73,Morning Peak,Weekday,Clear,Very High,Inner Road,8.0,121.5,6.8,138.79411764705884,Other,Other,Other
TRIP_00629,Preet Vihar,Connaught Place,7.48,Morning Peak,Weekday,Clear,Medium,Main Road,37.7,12.0,32.045,14.0053050397878,Other,Central,Other
TRIP_00630,Mayur Vihar,Preet Vihar,3.05,Night,Weekday,Clear,Low,Main Road,55.3,3.6,47.004999999999995,3.893202850760557,Other,Other,Other
TRIP_00631,IGI Airport,Mayur Vihar,20.09,Afternoon,Weekend,Fog,Low,Highway,35.5,33.5,30.175,39.94697597348798,Other,Other,Other
TRIP_00632,Lajpat Nagar,Okhla,5.46,Afternoon,Weekday,Rain,High,Inner Road,13.5,23.7,11.475,28.54901960784314,Other,Other,Other
TRIP_00633,Punjabi Bagh,Vasant Kunj,16.74,Afternoon,Weekend,Clear,High,Inner Road,8.3,124.0,7.055000000000001,142.36711552090713,West,South,West Delhi
TRIP_00634,Janakpuri,Karol Bagh,10.56,Evening Peak,Weekend,Clear,Very High,Highway,18.8,35.4,15.98,39.64956195244055,West,Central,West Delhi
TRIP_00635,Punjabi Bagh,Rajouri Garden,2.52,Morning Peak,Weekend,Clear,Low,Main Road,44.3,3.7,37.654999999999994,4.015403000929492,West,West,West Delhi
TRIP_00636,Karol Bagh,Noida Sector 18,16.06,Afternoon,Weekday,Rain,High,Main Road,15.5,66.3,13.174999999999999,73.13851992409867,Central,Other,Central Delhi
TRIP_00637,Shahdara,Dwarka,25.37,Morning Peak,Weekday,Clear,Very High,Highway,17.0,91.1,14.45,105.34256055363323,Other,West,Other
TRIP_00638,Model Town,Pitampura,5.98,Evening Peak,Weekday,Rain,Low,Main Road,30.8,11.4,26.18,13.705118411000766,North,North,North Delhi
TRIP_00639,Shahdara,Mayur Vihar,6.61,Evening Peak,Weekend,Clear,High,Main Road,22.6,17.5,19.21,20.64549713690786,Other,Other,Other
TRIP_00640,Vasant Kunj,Lajpat Nagar,9.65,Afternoon,Weekday,Clear,High,Inner Road,14.5,45.1,12.325,46.97768762677485,South,Other,South Delhi
TRIP_00641,Greater Kailash,Punjabi Bagh,16.84,Evening Peak,Weekend,Clear,Low,Main Road,39.9,29.8,33.915,29.7921273772667,South,West,South Delhi
TRIP_00642,Saket,Punjabi Bagh,17.62,Evening Peak,Weekend,Clear,High,Main Road,22.3,46.0,18.955000000000002,55.77420205750462,South,West,South Delhi
TRIP_00643,IGI Airport,Dwarka,6.61,Evening Peak,Weekday,Clear,Very High,Main Road,9.9,41.7,8.415000000000001,47.130124777183596,Other,West,Other
TRIP_00644,Vasant Kunj,Pitampura,20.67,Night,Weekday,Clear,Very High,Highway,17.3,75.1,14.705,84.33866031961918,South,North,South Delhi
TRIP_00645,Noida Sector 18,Nehru Place,7.47,Morning Peak,Weekend,Clear,Low,Main Road,47.9,9.9,40.714999999999996,11.008227925825864,Other,Other,Other
TRIP_00646,Shahdara,Dwarka,25.37,Morning Peak,Weekend,Clear,Low,Main Road,49.2,31.2,41.82,36.398852223816355,Other,West,Other
TRIP_00647,Janakpuri,Saket,15.88,Afternoon,Weekend,Clear,Medium,Main Road,35.0,28.2,29.75,32.02689075630252,West,South,West Delhi
TRIP_00648,Nehru Place,Karol Bagh,12.97,Evening Peak,Weekend,Clear,High,Highway,35.3,22.3,30.004999999999995,25.935677387102157,Other,Central,Other
TRIP_00649,AIIMS,Civil Lines,12.66,Morning Peak,Weekday,Clear,High,Main Road,22.1,35.8,18.785,40.436518498802236,Other,Other,Other
TRIP_00650,Nehru Place,Pitampura,20.88,Evening Peak,Weekday,Clear,Medium,Highway,61.8,22.7,52.529999999999994,23.849229011993145,Other,North,Other
TRIP_00651,Noida Sector 18,Rohini,33.01,Evening Peak,Weekday,Clear,Very High,Inner Road,8.2,238.6,6.969999999999999,284.1606886657102,Other,North,Other
TRIP_00652,Mayur Vihar,Connaught Place,7.89,Afternoon,Weekend,Clear,Medium,Inner Road,27.2,17.5,23.119999999999997,20.475778546712807,Other,Central,Other
TRIP_00653,Kalkaji,Pitampura,22.07,Night,Weekend,Clear,Low,Highway,84.6,15.8,71.91,18.41468502294535,South,North,South Delhi
TRIP_00654,Hauz Khas,Chandni Chowk,11.65,Evening Peak,Weekday,Clear,Very High,Main Road,9.4,77.1,7.99,87.48435544430538,Other,Central,Other
TRIP_00655,Pitampura,Vasant Kunj,20.67,Morning Peak,Weekend,Heatwave,Low,Highway,64.9,18.8,55.165000000000006,22.48164597117738,North,South,Other
TRIP_00656,Preet Vihar,Rohini,25.98,Afternoon,Weekday,Clear,Medium,Highway,54.0,29.3,45.9,33.96078431372549,Other,North,Other
TRIP_00657,Saket,Janakpuri,15.88,Morning Peak,Weekday,Clear,Very High,Highway,21.2,47.0,18.02,52.87458379578247,South,West,South Delhi
TRIP_00658,Pitampura,Nehru Place,20.88,Night,Weekend,Clear,Low,Main Road,52.4,23.9,44.54,28.1275258194881,North,Other,Other
TRIP_00659,Rajouri Garden,Lajpat Nagar,14.1,Morning Peak,Weekday,Clear,Medium,Highway,65.3,13.1,55.504999999999995,15.241870101792633,West,Other,Other
TRIP_00660,Saket,Mayur Vihar,13.17,Night,Weekday,Clear,Medium,Main Road,34.8,23.7,29.58,26.713995943204868,South,Other,South Delhi
TRIP_00661,Kalkaji,Okhla,1.94,Evening Peak,Weekday,Clear,High,Inner Road,16.5,7.7,14.025,8.29946524064171,South,Other,South Delhi
TRIP_00662,Rajouri Garden,Noida Sector 18,21.63,Night,Weekday,Clear,Medium,Highway,53.6,25.4,45.56,28.485513608428445,West,Other,Other
TRIP_00663,Okhla,Chandni Chowk,13.88,Evening Peak,Weekend,Clear,Medium,Main Road,27.3,30.9,23.205,35.88881706528766,Other,Central,Other
TRIP_00664,Rohini,Preet Vihar,25.98,Evening Peak,Weekday,Clear,High,Highway,37.0,44.5,31.45,49.56438791732909,North,Other,North Delhi
TRIP_00665,Punjabi Bagh,IGI Airport,12.83,Evening Peak,Weekday,Rain,High,Highway,26.1,29.7,22.185000000000002,34.699121027721425,West,Other,West Delhi
TRIP_00666,Pitampura,Kalkaji,22.07,Evening Peak,Weekday,Clear,High,Main Road,28.9,45.7,24.564999999999998,53.90596376959088,North,South,Other
TRIP_00667,Noida Sector 18,Lajpat Nagar,8.66,Morning Peak,Weekday,Heatwave,High,Main Road,18.4,28.9,15.639999999999999,33.22250639386189,Other,Other,Other
TRIP_00668,Rohini,Pitampura,8.97,Afternoon,Weekday,Clear,Medium,Inner Road,25.2,21.4,21.419999999999998,25.12605042016807,North,North,North Delhi
TRIP_00669,Saket,IGI Airport,11.0,Morning Peak,Weekday,Clear,Very High,Highway,16.4,42.2,13.939999999999998,47.34576757532282,South,Other,South Delhi
TRIP_00670,Rajouri Garden,Kalkaji,17.69,Morning Peak,Weekday,Clear,Very High,Main Road,10.8,101.8,9.18,115.62091503267975,West,South,Other
TRIP_00671,IGI Airport,Dwarka,6.61,Morning Peak,Weekend,Clear,High,Main Road,29.5,14.2,25.075,15.816550348953143,Other,West,Other
TRIP_00672,Okhla,Mayur Vihar,9.53,Evening Peak,Weekday,Clear,Very High,Highway,20.7,31.5,17.595,32.49786871270247,Other,Other,Other
TRIP_00673,Saket,Hauz Khas,2.85,Afternoon,Weekday,Clear,Medium,Inner Road,19.9,8.6,16.915,10.109370381318358,South,Other,South Delhi
TRIP_00674,Chandni Chowk,Civil Lines,3.35,Evening Peak,Weekend,Clear,High,Highway,36.2,5.5,30.770000000000003,6.53233669158271,Central,Other,Central Delhi
TRIP_00675,AIIMS,Dwarka,16.25,Night,Weekday,Fog,Low,Inner Road,20.4,46.4,17.34,56.22837370242215,Other,West,Other
TRIP_00676,Okhla,Chandni Chowk,13.88,Afternoon,Weekday,Clear,Medium,Main Road,30.1,29.3,25.585,32.55032245456322,Other,Central,Other
TRIP_00677,Connaught Place,Punjabi Bagh,9.3,Morning Peak,Weekday,Clear,Very High,Main Road,11.0,50.7,9.35,59.679144385026746,Central,West,Central Delhi
TRIP_00678,AIIMS,Janakpuri,13.39,Morning Peak,Weekday,Clear,Very High,Main Road,15.1,58.9,12.834999999999999,62.59446825087652,Other,West,Other
TRIP_00679,Kalkaji,Okhla,1.94,Evening Peak,Weekday,Clear,Low,Inner Road,18.3,6.5,15.555,7.483124397299903,South,Other,South Delhi
TRIP_00680,Rajouri Garden,Connaught Place,9.35,Morning Peak,Weekday,Clear,Very High,Main Road,11.8,46.8,10.030000000000001,55.9322033898305,West,Central,Other
TRIP_00681,Janakpuri,Mayur Vihar,20.24,Evening Peak,Weekday,Rain,Medium,Main Road,20.7,58.3,17.595,69.01960784313725,West,Other,West Delhi
TRIP_00682,Rohini,Civil Lines,18.15,Evening Peak,Weekday,Clear,Very High,Main Road,9.8,116.7,8.33,130.73229291716686,North,Other,North Delhi
TRIP_00683,Shahdara,Okhla,15.92,Afternoon,Weekday,Clear,Medium,Main Road,34.4,28.7,29.24,32.667578659370726,Other,Other,Other
TRIP_00684,Kalkaji,Noida Sector 18,8.19,Morning Peak,Weekend,Clear,Very High,Inner Road,8.2,68.8,6.969999999999999,70.50215208034433,South,Other,South Delhi
TRIP_00685,Shahdara,Noida Sector 18,12.02,Afternoon,Weekday,Clear,Very High,Highway,17.3,42.2,14.705,49.04454267256035,Other,Other,Other
TRIP_00686,Karol Bagh,Punjabi Bagh,6.08,Morning Peak,Weekend,Clear,High,Inner Road,18.3,19.8,15.555,23.452266152362583,Central,West,Central Delhi
TRIP_00687,Chandni Chowk,Lajpat Nagar,8.98,Morning Peak,Weekday,Rain,Very High,Highway,11.8,46.3,10.030000000000001,53.71884346959122,Central,Other,Central Delhi
TRIP_00688,Rajouri Garden,Kalkaji,17.69,Evening Peak,Weekday,Clear,High,Main Road,19.6,55.3,16.66,63.70948379351741,West,South,Other
TRIP_00689,Okhla,Vasant Kunj,11.21,Night,Weekend,Clear,Low,Highway,91.0,8.9,77.35,8.695539754363285,Other,South,Other
TRIP_00690,Punjabi Bagh,Pitampura,3.98,Morning Peak,Weekday,Clear,High,Main Road,23.7,10.6,20.145,11.854058078927775,West,North,West Delhi
TRIP_00691,Chandni Chowk,Karol Bagh,3.94,Evening Peak,Weekend,Clear,High,Main Road,18.4,13.5,15.639999999999999,15.115089514066497,Central,Central,Central Delhi
TRIP_00692,IGI Airport,Dwarka,6.61,Evening Peak,Weekend,Clear,Very High,Main Road,11.7,33.0,9.944999999999999,39.87933634992459,Other,West,Other
TRIP_00693,Preet Vihar,Nehru Place,10.93,Morning Peak,Weekday,Rain,Low,Main Road,25.1,26.3,21.335,30.738223576283097,Other,Other,Other
TRIP_00694,Chandni Chowk,Saket,14.23,Morning Peak,Weekday,Clear,Low,Highway,79.3,11.2,67.405,12.66671611898227,Central,South,Central Delhi
TRIP_00695,Connaught Place,Vasant Kunj,13.75,Morning Peak,Weekday,Heatwave,High,Main Road,27.9,31.2,23.715,34.78810879190386,Central,South,Central Delhi
TRIP_00696,Mayur Vihar,Saket,13.17,Night,Weekday,Clear,Medium,Main Road,43.7,18.1,37.145,21.27338807376497,Other,South,Other
TRIP_00697,Nehru Place,Noida Sector 18,7.47,Evening Peak,Weekday,Clear,Very High,Highway,17.3,26.2,14.705,30.479428765725945,Other,Other,Other
TRIP_00698,Saket,Chandni Chowk,14.23,Afternoon,Weekend,Clear,Low,Main Road,59.9,14.0,50.915,16.769125012275364,South,Central,South Delhi
TRIP_00699,Nehru Place,AIIMS,4.68,Morning Peak,Weekday,Clear,High,Inner Road,17.1,18.0,14.535,19.318885448916408,Other,Other,Other
TRIP_00700,Nehru Place,Shahdara,14.22,Morning Peak,Weekday,Heatwave,Very High,Inner Road,8.4,99.8,7.14,119.49579831932775,Other,Other,Other
TRIP_00701,Greater Kailash,AIIMS,3.26,Afternoon,Weekday,Clear,Low,Inner Road,32.8,6.1,27.879999999999995,7.015781922525108,South,Other,South Delhi
TRIP_00702,Rohini,Saket,29.0,Morning Peak,Weekend,Clear,High,Highway,41.6,41.5,35.36,49.20814479638009,North,South,North Delhi
TRIP_00703,Mayur Vihar,Dwarka,24.43,Afternoon,Weekday,Rain,Medium,Main Road,24.1,62.8,20.485,71.55479619233586,Other,West,Other
TRIP_00704,Lajpat Nagar,Mayur Vihar,7.45,Afternoon,Weekday,Clear,Medium,Main Road,31.5,14.6,26.775,16.69467787114846,Other,Other,Other
TRIP_00705,Greater Kailash,Punjabi Bagh,16.84,Evening Peak,Weekday,Rain,High,Main Road,12.3,90.8,10.455,96.64275466284074,South,West,South Delhi
TRIP_00706,Shahdara,Civil Lines,6.29,Evening Peak,Weekday,Fog,Medium,Highway,32.6,11.9,27.71,13.61963190184049,Other,Other,Other
TRIP_00707,Greater Kailash,AIIMS,3.26,Afternoon,Weekday,Clear,Medium,Main Road,26.5,7.4,22.525,8.683684794672585,South,Other,South Delhi
TRIP_00708,Connaught Place,Greater Kailash,9.57,Afternoon,Weekday,Heatwave,Medium,Main Road,27.3,21.2,23.205,24.744667097608275,Central,South,Central Delhi
TRIP_00709,Kalkaji,Okhla,1.94,Afternoon,Weekday,Clear,Medium,Inner Road,23.2,5.1,19.72,5.9026369168357,South,Other,South Delhi
TRIP_00710,Mayur Vihar,Connaught Place,7.89,Evening Peak,Weekday,Clear,High,Highway,37.9,12.3,32.214999999999996,14.695017848828188,Other,Central,Other
TRIP_00711,Greater Kailash,Civil Lines,14.87,Evening Peak,Weekday,Clear,Very High,Highway,18.9,46.9,16.064999999999998,55.53688141923436,South,Other,South Delhi
TRIP_00712,Nehru Place,Civil Lines,14.85,Morning Peak,Weekend,Heatwave,Medium,Inner Road,26.0,33.4,22.099999999999998,40.31674208144797,Other,Other,Other
TRIP_00713,Connaught Place,Shahdara,8.44,Evening Peak,Weekend,Fog,High,Main Road,11.7,42.1,9.944999999999999,50.92006033182504,Central,Other,Central Delhi
TRIP_00714,Connaught Place,Shahdara,8.44,Evening Peak,Weekday,Clear,Low,Highway,63.0,7.9,53.55,9.456582633053221,Central,Other,Central Delhi
TRIP_00715,Preet Vihar,Connaught Place,7.48,Evening Peak,Weekend,Heatwave,Very High,Inner Road,8.8,50.3,7.48,60.0,Other,Central,Other
TRIP_00716,IGI Airport,Kalkaji,15.01,Morning Peak,Weekend,Clear,High,Main Road,26.9,32.9,22.865,39.38771047452438,Other,South,Other
TRIP_00717,Connaught Place,Saket,11.95,Morning Peak,Weekend,Clear,Low,Highway,78.3,9.5,66.55499999999999,10.77304485012396,Central,South,Central Delhi
TRIP_00718,Okhla,Janakpuri,20.56,Morning Peak,Weekend,Clear,Medium,Highway,58.9,21.0,50.065,24.63996804154599,Other,West,Other
TRIP_00719,Connaught Place,Rajouri Garden,9.35,Afternoon,Weekday,Clear,Low,Highway,66.7,8.8,56.695,9.895052473763117,Central,West,Central Delhi
TRIP_00720,Vasant Kunj,Kalkaji,9.44,Evening Peak,Weekend,Clear,Very High,Inner Road,8.2,73.0,6.969999999999999,81.26255380200861,South,South,South Delhi
TRIP_00721,Noida Sector 18,Hauz Khas,12.51,Night,Weekday,Clear,Low,Main Road,56.6,13.2,48.11,15.601745998752858,Other,Other,Other
TRIP_00722,Preet Vihar,Dwarka,24.67,Afternoon,Weekend,Rain,Medium,Highway,42.9,36.2,36.464999999999996,40.59234882764295,Other,West,Other
TRIP_00723,Noida Sector 18,Hauz Khas,12.51,Evening Peak,Weekday,Heatwave,Very High,Main Road,10.0,74.3,8.5,88.30588235294117,Other,Other,Other
TRIP_00724,Pitampura,Model Town,5.98,Evening Peak,Weekday,Clear,Very High,Main Road,13.1,27.5,11.135,32.22272114952852,North,North,Other
TRIP_00725,Connaught Place,Karol Bagh,3.42,Afternoon,Weekend,Clear,High,Inner Road,19.2,10.7,16.32,12.573529411764707,Central,Central,Central Delhi
TRIP_00726,Saket,IGI Airport,11.0,Evening Peak,Weekday,Clear,Very High,Highway,19.4,34.9,16.49,40.02425712553063,South,Other,South Delhi
TRIP_00727,Vasant Kunj,Chandni Chowk,16.27,Afternoon,Weekday,Heatwave,Medium,Highway,51.4,19.7,43.69,22.34378576333257,South,Central,South Delhi
TRIP_00728,Noida Sector 18,Preet Vihar,8.57,Evening Peak,Weekday,Clear,Very High,Main Road,13.3,39.0,11.305,45.484298982751,Other,Other,Other
TRIP_00729,Vasant Kunj,Dwarka,13.52,Morning Peak,Weekday,Heatwave,Very High,Main Road,13.2,60.3,11.219999999999999,72.29946524064172,South,West,South Delhi
TRIP_00730,Janakpuri,Shahdara,20.44,Afternoon,Weekday,Clear,Medium,Highway,54.9,22.3,46.665,26.28093860495018,West,Other,West Delhi
TRIP_00731,IGI Airport,Punjabi Bagh,12.83,Morning Peak,Weekday,Fog,Very High,Main Road,7.4,105.4,6.29,122.38473767885534,Other,West,Other
TRIP_00732,Vasant Kunj,IGI Airport,6.9,Evening Peak,Weekend,Clear,Medium,Main Road,39.0,11.1,33.15,12.48868778280543,South,Other,South Delhi
TRIP_00733,Preet Vihar,Shahdara,3.56,Afternoon,Weekend,Heatwave,Medium,Inner Road,19.6,10.8,16.66,12.821128451380552,Other,Other,Other
TRIP_00734,Rohini,Lajpat Nagar,26.64,Evening Peak,Weekday,Rain,High,Highway,23.1,71.6,19.635,81.40565317035905,North,Other,North Delhi
TRIP_00735,Noida Sector 18,Rajouri Garden,21.63,Evening Peak,Weekday,Clear,High,Main Road,28.0,50.5,23.8,54.52941176470588,Other,West,Other
TRIP_00736,AIIMS,Shahdara,14.08,Evening Peak,Weekend,Clear,Low,Main Road,34.0,24.8,28.9,29.231833910034602,Other,Other,Other
TRIP_00737,Shahdara,AIIMS,14.08,Evening Peak,Weekday,Clear,Very High,Highway,18.9,45.0,16.064999999999998,52.58636788048554,Other,Other,Other
TRIP_00738,Greater Kailash,Civil Lines,14.87,Night,Weekday,Clear,Low,Inner Road,28.6,34.7,24.310000000000002,36.70094611271081,South,Other,South Delhi
TRIP_00739,Civil Lines,Hauz Khas,14.76,Evening Peak,Weekday,Rain,Very High,Highway,11.6,79.6,9.86,89.81744421906694,Other,Other,Other
TRIP_00740,Punjabi Bagh,Nehru Place,17.83,Afternoon,Weekday,Clear,Very High,Highway,18.9,59.4,16.064999999999998,66.59197012138189,West,Other,West Delhi
TRIP_00741,Janakpuri,Chandni Chowk,14.33,Morning Peak,Weekend,Heatwave,Low,Main Road,35.0,25.4,29.75,28.90084033613445,West,Central,West Delhi
TRIP_00742,Model Town,Rajouri Garden,10.2,Morning Peak,Weekday,Clear,Very High,Main Road,12.8,47.8,10.88,56.24999999999999,North,West,North Delhi
TRIP_00743,AIIMS,Janakpuri,13.39,Afternoon,Weekend,Heatwave,Medium,Main Road,26.5,29.4,22.525,35.66703662597114,Other,West,Other
TRIP_00744,Shahdara,IGI Airport,22.57,Afternoon,Weekend,Clear,Medium,Highway,49.6,28.1,42.16,32.12049335863378,Other,Other,Other
TRIP_00745,Rohini,Vasant Kunj,27.39,Evening Peak,Weekday,Clear,High,Main Road,23.6,69.5,20.060000000000002,81.92422731804585,North,South,North Delhi
TRIP_00746,Punjabi Bagh,Mayur Vihar,17.1,Evening Peak,Weekday,Clear,Very High,Main Road,11.5,91.3,9.775,104.96163682864452,West,Other,West Delhi
TRIP_00747,Vasant Kunj,Mayur Vihar,17.08,Evening Peak,Weekday,Clear,High,Main Road,24.0,45.0,20.4,50.23529411764706,South,Other,South Delhi
TRIP_00748,Noida Sector 18,Dwarka,27.45,Morning Peak,Weekday,Clear,High,Main Road,19.4,87.0,16.49,99.87871437234688,Other,West,Other
TRIP_00749,Model Town,Shahdara,10.5,Afternoon,Weekday,Rain,Low,Main Road,38.2,19.7,32.47,19.402525408068986,North,Other,North Delhi
TRIP_00750,Nehru Place,Pitampura,20.88,Evening Peak,Weekend,Clear,Medium,Highway,52.8,23.3,44.879999999999995,27.9144385026738,Other,North,Other
TRIP_00751,Civil Lines,Janakpuri,14.89,Morning Peak,Weekday,Clear,Very High,Highway,17.3,50.1,14.705,60.75484529071745,Other,West,Other
TRIP_00752,Pitampura,Vasant Kunj,20.67,Night,Weekend,Clear,Low,Highway,72.7,18.2,61.795,20.069584917873613,North,South,Other
TRIP_00753,Model Town,Noida Sector 18,20.73,Evening Peak,Weekday,Fog,High,Highway,18.9,64.7,16.064999999999998,77.4229691876751,North,Other,North Delhi
TRIP_00754,AIIMS,Rohini,25.2,Afternoon,Weekday,Fog,High,Highway,19.3,80.1,16.405,92.16702224931423,Other,North,Other
TRIP_00755,AIIMS,IGI Airport,10.81,Evening Peak,Weekday,Heatwave,Medium,Main Road,31.9,21.3,27.115,23.92033929559285,Other,Other,Other
TRIP_00756,Rohini,Civil Lines,18.15,Morning Peak,Weekday,Clear,Very High,Highway,15.7,71.3,13.344999999999999,81.60359685275384,North,Other,North Delhi
TRIP_00757,Greater Kailash,Okhla,4.03,Afternoon,Weekday,Rain,Low,Inner Road,11.7,21.4,9.944999999999999,24.31372549019608,South,Other,South Delhi
TRIP_00758,IGI Airport,Chandni Chowk,16.54,Morning Peak,Weekday,Clear,High,Highway,36.6,27.9,31.11,31.899710703953712,Other,Central,Other
TRIP_00759,Model Town,Punjabi Bagh,7.93,Afternoon,Weekday,Rain,High,Inner Road,8.4,55.3,7.14,66.63865546218487,North,West,North Delhi
TRIP_00760,IGI Airport,Hauz Khas,9.81,Evening Peak,Weekday,Rain,Very High,Main Road,6.5,99.2,5.5249999999999995,106.53393665158373,Other,Other,Other
TRIP_00761,Mayur Vihar,Saket,13.17,Morning Peak,Weekday,Rain,Very High,Highway,10.7,81.9,9.094999999999999,86.88290269378781,Other,South,Other
TRIP_00762,Model Town,Nehru Place,19.38,Evening Peak,Weekday,Rain,High,Highway,27.4,42.8,23.29,49.92700729927007,North,Other,North Delhi
TRIP_00763,Rohini,AIIMS,25.2,Evening Peak,Weekday,Rain,Very High,Highway,12.6,123.2,10.709999999999999,141.1764705882353,North,Other,North Delhi
TRIP_00764,AIIMS,Punjabi Bagh,13.63,Morning Peak,Weekday,Rain,Medium,Inner Road,15.1,56.2,12.834999999999999,63.71640046747176,Other,West,Other
TRIP_00765,IGI Airport,Karol Bagh,13.83,Evening Peak,Weekday,Rain,High,Main Road,19.0,44.8,16.15,51.38080495356038,Other,Central,Other
TRIP_00766,Kalkaji,Janakpuri,18.68,Afternoon,Weekend,Fog,Medium,Highway,30.7,36.2,26.095,42.95075684997126,South,West,South Delhi
TRIP_00767,Hauz Khas,Mayur Vihar,11.72,Afternoon,Weekday,Clear,Low,Main Road,36.6,20.1,31.11,22.60366441658631,Other,Other,Other
TRIP_00768,Mayur Vihar,Vasant Kunj,17.08,Night,Weekday,Clear,Medium,Main Road,28.7,34.7,24.395,42.00860832137733,Other,South,Other
TRIP_00769,Greater Kailash,Rajouri Garden,15.57,Morning Peak,Weekend,Rain,High,Highway,23.9,39.6,20.314999999999998,45.985724833866605,South,West,South Delhi
TRIP_00770,AIIMS,Dwarka,16.25,Morning Peak,Weekend,Clear,Very High,Highway,18.3,53.8,15.555,62.68081002892961,Other,West,Other
TRIP_00771,Karol Bagh,Mayur Vihar,11.04,Afternoon,Weekday,Rain,High,Highway,27.6,24.1,23.46,28.235294117647054,Central,Other,Central Delhi
TRIP_00772,AIIMS,Model Town,16.52,Evening Peak,Weekday,Heatwave,High,Main Road,22.3,44.0,18.955000000000002,52.29227116855711,Other,North,Other
TRIP_00773,Preet Vihar,Model Town,12.75,Morning Peak,Weekday,Clear,High,Inner Road,12.9,58.1,10.965,69.76744186046513,Other,North,Other
TRIP_00774,Mayur Vihar,Chandni Chowk,7.47,Afternoon,Weekend,Heatwave,Very High,Main Road,9.6,54.4,8.16,54.92647058823529,Other,Central,Other
TRIP_00775,Janakpuri,Punjabi Bagh,6.67,Afternoon,Weekday,Rain,Medium,Inner Road,16.1,26.3,13.685,29.243697478991596,West,West,West Delhi
TRIP_00776,Vasant Kunj,Janakpuri,13.24,Morning Peak,Weekday,Clear,High,Main Road,17.9,45.3,15.214999999999998,52.21163325665463,South,West,South Delhi
TRIP_00777,Saket,Kalkaji,4.6,Evening Peak,Weekday,Clear,Very High,Inner Road,7.7,37.0,6.545,42.16959511077158,South,South,South Delhi
TRIP_00778,Hauz Khas,Punjabi Bagh,14.84,Evening Peak,Weekday,Clear,Very High,Highway,17.1,51.4,14.535,61.25902992776058,Other,West,Other
TRIP_00779,IGI Airport,Rajouri Garden,10.32,Morning Peak,Weekday,Clear,High,Main Road,28.4,22.0,24.139999999999997,25.650372825186416,Other,West,Other
TRIP_00780,Chandni Chowk,Vasant Kunj,16.27,Morning Peak,Weekend,Clear,Very High,Main Road,12.4,78.1,10.54,92.61859582542695,Central,South,Central Delhi
TRIP_00781,Noida Sector 18,Hauz Khas,12.51,Night,Weekday,Clear,Low,Main Road,40.3,18.4,34.254999999999995,21.91212961611444,Other,Other,Other
TRIP_00782,Mayur Vihar,Connaught Place,7.89,Afternoon,Weekday,Clear,Medium,Highway,49.0,9.5,41.65,11.366146458583433,Other,Central,Other
TRIP_00783,Greater Kailash,Civil Lines,14.87,Evening Peak,Weekday,Rain,Very High,Main Road,6.4,136.6,5.44,164.00735294117644,South,Other,South Delhi
TRIP_00784,Shahdara,Punjabi Bagh,15.41,Morning Peak,Weekday,Clear,Medium,Highway,59.1,16.0,50.235,18.40549417736638,Other,West,Other
TRIP_00785,Okhla,Civil Lines,17.22,Evening Peak,Weekend,Rain,Very High,Main Road,6.7,154.3,5.695,181.4223002633889,Other,Other,Other
TRIP_00786,Noida Sector 18,Janakpuri,23.96,Night,Weekend,Clear,Low,Highway,74.5,18.9,63.324999999999996,22.701934465061196,Other,West,Other
TRIP_00787,Kalkaji,Saket,4.6,Morning Peak,Weekday,Clear,High,Inner Road,16.6,17.2,14.110000000000001,19.560595322466334,South,South,South Delhi
TRIP_00788,Saket,Hauz Khas,2.85,Morning Peak,Weekday,Fog,Very High,Inner Road,4.9,39.5,4.165,41.05642256902761,South,Other,South Delhi
TRIP_00789,Vasant Kunj,Nehru Place,9.97,Evening Peak,Weekday,Clear,Very High,Highway,20.1,30.6,17.085,35.01316944688323,South,Other,South Delhi
TRIP_00790,Civil Lines,Nehru Place,14.85,Evening Peak,Weekday,Clear,Medium,Main Road,36.9,24.5,31.365,28.407460545193686,Other,Other,Other
TRIP_00791,Nehru Place,Shahdara,14.22,Morning Peak,Weekday,Heatwave,Very High,Highway,19.1,47.7,16.235,52.553125962426854,Other,Other,Other
TRIP_00792,Kalkaji,Janakpuri,18.68,Afternoon,Weekend,Clear,Medium,Main Road,43.7,26.5,37.145,30.173643828240674,South,West,South Delhi
TRIP_00793,Preet Vihar,Vasant Kunj,18.93,Afternoon,Weekday,Clear,Low,Main Road,56.8,20.8,48.279999999999994,23.525269262634634,Other,South,Other
TRIP_00794,AIIMS,Janakpuri,13.39,Night,Weekday,Heatwave,High,Inner Road,11.2,75.0,9.52,84.39075630252101,Other,West,Other
TRIP_00795,Noida Sector 18,IGI Airport,22.12,Morning Peak,Weekday,Clear,Very High,Highway,22.6,59.4,19.21,69.08901613742843,Other,Other,Other
TRIP_00796,Hauz Khas,Saket,2.85,Evening Peak,Weekday,Fog,High,Inner Road,8.0,22.2,6.8,25.147058823529413,Other,South,Other
TRIP_00797,Mayur Vihar,Shahdara,6.61,Morning Peak,Weekday,Heatwave,Very High,Inner Road,8.0,51.0,6.8,58.32352941176471,Other,Other,Other
TRIP_00798,Pitampura,Kalkaji,22.07,Evening Peak,Weekday,Clear,High,Highway,36.3,35.9,30.854999999999997,42.91686922702966,North,South,Other
TRIP_00799,Noida Sector 18,Civil Lines,15.73,Morning Peak,Weekday,Clear,Very High,Main Road,13.8,67.0,11.73,80.46035805626599,Other,Other,Other
TRIP_00800,Okhla,Chandni Chowk,13.88,Afternoon,Weekday,Clear,Medium,Main Road,28.8,28.9,24.48,34.01960784313725,Other,Central,Other
TRIP_00801,AIIMS,Mayur Vihar,9.79,Evening Peak,Weekday,Rain,Very High,Main Road,8.6,71.0,7.31,80.35567715458275,Other,Other,Other
TRIP_00802,Rajouri Garden,Dwarka,9.64,Morning Peak,Weekday,Clear,High,Main Road,27.2,21.2,23.119999999999997,25.017301038062286,West,West,Other
TRIP_00803,Shahdara,Vasant Kunj,21.4,Evening Peak,Weekend,Clear,Low,Highway,74.5,18.3,63.324999999999996,20.276352151598893,Other,South,Other
TRIP_00804,Okhla,Lajpat Nagar,5.46,Evening Peak,Weekend,Clear,High,Main Road,19.4,16.6,16.49,19.86658580958157,Other,Other,Other
TRIP_00805,Rajouri Garden,Saket,15.91,Morning Peak,Weekend,Clear,High,Highway,34.0,28.3,28.9,33.03114186851211,West,South,Other
TRIP_00806,Dwarka,Kalkaji,21.07,Afternoon,Weekday,Clear,High,Highway,33.3,38.8,28.304999999999996,44.663487016428206,West,South,West Delhi
TRIP_00807,Shahdara,Connaught Place,8.44,Evening Peak,Weekday,Clear,Very High,Main Road,14.1,36.9,11.985,42.25281602002503,Other,Central,Other
TRIP_00808,Connaught Place,Model Town,9.58,Afternoon,Weekend,Heatwave,Low,Inner Road,37.0,15.7,31.45,18.276629570747218,Central,North,Central Delhi
TRIP_00809,Civil Lines,Okhla,17.22,Morning Peak,Weekday,Clear,High,Highway,44.0,23.0,37.4,27.62566844919786,Other,Other,Other
TRIP_00810,Kalkaji,Vasant Kunj,9.44,Night,Weekday,Clear,High,Inner Road,16.9,32.8,14.364999999999998,39.429168116950926,South,South,South Delhi
TRIP_00811,Shahdara,Mayur Vihar,6.61,Morning Peak,Weekend,Heatwave,Very High,Inner Road,7.9,53.3,6.715,59.06180193596426,Other,Other,Other
TRIP_00812,Rohini,Preet Vihar,25.98,Evening Peak,Weekday,Heatwave,Very High,Highway,19.1,81.8,16.235,96.01478287650139,North,Other,North Delhi
TRIP_00813,Model Town,Greater Kailash,19.14,Evening Peak,Weekday,Heatwave,Medium,Highway,51.5,22.2,43.775,26.234151913192463,North,South,North Delhi
TRIP_00814,Preet Vihar,Okhla,12.45,Afternoon,Weekend,Rain,Low,Main Road,36.8,20.4,31.279999999999998,23.881074168797955,Other,Other,Other
TRIP_00815,Noida Sector 18,Vasant Kunj,17.44,Morning Peak,Weekday,Clear,High,Highway,31.9,34.6,27.115,38.59118569057718,Other,South,Other
TRIP_00816,Connaught Place,Noida Sector 18,12.67,Evening Peak,Weekday,Heatwave,Very High,Highway,20.7,44.1,17.595,43.20545609548167,Central,Other,Central Delhi
TRIP_00817,Preet Vihar,Pitampura,17.1,Evening Peak,Weekday,Clear,Very High,Highway,20.0,53.6,17.0,60.35294117647059,Other,North,Other
TRIP_00818,Nehru Place,Greater Kailash,1.9,Evening Peak,Weekend,Clear,Low,Inner Road,22.2,5.4,18.869999999999997,6.041335453100159,Other,South,Other
TRIP_00819,Dwarka,Karol Bagh,15.59,Morning Peak,Weekend,Clear,Medium,Main Road,30.9,29.8,26.264999999999997,35.613934894346094,West,Central,West Delhi
TRIP_00820,Dwarka,Punjabi Bagh,11.86,Evening Peak,Weekday,Fog,Very High,Main Road,5.7,129.4,4.845,146.87306501547988,West,West,West Delhi
TRIP_00821,Preet Vihar,Shahdara,3.56,Afternoon,Weekday,Clear,Medium,Inner Road,19.5,11.5,16.575,12.886877828054299,Other,Other,Other
TRIP_00822,Mayur Vihar,AIIMS,9.79,Evening Peak,Weekday,Rain,Very High,Main Road,10.6,54.3,9.01,65.19422863485016,Other,Other,Other
TRIP_00823,Lajpat Nagar,Hauz Khas,4.29,Night,Weekday,Clear,Low,Inner Road,19.5,15.3,16.575,15.529411764705884,Other,Other,Other
TRIP_00824,Noida Sector 18,Vasant Kunj,17.44,Afternoon,Weekday,Clear,High,Main Road,30.7,34.8,26.095,40.099635945583444,Other,South,Other
TRIP_00825,Chandni Chowk,Pitampura,11.29,Evening Peak,Weekend,Clear,Medium,Highway,56.8,13.5,48.279999999999994,14.030654515327258,Central,North,Central Delhi
TRIP_00826,Mayur Vihar,Greater Kailash,9.55,Morning Peak,Weekday,Clear,High,Main Road,23.2,24.4,19.72,29.056795131845846,Other,South,Other
TRIP_00827,Preet Vihar,Karol Bagh,10.02,Afternoon,Weekday,Clear,Medium,Main Road,37.5,15.8,31.875,18.861176470588234,Other,Central,Other
TRIP_00828,Shahdara,Okhla,15.92,Night,Weekday,Clear,Low,Highway,67.3,14.7,57.205,16.697841097806137,Other,Other,Other
TRIP_00829,Saket,IGI Airport,11.0,Morning Peak,Weekend,Clear,High,Highway,38.1,16.9,32.385,20.379805465493284,South,Other,South Delhi
TRIP_00830,Karol Bagh,Connaught Place,3.42,Afternoon,Weekday,Clear,Low,Inner Road,31.5,6.7,26.775,7.663865546218487,Central,Central,Central Delhi
TRIP_00831,Rohini,Punjabi Bagh,11.6,Night,Weekend,Clear,Low,Highway,77.0,10.3,65.45,10.634071810542398,North,West,North Delhi
TRIP_00832,Karol Bagh,Preet Vihar,10.02,Morning Peak,Weekday,Clear,Very High,Main Road,12.3,51.3,10.455,57.503586800573885,Central,Other,Central Delhi
TRIP_00833,Model Town,Noida Sector 18,20.73,Evening Peak,Weekday,Clear,Very High,Main Road,11.0,113.3,9.35,133.02673796791444,North,Other,North Delhi
TRIP_00834,Preet Vihar,Lajpat Nagar,9.58,Evening Peak,Weekday,Heatwave,High,Main Road,21.1,27.5,17.935000000000002,32.0490660719264,Other,Other,Other
TRIP_00835,Rohini,IGI Airport,21.91,Morning Peak,Weekday,Rain,Low,Highway,57.9,23.9,49.214999999999996,26.711368485217925,North,Other,North Delhi
TRIP_00836,Mayur Vihar,Saket,13.17,Morning Peak,Weekend,Fog,Medium,Highway,30.2,26.4,25.669999999999998,30.7830151928321,Other,South,Other
TRIP_00837,Kalkaji,Okhla,1.94,Morning Peak,Weekend,Fog,Low,Main Road,21.1,5.5,17.935000000000002,6.4901031502648445,South,Other,South Delhi
TRIP_00838,Mayur Vihar,IGI Airport,20.09,Evening Peak,Weekday,Clear,High,Main Road,22.6,53.3,19.21,62.74856845393024,Other,Other,Other
TRIP_00839,Rajouri Garden,Chandni Chowk,10.59,Afternoon,Weekday,Rain,Low,Main Road,38.4,16.3,32.64,19.466911764705884,West,Central,Other
TRIP_00840,Okhla,Kalkaji,1.94,Afternoon,Weekday,Clear,Low,Inner Road,33.3,3.5,28.304999999999996,4.112347641759407,Other,South,Other
TRIP_00841,Shahdara,Lajpat Nagar,12.53,Evening Peak,Weekday,Fog,Medium,Highway,27.0,29.1,22.95,32.75816993464052,Other,Other,Other
TRIP_00842,Connaught Place,Karol Bagh,3.42,Evening Peak,Weekday,Clear,Very High,Main Road,9.7,23.6,8.245,24.88781079442086,Central,Central,Central Delhi
TRIP_00843,Janakpuri,Model Town,14.54,Evening Peak,Weekday,Clear,High,Highway,37.0,24.0,31.45,27.73926868044515,West,North,West Delhi
TRIP_00844,Vasant Kunj,IGI Airport,6.9,Morning Peak,Weekend,Fog,Medium,Main Road,19.2,22.5,16.32,25.36764705882353,South,Other,South Delhi
TRIP_00845,Janakpuri,Rajouri Garden,4.38,Night,Weekday,Clear,Low,Inner Road,19.4,13.7,16.49,15.936931473620376,West,West,West Delhi
TRIP_00846,Saket,Okhla,6.33,Evening Peak,Weekday,Clear,High,Inner Road,17.9,22.0,15.214999999999998,24.962208347025964,South,Other,South Delhi
TRIP_00847,Lajpat Nagar,Rohini,26.64,Afternoon,Weekday,Rain,High,Highway,23.0,70.9,19.55,81.75959079283888,Other,North,Other
TRIP_00848,Chandni Chowk,Janakpuri,14.33,Night,Weekday,Fog,High,Inner Road,10.5,86.7,8.924999999999999,96.33613445378153,Central,West,Central Delhi
TRIP_00849,Noida Sector 18,Chandni Chowk,12.9,Afternoon,Weekday,Clear,Medium,Main Road,32.2,27.9,27.37,28.279137742053344,Other,Central,Other
TRIP_00850,Kalkaji,IGI Airport,15.01,Afternoon,Weekday,Clear,Low,Highway,78.8,12.6,66.97999999999999,13.445804717826219,South,Other,South Delhi
TRIP_00851,Punjabi Bagh,Karol Bagh,6.08,Morning Peak,Weekday,Fog,Low,Inner Road,10.7,34.9,9.094999999999999,40.10995052226498,West,Central,West Delhi
TRIP_00852,Mayur Vihar,Model Town,15.05,Evening Peak,Weekend,Rain,High,Main Road,12.4,76.2,10.54,85.67362428842505,Other,North,Other
TRIP_00853,Pitampura,Preet Vihar,17.1,Afternoon,Weekday,Clear,Medium,Highway,60.2,17.6,51.17,20.050811022083252,North,Other,Other
TRIP_00854,Mayur Vihar,Civil Lines,10.05,Night,Weekday,Clear,Medium,Highway,51.5,12.4,43.775,13.774985722444319,Other,Other,Other
TRIP_00855,Connaught Place,Model Town,9.58,Afternoon,Weekday,Fog,High,Inner Road,8.0,71.1,6.8,84.52941176470588,Central,North,Central Delhi
TRIP_00856,Greater Kailash,Chandni Chowk,11.55,Afternoon,Weekday,Clear,Medium,Main Road,38.2,19.7,32.47,21.342777948875884,South,Central,South Delhi
TRIP_00857,Chandni Chowk,Connaught Place,2.54,Afternoon,Weekday,Clear,High,Inner Road,15.9,9.5,13.515,11.276359600443952,Central,Central,Central Delhi
TRIP_00858,IGI Airport,Civil Lines,18.43,Afternoon,Weekday,Clear,High,Main Road,26.1,42.8,22.185000000000002,49.8444895199459,Other,Other,Other
TRIP_00859,Dwarka,IGI Airport,6.61,Evening Peak,Weekday,Heatwave,Very High,Main Road,11.1,34.8,9.434999999999999,42.03497615262322,West,Other,West Delhi
TRIP_00860,Model Town,Chandni Chowk,8.08,Evening Peak,Weekday,Clear,Very High,Main Road,12.1,42.4,10.285,47.13660670879923,North,Central,North Delhi
TRIP_00861,Preet Vihar,Chandni Chowk,6.1,Morning Peak,Weekday,Fog,Low,Main Road,23.9,15.5,20.314999999999998,18.01624415456559,Other,Central,Other
TRIP_00862,Janakpuri,Karol Bagh,10.56,Evening Peak,Weekday,Heatwave,High,Highway,38.1,17.4,32.385,19.564613246873556,West,Central,West Delhi
TRIP_00863,Preet Vihar,Rajouri Garden,16.6,Morning Peak,Weekend,Rain,Medium,Highway,38.2,25.9,32.47,30.674468740375733,Other,West,Other
TRIP_00864,Rohini,AIIMS,25.2,Afternoon,Weekday,Heatwave,Medium,Main Road,33.1,45.6,28.135,53.74089212724364,North,Other,North Delhi
TRIP_00865,Model Town,Greater Kailash,19.14,Evening Peak,Weekday,Clear,High,Inner Road,18.7,61.7,15.895,72.24913494809688,North,South,North Delhi
TRIP_00866,Vasant Kunj,Hauz Khas,5.36,Morning Peak,Weekday,Clear,Medium,Inner Road,25.1,13.0,21.335,15.073822357628309,South,Other,South Delhi
TRIP_00867,Vasant Kunj,Karol Bagh,15.08,Evening Peak,Weekend,Rain,Medium,Highway,38.2,24.6,32.47,27.865722205112412,South,Central,South Delhi
TRIP_00868,Saket,Shahdara,18.39,Evening Peak,Weekend,Clear,Medium,Highway,47.8,26.5,40.629999999999995,27.157272951021415,South,Other,South Delhi
TRIP_00869,Noida Sector 18,AIIMS,11.33,Afternoon,Weekend,Clear,Low,Highway,64.7,11.1,54.995,12.361123738521686,Other,Other,Other
TRIP_00870,Hauz Khas,Saket,2.85,Afternoon,Weekday,Rain,High,Main Road,12.8,13.6,10.88,15.716911764705884,Other,South,Other
TRIP_00871,Lajpat Nagar,IGI Airport,13.5,Evening Peak,Weekend,Clear,High,Main Road,23.4,34.9,19.889999999999997,40.7239819004525,Other,Other,Other
TRIP_00872,IGI Airport,AIIMS,10.81,Night,Weekday,Rain,Low,Highway,58.6,11.4,49.81,13.021481630194739,Other,Other,Other
TRIP_00873,Punjabi Bagh,Lajpat Nagar,15.06,Afternoon,Weekday,Heatwave,Medium,Main Road,31.8,28.6,27.03,33.42952275249723,West,Other,West Delhi
TRIP_00874,Karol Bagh,Lajpat Nagar,10.19,Afternoon,Weekday,Clear,Medium,Highway,49.9,12.6,42.415,14.414711776494164,Central,Other,Central Delhi
TRIP_00875,Saket,Karol Bagh,14.26,Night,Weekday,Fog,Low,Inner Road,20.2,41.7,17.169999999999998,49.83110075713454,South,Central,South Delhi
TRIP_00876,Kalkaji,Dwarka,21.07,Morning Peak,Weekend,Clear,Low,Highway,64.2,20.5,54.57,23.166575041231447,South,West,South Delhi
TRIP_00877,Civil Lines,Rohini,18.15,Afternoon,Weekday,Clear,High,Main Road,27.1,39.0,23.035,47.27588452355111,Other,North,Other
TRIP_00878,Noida Sector 18,Chandni Chowk,12.9,Afternoon,Weekday,Fog,Medium,Highway,35.1,21.7,29.835,25.942684766214178,Other,Central,Other
TRIP_00879,Janakpuri,Civil Lines,14.89,Afternoon,Weekday,Clear,Very High,Highway,19.1,48.7,16.235,55.029257776409,West,Other,West Delhi
TRIP_00880,Saket,Pitampura,21.25,Night,Weekday,Clear,Low,Highway,79.2,17.8,67.32000000000001,18.939393939393938,South,North,South Delhi
TRIP_00881,Rohini,Saket,29.0,Afternoon,Weekday,Heatwave,Very High,Highway,20.4,88.4,17.34,100.34602076124568,North,South,North Delhi
TRIP_00882,Rohini,Kalkaji,30.48,Night,Weekday,Rain,Low,Highway,44.1,42.8,37.485,48.7875150060024,North,South,North Delhi
TRIP_00883,Preet Vihar,AIIMS,11.51,Evening Peak,Weekday,Clear,Very High,Main Road,11.2,68.5,9.52,72.54201680672269,Other,Other,Other
TRIP_00884,Chandni Chowk,Civil Lines,3.35,Evening Peak,Weekend,Clear,Very High,Main Road,10.6,19.1,9.01,22.30854605993341,Central,Other,Central Delhi
TRIP_00885,IGI Airport,Civil Lines,18.43,Evening Peak,Weekend,Clear,Very High,Highway,16.9,67.9,14.364999999999998,76.97876783849635,Other,Other,Other
TRIP_00886,Shahdara,Saket,18.39,Evening Peak,Weekend,Rain,Medium,Inner Road,19.6,58.8,16.66,66.23049219687876,Other,South,Other
TRIP_00887,Civil Lines,Janakpuri,14.89,Evening Peak,Weekday,Rain,High,Main Road,20.1,45.0,17.085,52.29148375768217,Other,West,Other
TRIP_00888,Civil Lines,Chandni Chowk,3.35,Evening Peak,Weekday,Clear,High,Main Road,18.3,10.9,15.555,12.92189006750241,Other,Central,Other
TRIP_00889,IGI Airport,Saket,11.0,Morning Peak,Weekend,Clear,High,Highway,33.5,20.4,28.474999999999998,23.178226514486393,Other,South,Other
TRIP_00890,Janakpuri,Kalkaji,18.68,Evening Peak,Weekday,Fog,Very High,Highway,9.4,121.0,7.99,140.2753441802253,West,South,West Delhi
TRIP_00891,Rohini,AIIMS,25.2,Night,Weekend,Clear,Low,Main Road,53.8,28.4,45.73,33.06363437568336,North,Other,North Delhi
TRIP_00892,Noida Sector 18,Saket,12.72,Morning Peak,Weekday,Heatwave,High,Main Road,24.7,32.3,20.994999999999997,36.35151226482497,Other,South,Other
TRIP_00893,Civil Lines,Pitampura,9.41,Evening Peak,Weekend,Clear,Medium,Main Road,35.8,16.5,30.429999999999996,18.554058494906343,Other,North,Other
TRIP_00894,Kalkaji,Nehru Place,1.51,Evening Peak,Weekday,Heatwave,Very High,Inner Road,8.4,10.7,7.14,12.6890756302521,South,Other,South Delhi
TRIP_00895,Rajouri Garden,Punjabi Bagh,2.52,Afternoon,Weekend,Fog,Medium,Inner Road,7.8,21.8,6.63,22.80542986425339,West,West,Other
TRIP_00896,Pitampura,Okhla,23.54,Afternoon,Weekend,Clear,Low,Highway,76.4,18.8,64.94,21.749307052663998,North,Other,Other
TRIP_00897,Lajpat Nagar,Model Town,16.71,Morning Peak,Weekday,Clear,Very High,Inner Road,8.2,129.0,6.969999999999999,143.84505021520806,Other,North,Other
TRIP_00898,Model Town,Dwarka,19.78,Afternoon,Weekday,Rain,Medium,Main Road,21.6,55.3,18.36,64.640522875817,North,West,North Delhi
TRIP_00899,Kalkaji,Dwarka,21.07,Morning Peak,Weekday,Clear,Very High,Main Road,9.4,131.3,7.99,158.22277847309135,South,West,South Delhi
TRIP_00900,Civil Lines,Hauz Khas,14.76,Evening Peak,Weekday,Clear,Very High,Highway,21.3,44.1,18.105,48.91466445733222,Other,Other,Other
TRIP_00901,Civil Lines,Kalkaji,16.3,Evening Peak,Weekend,Clear,High,Highway,33.8,30.0,28.729999999999997,34.04107205012183,Other,South,Other
TRIP_00902,Greater Kailash,AIIMS,3.26,Evening Peak,Weekday,Clear,High,Main Road,22.4,9.2,19.04,10.27310924369748,South,Other,South Delhi
TRIP_00903,Kalkaji,Shahdara,15.71,Afternoon,Weekday,Rain,Low,Highway,58.6,16.2,49.81,18.923910861272837,South,Other,South Delhi
TRIP_00904,Model Town,Connaught Place,9.58,Afternoon,Weekday,Clear,High,Main Road,28.9,20.9,24.564999999999998,23.3991451251781,North,Central,North Delhi
TRIP_00905,Preet Vihar,IGI Airport,21.04,Afternoon,Weekday,Clear,Medium,Highway,59.2,23.3,50.32,25.08744038155803,Other,Other,Other
TRIP_00906,Chandni Chowk,Rohini,20.26,Morning Peak,Weekday,Fog,Very High,Highway,8.0,148.8,6.8,178.76470588235298,Central,North,Central Delhi
TRIP_00907,Okhla,Noida Sector 18,6.92,Evening Peak,Weekday,Fog,Very High,Main Road,5.3,79.3,4.505,92.16426193118757,Other,Other,Other
TRIP_00908,Punjabi Bagh,AIIMS,13.63,Evening Peak,Weekend,Clear,Medium,Highway,57.5,14.0,48.875,16.732480818414324,West,Other,West Delhi
TRIP_00909,Preet Vihar,Model Town,12.75,Morning Peak,Weekday,Rain,Medium,Main Road,27.9,27.6,23.715,32.25806451612903,Other,North,Other
TRIP_00910,Mayur Vihar,Civil Lines,10.05,Night,Weekday,Clear,Low,Main Road,39.2,18.6,33.32,18.097238895558224,Other,Other,Other
TRIP_00911,Preet Vihar,Rohini,25.98,Morning Peak,Weekday,Rain,Very High,Highway,10.4,148.2,8.84,176.33484162895928,Other,North,Other
TRIP_00912,Mayur Vihar,Rajouri Garden,17.23,Morning Peak,Weekday,Clear,High,Main Road,19.1,54.1,16.235,63.67724052971974,Other,West,Other
TRIP_00913,Karol Bagh,Hauz Khas,11.44,Evening Peak,Weekday,Clear,Very High,Main Road,13.4,52.9,11.39,60.263388937664615,Central,Other,Central Delhi
TRIP_00914,Mayur Vihar,Connaught Place,7.89,Afternoon,Weekend,Clear,Medium,Inner Road,13.8,35.4,11.73,40.35805626598465,Other,Central,Other
TRIP_00915,Janakpuri,Rajouri Garden,4.38,Morning Peak,Weekday,Clear,Very High,Inner Road,7.6,34.0,6.46,40.68111455108359,West,West,West Delhi
TRIP_00916,IGI Airport,Greater Kailash,13.13,Afternoon,Weekend,Rain,Medium,Highway,43.8,17.7,37.23,21.16035455278002,Other,South,Other
TRIP_00917,Kalkaji,Janakpuri,18.68,Morning Peak,Weekday,Clear,Very High,Highway,15.6,74.7,13.26,84.52488687782807,South,West,South Delhi
TRIP_00918,Rajouri Garden,Kalkaji,17.69,Morning Peak,Weekday,Rain,High,Inner Road,8.4,132.3,7.14,148.65546218487395,West,South,Other
TRIP_00919,Hauz Khas,Noida Sector 18,12.51,Morning Peak,Weekday,Clear,High,Main Road,22.0,34.9,18.7,40.13903743315508,Other,Other,Other
TRIP_00920,Dwarka,Shahdara,25.37,Night,Weekend,Rain,Low,Main Road,30.2,53.1,25.669999999999998,59.29879236462797,West,Other,West Delhi
TRIP_00921,Lajpat Nagar,Rajouri Garden,14.1,Evening Peak,Weekday,Rain,Medium,Main Road,20.3,43.5,17.255,49.02926687916546,Other,West,Other
TRIP_00922,Kalkaji,Saket,4.6,Morning Peak,Weekday,Clear,High,Inner Road,15.2,17.9,12.92,21.36222910216718,South,South,South Delhi
TRIP_00923,Karol Bagh,Vasant Kunj,15.08,Evening Peak,Weekday,Clear,Medium,Highway,59.0,15.2,50.15,18.041874376869394,Central,South,Central Delhi
TRIP_00924,Rajouri Garden,Okhla,19.41,Afternoon,Weekday,Rain,Medium,Main Road,20.2,59.0,17.169999999999998,67.82760629004078,West,Other,Other
TRIP_00925,AIIMS,Preet Vihar,11.51,Morning Peak,Weekday,Fog,High,Main Road,11.4,60.9,9.69,71.26934984520123,Other,Other,Other
TRIP_00926,Model Town,Rohini,13.8,Afternoon,Weekday,Fog,Medium,Main Road,17.2,49.0,14.62,56.634746922024625,North,North,North Delhi
TRIP_00927,Connaught Place,Lajpat Nagar,7.13,Morning Peak,Weekday,Fog,High,Main Road,9.6,44.6,8.16,52.4264705882353,Central,Other,Central Delhi
TRIP_00928,Punjabi Bagh,AIIMS,13.63,Evening Peak,Weekday,Clear,High,Main Road,19.7,40.9,16.744999999999997,48.83845924156466,West,Other,West Delhi
TRIP_00929,Shahdara,Preet Vihar,3.56,Afternoon,Weekday,Rain,Low,Inner Road,24.1,9.3,20.485,10.427141811081281,Other,Other,Other
TRIP_00930,Rohini,Preet Vihar,25.98,Afternoon,Weekend,Clear,High,Highway,38.9,41.6,33.065,47.14350521699683,North,Other,North Delhi
TRIP_00931,Mayur Vihar,Preet Vihar,3.05,Afternoon,Weekend,Rain,Medium,Inner Road,17.0,11.3,14.45,12.664359861591695,Other,Other,Other
TRIP_00932,Karol Bagh,Dwarka,15.59,Evening Peak,Weekday,Heatwave,High,Highway,29.9,37.0,25.415,36.805036395829234,Central,West,Central Delhi
TRIP_00933,AIIMS,Nehru Place,4.68,Evening Peak,Weekday,Fog,Medium,Inner Road,8.9,32.9,7.565,37.11830799735624,Other,Other,Other
TRIP_00934,Kalkaji,Noida Sector 18,8.19,Evening Peak,Weekday,Clear,Very High,Main Road,12.4,39.8,10.54,46.62239089184061,South,Other,South Delhi
TRIP_00935,Preet Vihar,Rajouri Garden,16.6,Evening Peak,Weekday,Clear,High,Highway,33.9,28.5,28.814999999999998,34.565330557001566,Other,West,Other
TRIP_00936,Okhla,Hauz Khas,7.23,Evening Peak,Weekend,Clear,Low,Main Road,57.0,7.7,48.449999999999996,8.953560371517028,Other,Other,Other
TRIP_00937,Noida Sector 18,Janakpuri,23.96,Afternoon,Weekday,Clear,Low,Highway,76.1,18.5,64.68499999999999,22.22462703872614,Other,West,Other
TRIP_00938,Saket,IGI Airport,11.0,Evening Peak,Weekday,Clear,High,Main Road,27.5,24.3,23.375,28.235294117647058,South,Other,South Delhi
TRIP_00939,Okhla,Rajouri Garden,19.41,Afternoon,Weekday,Fog,High,Main Road,15.2,85.4,12.92,90.13931888544892,Other,West,Other
TRIP_00940,Connaught Place,Model Town,9.58,Morning Peak,Weekday,Fog,Very High,Inner Road,5.1,110.5,4.335,132.59515570934255,Central,North,Central Delhi
TRIP_00941,Model Town,Nehru Place,19.38,Afternoon,Weekday,Clear,High,Inner Road,8.3,146.8,7.055000000000001,164.8192771084337,North,Other,North Delhi
TRIP_00942,Shahdara,Karol Bagh,9.9,Evening Peak,Weekday,Clear,Very High,Main Road,15.0,44.7,12.75,46.588235294117645,Other,Central,Other
TRIP_00943,Lajpat Nagar,Vasant Kunj,9.65,Night,Weekday,Clear,Low,Main Road,40.6,15.2,34.51,16.77774558099102,Other,South,Other
TRIP_00944,Connaught Place,Noida Sector 18,12.67,Evening Peak,Weekday,Clear,High,Inner Road,8.3,96.2,7.055000000000001,107.75336640680368,Central,Other,Central Delhi
TRIP_00945,Civil Lines,IGI Airport,18.43,Morning Peak,Weekday,Heatwave,Very High,Main Road,13.6,83.1,11.559999999999999,95.65743944636678,Other,Other,Other
TRIP_00946,Nehru Place,Shahdara,14.22,Evening Peak,Weekday,Clear,High,Inner Road,12.3,73.0,10.455,81.60688665710187,Other,Other,Other
TRIP_00947,Okhla,Noida Sector 18,6.92,Morning Peak,Weekday,Fog,High,Highway,19.5,21.4,16.575,25.04977375565611,Other,Other,Other
TRIP_00948,Civil Lines,Preet Vihar,7.88,Evening Peak,Weekday,Rain,High,Highway,27.0,18.3,22.95,20.60130718954248,Other,Other,Other
TRIP_00949,Mayur Vihar,Connaught Place,7.89,Morning Peak,Weekday,Clear,High,Highway,37.7,13.2,32.045,14.772975503198627,Other,Central,Other
TRIP_00950,Model Town,Mayur Vihar,15.05,Morning Peak,Weekday,Rain,High,Highway,23.9,38.4,20.314999999999998,44.4499138567561,North,Other,North Delhi
TRIP_00951,Chandni Chowk,Okhla,13.88,Afternoon,Weekday,Clear,Medium,Main Road,41.1,20.1,34.935,23.838557320738516,Central,Other,Central Delhi
TRIP_00952,Model Town,Hauz Khas,18.43,Evening Peak,Weekday,Clear,Very High,Main Road,9.7,114.0,8.245,134.11764705882354,North,Other,North Delhi
TRIP_00953,Karol Bagh,Civil Lines,4.62,Morning Peak,Weekday,Clear,High,Inner Road,19.6,14.2,16.66,16.638655462184875,Central,Other,Central Delhi
TRIP_00954,Greater Kailash,Vasant Kunj,8.11,Night,Weekday,Clear,Low,Main Road,41.3,12.0,35.105,13.861273322888477,South,South,South Delhi
TRIP_00955,Chandni Chowk,Hauz Khas,11.65,Morning Peak,Weekend,Heatwave,Very High,Highway,15.6,44.8,13.26,52.71493212669683,Central,Other,Central Delhi
TRIP_00956,Shahdara,Okhla,15.92,Evening Peak,Weekday,Rain,Very High,Main Road,10.2,98.7,8.67,110.17301038062284,Other,Other,Other
TRIP_00957,Pitampura,Mayur Vihar,18.76,Afternoon,Weekday,Clear,Very High,Main Road,14.0,86.7,11.9,94.58823529411765,North,Other,Other
TRIP_00958,Civil Lines,Nehru Place,14.85,Morning Peak,Weekday,Clear,High,Main Road,30.0,31.3,25.5,34.94117647058824,Other,Other,Other
TRIP_00959,Rajouri Garden,Pitampura,6.43,Afternoon,Weekend,Heatwave,Medium,Inner Road,10.7,37.0,9.094999999999999,42.418911489829576,West,North,Other
TRIP_00960,Shahdara,Lajpat Nagar,12.53,Afternoon,Weekday,Rain,High,Main Road,18.3,45.3,15.555,48.33172613307618,Other,Other,Other
TRIP_00961,Civil Lines,AIIMS,12.66,Afternoon,Weekday,Clear,Low,Main Road,39.3,19.9,33.404999999999994,22.73911091154019,Other,Other,Other
TRIP_00962,Preet Vihar,Kalkaji,12.39,Afternoon,Weekend,Heatwave,High,Main Road,21.2,34.9,18.02,41.254162042175366,Other,South,Other
TRIP_00963,Vasant Kunj,Rohini,27.39,Morning Peak,Weekend,Clear,Medium,Main Road,40.3,39.6,34.254999999999995,47.975478032404034,South,North,South Delhi
TRIP_00964,Okhla,Rajouri Garden,19.41,Morning Peak,Weekday,Clear,High,Main Road,31.1,37.7,26.435000000000002,44.05522980896538,Other,West,Other
TRIP_00965,Model Town,Punjabi Bagh,7.93,Morning Peak,Weekday,Rain,High,Main Road,14.1,33.8,11.985,39.69962453066333,North,West,North Delhi
TRIP_00966,Rohini,Dwarka,17.53,Evening Peak,Weekday,Clear,High,Highway,38.4,28.2,32.64,32.224264705882355,North,West,North Delhi
TRIP_00967,Kalkaji,Lajpat Nagar,4.08,Morning Peak,Weekend,Rain,High,Highway,29.0,9.8,24.65,9.931034482758623,South,Other,South Delhi
TRIP_00968,Vasant Kunj,Rajouri Garden,14.56,Morning Peak,Weekday,Clear,Low,Highway,64.5,13.8,54.824999999999996,15.9343365253078,South,West,South Delhi
TRIP_00969,Preet Vihar,AIIMS,11.51,Night,Weekend,Clear,Low,Main Road,59.2,12.2,50.32,13.7241653418124,Other,Other,Other
TRIP_00970,Vasant Kunj,Civil Lines,19.08,Afternoon,Weekday,Clear,Medium,Highway,52.9,21.2,44.964999999999996,25.459802068275323,South,Other,South Delhi
TRIP_00971,Vasant Kunj,Rajouri Garden,14.56,Afternoon,Weekday,Heatwave,Low,Main Road,41.4,21.3,35.19,24.82523444160273,South,West,South Delhi
TRIP_00972,Rajouri Garden,Nehru Place,16.77,Afternoon,Weekday,Clear,Low,Main Road,46.3,22.5,39.355,25.5672722652776,West,Other,Other
TRIP_00973,Vasant Kunj,Pitampura,20.67,Afternoon,Weekday,Rain,Medium,Main Road,28.9,42.2,24.564999999999998,50.48646448198657,South,North,South Delhi
TRIP_00974,Civil Lines,Connaught Place,5.49,Morning Peak,Weekend,Clear,Very High,Main Road,13.1,24.9,11.135,29.58239784463404,Other,Central,Other
TRIP_00975,Rohini,Nehru Place,29.42,Afternoon,Weekday,Clear,Medium,Main Road,28.0,64.7,23.8,74.16806722689076,North,Other,North Delhi
TRIP_00976,Hauz Khas,Civil Lines,14.76,Morning Peak,Weekday,Heatwave,Very High,Main Road,10.2,84.9,8.67,102.14532871972318,Other,Other,Other
TRIP_00977,Rohini,Hauz Khas,26.29,Night,Weekday,Clear,Low,Main Road,53.1,29.5,45.135,34.94848786972416,North,Other,North Delhi
TRIP_00978,Saket,Nehru Place,5.32,Evening Peak,Weekday,Fog,Very High,Inner Road,5.2,61.1,4.42,72.21719457013576,South,Other,South Delhi
TRIP_00979,Mayur Vihar,Pitampura,18.76,Afternoon,Weekday,Heatwave,Medium,Main Road,40.4,28.8,34.339999999999996,32.77810133954573,Other,North,Other
TRIP_00980,Kalkaji,Mayur Vihar,9.67,Afternoon,Weekend,Clear,Medium,Main Road,40.9,14.6,34.765,16.68919890694664,South,Other,South Delhi
TRIP_00981,Connaught Place,Shahdara,8.44,Night,Weekend,Clear,Low,Main Road,42.5,12.0,36.125,14.017993079584773,Central,Other,Central Delhi
TRIP_00982,Saket,Hauz Khas,2.85,Afternoon,Weekday,Clear,Low,Inner Road,35.3,5.1,30.004999999999995,5.6990501583069495,South,Other,South Delhi
TRIP_00983,Okhla,Preet Vihar,12.45,Night,Weekday,Clear,High,Main Road,18.5,42.4,15.725,47.50397456279809,Other,Other,Other
TRIP_00984,Greater Kailash,Karol Bagh,12.43,Evening Peak,Weekend,Clear,Medium,Highway,63.5,11.7,53.975,13.817508105604446,South,Central,South Delhi
TRIP_00985,Karol Bagh,Chandni Chowk,3.94,Morning Peak,Weekday,Clear,High,Inner Road,11.7,19.9,9.944999999999999,23.770739064856713,Central,Central,Central Delhi
TRIP_00986,Lajpat Nagar,Mayur Vihar,7.45,Afternoon,Weekday,Clear,High,Main Road,26.8,16.8,22.78,19.622475856014045,Other,Other,Other
TRIP_00987,Vasant Kunj,Connaught Place,13.75,Morning Peak,Weekday,Heatwave,Very High,Main Road,9.0,90.3,7.6499999999999995,107.84313725490196,South,Central,South Delhi
TRIP_00988,Punjabi Bagh,Shahdara,15.41,Afternoon,Weekday,Heatwave,Low,Main Road,37.4,26.0,31.79,29.08461780434099,West,Other,West Delhi
TRIP_00989,IGI Airport,Shahdara,22.57,Night,Weekday,Clear,Low,Highway,65.2,23.7,55.42,24.435221941537353,Other,Other,Other
TRIP_00990,Lajpat Nagar,Hauz Khas,4.29,Morning Peak,Weekday,Clear,Medium,Inner Road,18.1,14.4,15.385000000000002,16.730581735456614,Other,Other,Other
TRIP_00991,Dwarka,Vasant Kunj,13.52,Evening Peak,Weekday,Heatwave,Very High,Highway,15.3,58.5,13.005,62.3760092272203,West,South,West Delhi
TRIP_00992,Rajouri Garden,Mayur Vihar,17.23,Morning Peak,Weekend,Rain,Medium,Highway,32.8,31.0,27.879999999999995,37.080344332855105,West,Other,Other
TRIP_00993,Mayur Vihar,IGI Airport,20.09,Evening Peak,Weekday,Rain,High,Highway,28.8,43.0,24.48,49.24019607843137,Other,Other,Other
TRIP_00994,IGI Airport,Connaught Place,14.14,Night,Weekday,Clear,Medium,Highway,63.8,12.9,54.23,15.644477226627329,Other,Central,Other
TRIP_00995,Nehru Place,Civil Lines,14.85,Evening Peak,Weekend,Clear,Medium,Highway,56.8,15.4,48.279999999999994,18.454846727423366,Other,Other,Other
TRIP_00996,Hauz Khas,Rohini,26.29,Morning Peak,Weekday,Rain,High,Highway,25.2,65.5,21.419999999999998,73.64145658263305,Other,North,Other
TRIP_00997,Dwarka,Saket,17.4,Evening Peak,Weekend,Rain,Very High,Main Road,9.2,129.6,7.819999999999999,133.50383631713555,West,South,West Delhi
TRIP_00998,Hauz Khas,Vasant Kunj,5.36,Night,Weekday,Rain,Low,Main Road,34.5,9.7,29.325,10.966751918158568,Other,South,Other
TRIP_00999,Preet Vihar,Vasant Kunj,18.93,Night,Weekend,Clear,Low,Highway,60.8,19.0,51.68,21.977554179566564,Other,South,Other
TRIP_01000,Nehru Place,Lajpat Nagar,2.8,Night,Weekday,Clear,Low,Main Road,55.1,3.1,46.835,3.587060958684744,Other,Other,Other
TRIP_01001,IGI Airport,Rajouri Garden,10.32,Morning Peak,Weekday,Heatwave,High,Main Road,28.7,22.4,24.395,25.382250461160073,Other,West,Other
TRIP_01002,AIIMS,Pitampura,17.0,Morning Peak,Weekday,Clear,Very High,Main Road,11.7,84.8,9.944999999999999,102.56410256410258,Other,North,Other
TRIP_01003,Civil Lines,Saket,17.43,Evening Peak,Weekday,Clear,Very High,Main Road,12.9,88.5,10.965,95.37619699042408,Other,South,Other
TRIP_01004,Chandni Chowk,Nehru Place,11.5,Afternoon,Weekday,Clear,High,Highway,32.0,21.6,27.2,25.36764705882353,Central,Other,Central Delhi
TRIP_01005,Vasant Kunj,Connaught Place,13.75,Afternoon,Weekday,Clear,High,Main Road,24.6,35.2,20.91,39.45480631276901,South,Central,South Delhi
TRIP_01006,Punjabi Bagh,Rohini,11.6,Evening Peak,Weekday,Heatwave,Medium,Main Road,40.2,16.9,34.17,20.368744512730466,West,North,West Delhi
TRIP_01007,Kalkaji,Model Town,20.77,Morning Peak,Weekend,Clear,High,Main Road,17.7,70.3,15.044999999999998,82.83150548354936,South,North,South Delhi
TRIP_01008,Kalkaji,IGI Airport,15.01,Afternoon,Weekday,Clear,Medium,Main Road,29.1,30.2,24.735,36.409945421467555,South,Other,South Delhi
TRIP_01009,Shahdara,Karol Bagh,9.9,Morning Peak,Weekday,Clear,Low,Main Road,58.6,10.7,49.81,11.92531620156595,Other,Central,Other
TRIP_01010,Chandni Chowk,Preet Vihar,6.1,Night,Weekday,Rain,Medium,Main Road,24.0,16.0,20.4,17.941176470588236,Central,Other,Central Delhi
TRIP_01011,Shahdara,Mayur Vihar,6.61,Morning Peak,Weekend,Clear,Very High,Main Road,12.2,37.0,10.37,38.24493731918997,Other,Other,Other
TRIP_01012,Chandni Chowk,Vasant Kunj,16.27,Afternoon,Weekday,Clear,High,Main Road,17.4,55.3,14.79,66.00405679513185,Central,South,Central Delhi
TRIP_01013,Dwarka,Nehru Place,20.8,Morning Peak,Weekday,Rain,Very High,Highway,11.8,110.9,10.030000000000001,124.42671984047857,West,Other,West Delhi
TRIP_01014,Civil Lines,IGI Airport,18.43,Afternoon,Weekend,Clear,Medium,Highway,58.9,21.0,50.065,22.087286527514234,Other,Other,Other
TRIP_01015,Dwarka,Chandni Chowk,19.18,Morning Peak,Weekday,Heatwave,Very High,Main Road,13.3,85.6,11.305,101.79566563467492,West,Central,West Delhi
TRIP_01016,Shahdara,Civil Lines,6.29,Evening Peak,Weekday,Clear,High,Inner Road,13.4,29.2,11.39,33.134328358208954,Other,Other,Other
TRIP_01017,Connaught Place,Rajouri Garden,9.35,Evening Peak,Weekday,Heatwave,High,Highway,42.6,14.0,36.21,15.492957746478874,Central,West,Central Delhi
TRIP_01018,Karol Bagh,Lajpat Nagar,10.19,Evening Peak,Weekend,Clear,Medium,Inner Road,19.4,31.8,16.49,37.07701637355974,Central,Other,Central Delhi
TRIP_01019,Janakpuri,Punjabi Bagh,6.67,Evening Peak,Weekday,Clear,Medium,Highway,51.6,7.6,43.86,9.124487004103967,West,West,West Delhi
TRIP_01020,IGI Airport,Model Town,19.83,Morning Peak,Weekday,Fog,Very High,Main Road,5.3,227.4,4.505,264.1065482796892,Other,North,Other
TRIP_01021,Vasant Kunj,Nehru Place,9.97,Evening Peak,Weekday,Clear,High,Highway,40.9,17.3,34.765,17.206961024018412,South,Other,South Delhi
TRIP_01022,Shahdara,Model Town,10.5,Evening Peak,Weekend,Heatwave,Medium,Main Road,30.5,20.9,25.925,24.30086788813886,Other,North,Other
TRIP_01023,Vasant Kunj,Model Town,22.01,Afternoon,Weekend,Clear,High,Highway,39.2,39.8,33.32,39.63385354141657,South,North,South Delhi
TRIP_01024,IGI Airport,Shahdara,22.57,Afternoon,Weekend,Clear,Medium,Main Road,31.1,46.1,26.435000000000002,51.22753924721013,Other,Other,Other
TRIP_01025,IGI Airport,Karol Bagh,13.83,Morning Peak,Weekday,Clear,Very High,Main Road,9.0,90.6,7.6499999999999995,108.47058823529413,Other,Central,Other
TRIP_01026,Noida Sector 18,Rajouri Garden,21.63,Afternoon,Weekend,Clear,Medium,Highway,56.1,26.8,47.685,27.21610569361434,Other,West,Other
TRIP_01027,Hauz Khas,Preet Vihar,13.62,Evening Peak,Weekday,Clear,High,Main Road,22.0,37.0,18.7,43.700534759358284,Other,Other,Other
TRIP_01028,Kalkaji,Shahdara,15.71,Afternoon,Weekday,Clear,Very High,Inner Road,8.2,114.2,6.969999999999999,135.23672883787663,South,Other,South Delhi
TRIP_01029,Saket,Vasant Kunj,4.88,Afternoon,Weekday,Clear,High,Inner Road,9.7,29.3,8.245,35.51243177683445,South,South,South Delhi
TRIP_01030,Civil Lines,Kalkaji,16.3,Evening Peak,Weekday,Heatwave,High,Inner Road,15.9,60.1,13.515,72.3640399556049,Other,South,Other
TRIP_01031,Okhla,Greater Kailash,4.03,Evening Peak,Weekday,Clear,High,Inner Road,15.4,16.2,13.09,18.47211611917494,Other,South,Other
TRIP_01032,Shahdara,Saket,18.39,Morning Peak,Weekday,Fog,Medium,Inner Road,15.7,70.0,13.344999999999999,82.68265267890597,Other,South,Other
TRIP_01033,Hauz Khas,Rohini,26.29,Evening Peak,Weekday,Fog,Medium,Main Road,21.9,75.6,18.615,84.73811442385173,Other,North,Other
TRIP_01034,Lajpat Nagar,Kalkaji,4.08,Evening Peak,Weekday,Clear,Medium,Inner Road,23.6,10.4,20.060000000000002,12.203389830508474,Other,South,Other
TRIP_01035,Hauz Khas,Greater Kailash,3.32,Night,Weekday,Clear,High,Inner Road,16.7,12.2,14.194999999999999,14.033110250088061,Other,South,Other
TRIP_01036,Chandni Chowk,Kalkaji,12.95,Morning Peak,Weekday,Fog,High,Main Road,9.9,80.9,8.415000000000001,92.33511586452761,Central,South,Central Delhi
TRIP_01037,Chandni Chowk,Shahdara,6.2,Evening Peak,Weekday,Heatwave,Medium,Main Road,28.9,13.4,24.564999999999998,15.143496845104826,Central,Other,Central Delhi
TRIP_01038,Rajouri Garden,AIIMS,12.31,Night,Weekday,Clear,Low,Highway,85.0,9.0,72.25,10.222837370242214,West,Other,Other
TRIP_01039,Civil Lines,Rajouri Garden,10.68,Morning Peak,Weekday,Clear,High,Inner Road,11.2,66.6,9.52,67.3109243697479,Other,West,Other
TRIP_01040,Rajouri Garden,Punjabi Bagh,2.52,Morning Peak,Weekday,Rain,High,Inner Road,7.8,23.0,6.63,22.80542986425339,West,West,Other
TRIP_01041,Karol Bagh,Okhla,15.59,Afternoon,Weekday,Clear,Low,Highway,62.6,15.2,53.21,17.579402367975945,Central,Other,Central Delhi
TRIP_01042,AIIMS,Okhla,7.2,Evening Peak,Weekday,Clear,High,Main Road,27.3,15.4,23.205,18.616677440206853,Other,Other,Other
TRIP_01043,Lajpat Nagar,Rajouri Garden,14.1,Evening Peak,Weekday,Clear,Medium,Main Road,36.6,26.2,31.11,27.193828351012534,Other,West,Other
TRIP_01044,Okhla,Model Town,21.87,Morning Peak,Weekend,Fog,Medium,Highway,24.6,54.5,20.91,62.75466284074605,Other,North,Other
TRIP_01045,Vasant Kunj,Karol Bagh,15.08,Night,Weekday,Clear,Low,Main Road,50.6,17.9,43.01,21.036968146942574,South,Central,South Delhi
TRIP_01046,Rohini,Mayur Vihar,27.72,Morning Peak,Weekend,Clear,Very High,Highway,20.2,80.5,17.169999999999998,96.86662783925452,North,Other,North Delhi
TRIP_01047,Connaught Place,Hauz Khas,9.27,Evening Peak,Weekday,Heatwave,High,Main Road,22.1,26.4,18.785,29.60873036997604,Central,Other,Central Delhi
TRIP_01048,Punjabi Bagh,Hauz Khas,14.84,Evening Peak,Weekday,Clear,Very High,Highway,20.5,43.9,17.425,51.09899569583931,West,Other,West Delhi
TRIP_01049,Okhla,Dwarka,23.01,Afternoon,Weekday,Rain,Medium,Main Road,22.6,63.7,19.21,71.8688183237897,Other,West,Other
TRIP_01050,Noida Sector 18,Saket,12.72,Evening Peak,Weekday,Rain,High,Main Road,20.1,39.4,17.085,44.670763827919224,Other,South,Other
TRIP_01051,Vasant Kunj,Hauz Khas,5.36,Evening Peak,Weekend,Clear,High,Main Road,23.4,14.4,19.889999999999997,16.168929110105584,South,Other,South Delhi
TRIP_01052,Punjabi Bagh,Pitampura,3.98,Afternoon,Weekday,Heatwave,Medium,Inner Road,27.6,9.1,23.46,10.179028132992327,West,North,West Delhi
TRIP_01053,Chandni Chowk,IGI Airport,16.54,Evening Peak,Weekday,Heatwave,High,Main Road,22.5,44.6,19.125,51.89019607843137,Central,Other,Central Delhi
TRIP_01054,Rajouri Garden,Mayur Vihar,17.23,Morning Peak,Weekday,Clear,Very High,Main Road,14.8,69.4,12.58,82.17806041335453,West,Other,Other
TRIP_01055,Hauz Khas,Pitampura,18.42,Evening Peak,Weekend,Rain,Medium,Main Road,18.7,59.5,15.895,69.53129915067632,Other,North,Other
TRIP_01056,Punjabi Bagh,Preet Vihar,16.03,Morning Peak,Weekday,Fog,Very High,Highway,11.2,84.6,9.52,101.0294117647059,West,Other,West Delhi
TRIP_01057,Vasant Kunj,Punjabi Bagh,16.74,Morning Peak,Weekday,Clear,Very High,Highway,15.3,65.0,13.005,77.23183391003458,South,West,South Delhi
TRIP_01058,Kalkaji,Dwarka,21.07,Night,Weekend,Clear,Medium,Highway,58.7,22.7,49.895,25.33720813708788,South,West,South Delhi
TRIP_01059,Chandni Chowk,Shahdara,6.2,Afternoon,Weekday,Clear,Medium,Inner Road,13.6,28.2,11.559999999999999,32.17993079584776,Central,Other,Central Delhi
TRIP_01060,Mayur Vihar,Chandni Chowk,7.47,Afternoon,Weekday,Clear,High,Inner Road,17.5,25.5,14.875,30.131092436974786,Other,Central,Other
TRIP_01061,Hauz Khas,IGI Airport,9.81,Afternoon,Weekday,Clear,High,Main Road,21.5,28.1,18.275,32.20793433652531,Other,Other,Other
TRIP_01062,Dwarka,Rohini,17.53,Afternoon,Weekday,Heatwave,Very High,Main Road,12.7,85.9,10.795,97.43399722093562,West,North,West Delhi
TRIP_01063,Rajouri Garden,Greater Kailash,15.57,Evening Peak,Weekday,Rain,Very High,Highway,12.4,78.3,10.54,88.6337760910816,West,South,Other
TRIP_01064,Rohini,Pitampura,8.97,Evening Peak,Weekday,Clear,High,Inner Road,16.9,33.1,14.364999999999998,37.4660633484163,North,North,North Delhi
TRIP_01065,Model Town,Shahdara,10.5,Morning Peak,Weekday,Clear,High,Main Road,26.8,24.1,22.78,27.655838454784895,North,Other,North Delhi
TRIP_01066,Punjabi Bagh,Okhla,20.5,Evening Peak,Weekday,Heatwave,High,Highway,37.1,33.1,31.535,39.00428095766608,West,Other,West Delhi
TRIP_01067,Janakpuri,Lajpat Nagar,15.7,Afternoon,Weekday,Clear,Low,Main Road,46.0,20.3,39.1,24.092071611253196,West,Other,West Delhi
TRIP_01068,Shahdara,Janakpuri,20.44,Evening Peak,Weekday,Clear,High,Highway,33.8,37.3,28.729999999999997,42.68708666898713,Other,West,Other
TRIP_01069,Lajpat Nagar,Noida Sector 18,8.66,Night,Weekday,Rain,Low,Main Road,33.9,15.2,28.814999999999998,18.032274856845397,Other,Other,Other
TRIP_01070,Connaught Place,Vasant Kunj,13.75,Evening Peak,Weekday,Fog,High,Main Road,14.3,59.9,12.155000000000001,67.87330316742081,Central,South,Central Delhi
TRIP_01071,Saket,Vasant Kunj,4.88,Evening Peak,Weekday,Clear,High,Main Road,26.8,10.6,22.78,12.853380158033362,South,South,South Delhi
TRIP_01072,Model Town,Punjabi Bagh,7.93,Morning Peak,Weekday,Heatwave,High,Main Road,17.8,27.6,15.13,31.447455386649036,North,West,North Delhi
TRIP_01073,Preet Vihar,Lajpat Nagar,9.58,Night,Weekday,Clear,Medium,Main Road,28.7,19.8,24.395,23.56220536995286,Other,Other,Other
TRIP_01074,Pitampura,AIIMS,17.0,Afternoon,Weekday,Clear,High,Highway,35.2,30.1,29.92,34.090909090909086,North,Other,Other
TRIP_01075,Kalkaji,Shahdara,15.71,Evening Peak,Weekday,Rain,Very High,Inner Road,5.2,176.2,4.42,213.25791855203622,South,Other,South Delhi
TRIP_01076,Noida Sector 18,Lajpat Nagar,8.66,Morning Peak,Weekday,Clear,High,Main Road,27.6,19.4,23.46,22.14833759590793,Other,Other,Other
TRIP_01077,Greater Kailash,Civil Lines,14.87,Morning Peak,Weekday,Clear,High,Highway,31.4,28.3,26.689999999999998,33.428250281004125,South,Other,South Delhi
TRIP_01078,Rohini,Lajpat Nagar,26.64,Evening Peak,Weekday,Clear,Very High,Highway,20.9,80.7,17.764999999999997,89.97466929355475,North,Other,North Delhi
TRIP_01079,Chandni Chowk,Kalkaji,12.95,Evening Peak,Weekday,Clear,Very High,Main Road,8.6,102.0,7.31,106.29274965800273,Central,South,Central Delhi
TRIP_01080,Connaught Place,Rohini,20.4,Afternoon,Weekday,Clear,Low,Highway,64.3,18.7,54.654999999999994,22.3950233281493,Central,North,Central Delhi
TRIP_01081,Kalkaji,IGI Airport,15.01,Morning Peak,Weekday,Clear,Very High,Inner Road,8.7,104.7,7.395,121.78498985801218,South,Other,South Delhi
TRIP_01082,Model Town,Lajpat Nagar,16.71,Evening Peak,Weekday,Clear,Medium,Inner Road,17.0,57.8,14.45,69.3840830449827,North,Other,North Delhi
TRIP_01083,Shahdara,Hauz Khas,16.26,Evening Peak,Weekday,Heatwave,Very High,Highway,17.9,53.7,15.214999999999998,64.12093328951694,Other,Other,Other
TRIP_01084,Civil Lines,Janakpuri,14.89,Morning Peak,Weekday,Heatwave,High,Inner Road,17.7,49.8,15.044999999999998,59.38185443668994,Other,West,Other
TRIP_01085,Connaught Place,Pitampura,11.52,Morning Peak,Weekday,Clear,Very High,Highway,16.5,43.5,14.025,49.283422459893046,Central,North,Central Delhi
TRIP_01086,AIIMS,Janakpuri,13.39,Afternoon,Weekend,Clear,Low,Main Road,47.7,16.9,40.545,19.815020347761745,Other,West,Other
TRIP_01087,Punjabi Bagh,Civil Lines,9.27,Morning Peak,Weekend,Clear,Very High,Main Road,13.4,41.1,11.39,48.83230904302019,West,Other,West Delhi
TRIP_01088,Karol Bagh,Punjabi Bagh,6.08,Afternoon,Weekday,Rain,Medium,Main Road,26.1,14.8,22.185000000000002,16.443542934415145,Central,West,Central Delhi
TRIP_01089,Kalkaji,Mayur Vihar,9.67,Afternoon,Weekend,Clear,Medium,Highway,60.1,9.8,51.085,11.357541352647548,South,Other,South Delhi
TRIP_01090,Vasant Kunj,Noida Sector 18,17.44,Afternoon,Weekend,Clear,High,Main Road,24.5,44.7,20.825,50.24729891956783,South,Other,South Delhi
TRIP_01091,Dwarka,Vasant Kunj,13.52,Morning Peak,Weekday,Clear,High,Inner Road,12.5,66.0,10.625,76.34823529411764,West,South,West Delhi
TRIP_01092,Janakpuri,Connaught Place,12.63,Night,Weekday,Fog,Low,Highway,41.9,18.3,35.614999999999995,21.27755159342974,West,Central,West Delhi
TRIP_01093,Okhla,Nehru Place,2.67,Night,Weekday,Fog,Low,Inner Road,21.9,7.6,18.615,8.605962933118454,Other,Other,Other
TRIP_01094,Rajouri Garden,Saket,15.91,Morning Peak,Weekday,Clear,Very High,Main Road,10.8,92.6,9.18,103.98692810457517,West,South,Other
TRIP_01095,AIIMS,Vasant Kunj,7.41,Afternoon,Weekday,Rain,Medium,Main Road,24.7,17.7,20.994999999999997,21.176470588235297,Other,South,Other
TRIP_01096,Noida Sector 18,Nehru Place,7.47,Morning Peak,Weekend,Rain,Medium,Main Road,29.2,16.0,24.82,18.058017727639,Other,Other,Other
TRIP_01097,Nehru Place,Civil Lines,14.85,Afternoon,Weekday,Clear,Very High,Main Road,11.9,75.4,10.115,88.08699950568463,Other,Other,Other
TRIP_01098,Kalkaji,Pitampura,22.07,Afternoon,Weekend,Rain,Low,Highway,63.2,21.6,53.72,24.650037230081907,South,North,South Delhi
TRIP_01099,Kalkaji,Civil Lines,16.3,Morning Peak,Weekday,Heatwave,High,Highway,35.7,29.0,30.345000000000002,32.22936233316857,South,Other,South Delhi
TRIP_01100,Chandni Chowk,Dwarka,19.18,Evening Peak,Weekday,Clear,Very High,Main Road,12.0,93.1,10.2,112.82352941176472,Central,West,Central Delhi
TRIP_01101,AIIMS,Rajouri Garden,12.31,Afternoon,Weekday,Clear,High,Main Road,28.9,26.4,24.564999999999998,30.06716873600652,Other,West,Other
TRIP_01102,Karol Bagh,Rajouri Garden,6.66,Evening Peak,Weekend,Clear,High,Main Road,27.4,14.3,23.29,17.15757835981108,Central,West,Central Delhi
TRIP_01103,Karol Bagh,Okhla,15.59,Evening Peak,Weekend,Clear,High,Main Road,26.9,36.3,22.865,40.90968729499235,Central,Other,Central Delhi
TRIP_01104,Connaught Place,Kalkaji,11.2,Afternoon,Weekday,Heatwave,Medium,Inner Road,14.2,49.4,12.069999999999999,55.675227837613924,Central,South,Central Delhi
TRIP_01105,AIIMS,Nehru Place,4.68,Evening Peak,Weekend,Fog,Low,Inner Road,13.6,21.6,11.559999999999999,24.29065743944637,Other,Other,Other
TRIP_01106,Dwarka,Mayur Vihar,24.43,Morning Peak,Weekday,Clear,Medium,Main Road,31.2,45.9,26.52,55.27149321266969,West,Other,West Delhi
TRIP_01107,Rohini,Dwarka,17.53,Morning Peak,Weekend,Clear,Medium,Main Road,34.0,31.0,28.9,36.39446366782008,North,West,North Delhi
TRIP_01108,Punjabi Bagh,Chandni Chowk,9.93,Morning Peak,Weekday,Heatwave,High,Main Road,27.5,22.0,23.375,25.488770053475935,West,Central,West Delhi
TRIP_01109,Dwarka,Mayur Vihar,24.43,Afternoon,Weekday,Clear,High,Highway,44.5,34.3,37.824999999999996,38.75214805023133,West,Other,West Delhi
TRIP_01110,Nehru Place,Saket,5.32,Night,Weekday,Clear,Medium,Inner Road,27.6,11.6,23.46,13.60613810741688,Other,South,Other
TRIP_01111,Vasant Kunj,AIIMS,7.41,Morning Peak,Weekend,Clear,Medium,Main Road,26.2,18.7,22.27,19.964077233947013,South,Other,South Delhi
TRIP_01112,Connaught Place,Saket,11.95,Afternoon,Weekday,Clear,Low,Highway,77.1,9.7,65.535,10.940718699931335,Central,South,Central Delhi
TRIP_01113,Preet Vihar,Punjabi Bagh,16.03,Morning Peak,Weekend,Clear,High,Main Road,17.6,55.6,14.96,64.29144385026738,Other,West,Other
TRIP_01114,Punjabi Bagh,Janakpuri,6.67,Afternoon,Weekday,Heatwave,High,Main Road,16.7,24.2,14.194999999999999,28.193025713279326,West,West,West Delhi
TRIP_01115,Mayur Vihar,Greater Kailash,9.55,Evening Peak,Weekend,Clear,Low,Main Road,54.8,11.6,46.58,12.301416917131817,Other,South,Other
TRIP_01116,Connaught Place,Punjabi Bagh,9.3,Afternoon,Weekday,Clear,Low,Main Road,42.3,13.8,35.955,15.519399249061328,Central,West,Central Delhi
TRIP_01117,Okhla,Greater Kailash,4.03,Night,Weekday,Clear,Medium,Main Road,37.7,6.6,32.045,7.545638945233265,Other,South,Other
TRIP_01118,Okhla,Nehru Place,2.67,Morning Peak,Weekday,Clear,Medium,Inner Road,21.5,7.9,18.275,8.766073871409029,Other,Other,Other
TRIP_01119,AIIMS,Chandni Chowk,9.5,Afternoon,Weekday,Clear,Low,Main Road,38.0,15.3,32.3,17.647058823529413,Other,Central,Other
TRIP_01120,Pitampura,Shahdara,15.65,Afternoon,Weekday,Rain,Medium,Highway,34.6,27.5,29.41,31.9279156749405,North,Other,Other
TRIP_01121,Punjabi Bagh,Greater Kailash,16.84,Afternoon,Weekday,Rain,Low,Highway,55.3,18.2,47.004999999999995,21.495585576002554,West,South,West Delhi
TRIP_01122,Kalkaji,Rajouri Garden,17.69,Evening Peak,Weekday,Rain,Very High,Highway,11.9,89.0,10.115,104.9332674246169,South,West,South Delhi
TRIP_01123,Connaught Place,Nehru Place,9.83,Morning Peak,Weekday,Clear,High,Highway,39.4,15.5,33.489999999999995,17.611227232009558,Central,Other,Central Delhi
TRIP_01124,Vasant Kunj,Janakpuri,13.24,Afternoon,Weekend,Fog,High,Main Road,13.8,58.8,11.73,67.7237851662404,South,West,South Delhi
TRIP_01125,Vasant Kunj,Model Town,22.01,Evening Peak,Weekday,Heatwave,Very High,Highway,20.9,70.7,17.764999999999997,74.33717984801578,South,North,South Delhi
TRIP_01126,Saket,Kalkaji,4.6,Afternoon,Weekend,Rain,Low,Inner Road,23.5,12.1,19.974999999999998,13.81727158948686,South,South,South Delhi
TRIP_01127,Connaught Place,Kalkaji,11.2,Evening Peak,Weekday,Rain,Very High,Highway,11.6,58.6,9.86,68.15415821501014,Central,South,Central Delhi
TRIP_01128,Chandni Chowk,Pitampura,11.29,Afternoon,Weekday,Clear,Medium,Highway,56.0,14.4,47.6,14.231092436974787,Central,North,Central Delhi
TRIP_01129,IGI Airport,Dwarka,6.61,Evening Peak,Weekend,Clear,High,Main Road,25.3,15.5,21.505,18.442222738897932,Other,West,Other
TRIP_01130,Okhla,Civil Lines,17.22,Afternoon,Weekend,Rain,Medium,Main Road,28.5,36.3,24.224999999999998,42.650154798761605,Other,Other,Other
TRIP_01131,Vasant Kunj,AIIMS,7.41,Morning Peak,Weekday,Fog,Very High,Inner Road,4.8,94.8,4.08,108.97058823529412,South,Other,South Delhi
TRIP_01132,Punjabi Bagh,Preet Vihar,16.03,Morning Peak,Weekday,Clear,Very High,Main Road,14.2,71.2,12.069999999999999,79.68516984258494,West,Other,West Delhi
TRIP_01133,Noida Sector 18,Lajpat Nagar,8.66,Morning Peak,Weekend,Heatwave,High,Main Road,18.1,28.8,15.385000000000002,33.77315567110822,Other,Other,Other
TRIP_01134,IGI Airport,Connaught Place,14.14,Morning Peak,Weekend,Heatwave,High,Highway,28.2,30.9,23.97,35.39424280350438,Other,Central,Other
TRIP_01135,Okhla,Civil Lines,17.22,Afternoon,Weekday,Rain,High,Inner Road,12.2,87.0,10.37,99.63355834136934,Other,Other,Other
TRIP_01136,Nehru Place,Preet Vihar,10.93,Morning Peak,Weekday,Clear,Very High,Inner Road,9.7,69.5,8.245,79.53911461491815,Other,Other,Other
TRIP_01137,IGI Airport,Chandni Chowk,16.54,Afternoon,Weekday,Fog,Medium,Main Road,19.5,53.1,16.575,59.873303167420815,Other,Central,Other
TRIP_01138,Pitampura,Janakpuri,10.13,Afternoon,Weekday,Clear,Very High,Inner Road,8.1,73.5,6.885,88.27886710239653,North,West,Other
TRIP_01139,Kalkaji,Pitampura,22.07,Morning Peak,Weekend,Heatwave,Very High,Main Road,13.9,99.6,11.815,112.07786711807026,South,North,South Delhi
TRIP_01140,AIIMS,Kalkaji,5.39,Morning Peak,Weekend,Clear,High,Highway,30.2,10.6,25.669999999999998,12.598363848850799,Other,South,Other
TRIP_01141,Model Town,Noida Sector 18,20.73,Evening Peak,Weekday,Clear,Very High,Highway,21.1,62.0,17.935000000000002,69.35043211597434,North,Other,North Delhi
TRIP_01142,Connaught Place,Greater Kailash,9.57,Evening Peak,Weekday,Clear,Medium,Main Road,27.8,22.6,23.63,24.29961912822683,Central,South,Central Delhi
TRIP_01143,Kalkaji,Karol Bagh,14.25,Evening Peak,Weekday,Clear,Very High,Highway,14.8,56.8,12.58,67.96502384737678,South,Central,South Delhi
TRIP_01144,Kalkaji,Noida Sector 18,8.19,Afternoon,Weekday,Rain,Medium,Main Road,28.3,17.4,24.055,20.428185408438992,South,Other,South Delhi
TRIP_01145,Model Town,Mayur Vihar,15.05,Afternoon,Weekday,Rain,High,Main Road,13.0,71.0,11.049999999999999,81.71945701357468,North,Other,North Delhi
TRIP_01146,AIIMS,Hauz Khas,2.2,Evening Peak,Weekday,Clear,Medium,Inner Road,27.5,5.5,23.375,5.647058823529412,Other,Other,Other
TRIP_01147,Vasant Kunj,Rajouri Garden,14.56,Night,Weekday,Rain,Low,Highway,58.4,15.8,49.64,17.598710717163577,South,West,South Delhi
TRIP_01148,Karol Bagh,Kalkaji,14.25,Afternoon,Weekend,Heatwave,Medium,Main Road,38.9,25.6,33.065,25.858158173295028,Central,South,Central Delhi
TRIP_01149,Karol Bagh,Chandni Chowk,3.94,Afternoon,Weekday,Rain,High,Main Road,17.0,13.5,14.45,16.359861591695502,Central,Central,Central Delhi
TRIP_01150,Greater Kailash,Rohini,28.43,Morning Peak,Weekend,Clear,Very High,Highway,15.0,118.4,12.75,133.78823529411767,South,North,South Delhi
TRIP_01151,AIIMS,Karol Bagh,9.61,Morning Peak,Weekday,Clear,Very High,Highway,20.0,30.5,17.0,33.91764705882353,Other,Central,Other
TRIP_01152,Janakpuri,Greater Kailash,16.54,Morning Peak,Weekday,Clear,Very High,Main Road,11.8,84.6,10.030000000000001,98.94317048853438,West,South,West Delhi
TRIP_01153,Hauz Khas,AIIMS,2.2,Night,Weekend,Clear,Medium,Inner Road,19.0,7.3,16.15,8.173374613003098,Other,Other,Other
TRIP_01154,Connaught Place,Vasant Kunj,13.75,Afternoon,Weekday,Clear,Very High,Main Road,13.8,68.6,11.73,70.33248081841433,Central,South,Central Delhi
TRIP_01155,Janakpuri,Punjabi Bagh,6.67,Evening Peak,Weekday,Clear,Medium,Main Road,38.3,10.7,32.555,12.293042543388113,West,West,West Delhi
TRIP_01156,Nehru Place,Hauz Khas,5.2,Morning Peak,Weekday,Fog,High,Main Road,11.2,28.9,9.52,32.77310924369748,Other,Other,Other
TRIP_01157,Kalkaji,Punjabi Bagh,18.89,Morning Peak,Weekend,Fog,Medium,Main Road,21.8,52.4,18.53,61.16567728008634,South,West,South Delhi
TRIP_01158,Okhla,AIIMS,7.2,Evening Peak,Weekday,Fog,Very High,Highway,10.5,42.8,8.924999999999999,48.40336134453782,Other,Other,Other
TRIP_01159,Greater Kailash,Pitampura,20.1,Afternoon,Weekday,Heatwave,Medium,Main Road,31.2,39.8,26.52,45.47511312217195,South,North,South Delhi
TRIP_01160,Karol Bagh,AIIMS,9.61,Morning Peak,Weekday,Clear,Medium,Main Road,41.0,13.8,34.85,16.545193687230988,Central,Other,Central Delhi
TRIP_01161,Saket,Pitampura,21.25,Night,Weekday,Clear,Low,Highway,57.9,21.6,49.214999999999996,25.90673575129534,South,North,South Delhi
TRIP_01162,Model Town,Lajpat Nagar,16.71,Afternoon,Weekday,Rain,Medium,Highway,30.4,33.2,25.84,38.800309597523224,North,Other,North Delhi
TRIP_01163,Greater Kailash,Punjabi Bagh,16.84,Evening Peak,Weekday,Clear,High,Main Road,29.0,35.5,24.65,40.98985801217039,South,West,South Delhi
TRIP_01164,Hauz Khas,Lajpat Nagar,4.29,Evening Peak,Weekday,Heatwave,Very High,Inner Road,8.1,34.7,6.885,37.38562091503268,Other,Other,Other
TRIP_01165,Greater Kailash,Rajouri Garden,15.57,Evening Peak,Weekday,Fog,Very High,Main Road,7.3,134.6,6.205,150.55600322320709,South,West,South Delhi
TRIP_01166,Hauz Khas,Punjabi Bagh,14.84,Morning Peak,Weekend,Heatwave,Very High,Main Road,11.6,81.2,9.86,90.30425963488845,Other,West,Other
TRIP_01167,Preet Vihar,Saket,15.46,Evening Peak,Weekday,Clear,Very High,Main Road,10.7,88.9,9.094999999999999,101.99010445299618,Other,South,Other
TRIP_01168,Rohini,Okhla,32.09,Night,Weekday,Clear,Low,Highway,62.0,32.4,52.699999999999996,36.53510436432638,North,Other,North Delhi
TRIP_01169,IGI Airport,Rohini,21.91,Afternoon,Weekday,Clear,Medium,Main Road,32.0,40.5,27.2,48.33088235294118,Other,North,Other
TRIP_01170,Noida Sector 18,Pitampura,24.06,Night,Weekend,Heatwave,Low,Inner Road,15.9,95.1,13.515,106.81465038845727,Other,North,Other
TRIP_01171,Dwarka,Noida Sector 18,27.45,Morning Peak,Weekday,Clear,Very High,Highway,21.4,78.4,18.189999999999998,90.54425508521166,West,Other,West Delhi
TRIP_01172,Civil Lines,AIIMS,12.66,Afternoon,Weekday,Clear,High,Inner Road,13.0,57.2,11.049999999999999,68.74208144796381,Other,Other,Other
TRIP_01173,Mayur Vihar,Connaught Place,7.89,Morning Peak,Weekday,Rain,Medium,Inner Road,9.3,52.6,7.905,59.88614800759013,Other,Central,Other
TRIP_01174,IGI Airport,Shahdara,22.57,Evening Peak,Weekday,Rain,High,Highway,30.5,44.7,25.925,52.23529411764706,Other,Other,Other
TRIP_01175,Dwarka,Pitampura,15.04,Evening Peak,Weekday,Clear,Very High,Main Road,13.1,68.1,11.135,81.0417602155366,West,North,West Delhi
TRIP_01176,Chandni Chowk,Punjabi Bagh,9.93,Afternoon,Weekday,Heatwave,Medium,Main Road,29.8,20.2,25.33,23.521515988945914,Central,West,Central Delhi
TRIP_01177,Okhla,Nehru Place,2.67,Afternoon,Weekday,Clear,High,Inner Road,18.0,9.8,15.299999999999999,10.47058823529412,Other,Other,Other
TRIP_01178,Janakpuri,Saket,15.88,Night,Weekend,Heatwave,Medium,Highway,54.0,17.5,45.9,20.758169934640524,West,South,West Delhi
TRIP_01179,AIIMS,Punjabi Bagh,13.63,Evening Peak,Weekday,Clear,Medium,Highway,49.9,17.1,42.415,19.280914770717906,Other,West,Other
TRIP_01180,Karol Bagh,Lajpat Nagar,10.19,Morning Peak,Weekend,Clear,High,Inner Road,17.5,37.8,14.875,41.10252100840336,Central,Other,Central Delhi
TRIP_01181,Mayur Vihar,Nehru Place,8.28,Night,Weekend,Clear,Low,Inner Road,27.1,18.6,23.035,21.567180377686128,Other,Other,Other
TRIP_01182,Lajpat Nagar,Mayur Vihar,7.45,Afternoon,Weekday,Clear,High,Main Road,27.5,16.2,23.375,19.12299465240642,Other,Other,Other
TRIP_01183,Kalkaji,Saket,4.6,Afternoon,Weekday,Clear,Very High,Inner Road,8.2,34.2,6.969999999999999,39.59827833572454,South,South,South Delhi
TRIP_01184,Vasant Kunj,Karol Bagh,15.08,Evening Peak,Weekday,Clear,High,Highway,41.1,23.3,34.935,25.899527694289393,South,Central,South Delhi
TRIP_01185,Rajouri Garden,Pitampura,6.43,Morning Peak,Weekday,Clear,High,Main Road,25.4,15.1,21.59,17.869383974062067,West,North,Other
TRIP_01186,Model Town,Rohini,13.8,Evening Peak,Weekday,Clear,High,Highway,39.4,22.8,33.489999999999995,24.72379814870111,North,North,North Delhi
TRIP_01187,Mayur Vihar,Dwarka,24.43,Afternoon,Weekday,Clear,Low,Main Road,53.9,27.7,45.815,31.993888464476704,Other,West,Other
TRIP_01188,Saket,Noida Sector 18,12.72,Afternoon,Weekday,Fog,Medium,Main Road,17.4,52.9,14.79,51.60243407707911,South,Other,South Delhi
TRIP_01189,Janakpuri,Civil Lines,14.89,Afternoon,Weekday,Clear,Very High,Highway,16.4,55.3,13.939999999999998,64.08895265423243,West,Other,West Delhi
TRIP_01190,Civil Lines,Nehru Place,14.85,Morning Peak,Weekday,Heatwave,Very High,Highway,21.1,41.0,17.935000000000002,49.6793978254809,Other,Other,Other
TRIP_01191,Okhla,Dwarka,23.01,Morning Peak,Weekday,Clear,High,Highway,43.5,33.0,36.975,37.33874239350912,Other,West,Other
TRIP_01192,Hauz Khas,AIIMS,2.2,Afternoon,Weekday,Fog,Medium,Main Road,17.1,8.0,14.535,9.081527347781218,Other,Other,Other
TRIP_01193,Connaught Place,Janakpuri,12.63,Afternoon,Weekday,Clear,High,Highway,34.0,25.0,28.9,26.221453287197235,Central,West,Central Delhi
TRIP_01194,Karol Bagh,Dwarka,15.59,Evening Peak,Weekday,Clear,High,Main Road,18.9,52.1,16.064999999999998,58.22595704948647,Central,West,Central Delhi
TRIP_01195,Noida Sector 18,Kalkaji,8.19,Evening Peak,Weekday,Rain,High,Main Road,18.5,28.0,15.725,31.249602543720187,Other,South,Other
TRIP_01196,Pitampura,Hauz Khas,18.42,Morning Peak,Weekend,Clear,Very High,Highway,19.4,57.5,16.49,67.02243784111585,North,Other,Other
TRIP_01197,Punjabi Bagh,Greater Kailash,16.84,Afternoon,Weekday,Clear,High,Main Road,21.5,50.5,18.275,55.28864569083448,West,South,West Delhi
TRIP_01198,Chandni Chowk,IGI Airport,16.54,Afternoon,Weekend,Clear,Medium,Main Road,32.6,31.0,27.71,35.813785636954165,Central,Other,Central Delhi
TRIP_01199,Okhla,Kalkaji,1.94,Evening Peak,Weekday,Rain,Very High,Main Road,8.2,14.2,6.969999999999999,16.70014347202296,Other,South,Other
TRIP_01200,Okhla,IGI Airport,16.94,Afternoon,Weekday,Clear,High,Main Road,24.6,42.4,20.91,48.60832137733142,Other,Other,Other
TRIP_01201,Rajouri Garden,Karol Bagh,6.66,Afternoon,Weekday,Rain,High,Main Road,19.7,23.8,16.744999999999997,23.863839952224552,West,Central,Other
TRIP_01202,Model Town,Lajpat Nagar,16.71,Morning Peak,Weekday,Clear,High,Highway,37.7,26.0,32.045,31.287252301451083,North,Other,North Delhi
TRIP_01203,Nehru Place,Kalkaji,1.51,Night,Weekday,Rain,Medium,Inner Road,16.2,5.7,13.77,6.579520697167756,Other,South,Other
TRIP_01204,Punjabi Bagh,Rajouri Garden,2.52,Morning Peak,Weekday,Clear,High,Inner Road,10.9,14.0,9.265,16.31948192120885,West,West,West Delhi
TRIP_01205,Janakpuri,Nehru Place,18.07,Afternoon,Weekday,Heatwave,High,Main Road,18.9,57.0,16.064999999999998,67.48832866479925,West,Other,West Delhi
TRIP_01206,Janakpuri,Punjabi Bagh,6.67,Evening Peak,Weekday,Clear,High,Main Road,27.7,15.2,23.544999999999998,16.997239328944577,West,West,West Delhi
TRIP_01207,Janakpuri,Dwarka,5.26,Morning Peak,Weekday,Heatwave,High,Main Road,21.4,14.4,18.189999999999998,17.350192413413968,West,West,West Delhi
TRIP_01208,Mayur Vihar,Saket,13.17,Morning Peak,Weekday,Fog,High,Main Road,12.6,65.1,10.709999999999999,73.78151260504202,Other,South,Other
TRIP_01209,Model Town,Preet Vihar,12.75,Afternoon,Weekday,Clear,High,Inner Road,12.0,63.5,10.2,75.0,North,Other,North Delhi
TRIP_01210,Punjabi Bagh,Rohini,11.6,Evening Peak,Weekend,Clear,Medium,Main Road,41.2,17.0,35.02,19.874357509994287,West,North,West Delhi
TRIP_01211,Greater Kailash,Okhla,4.03,Morning Peak,Weekend,Clear,Medium,Main Road,37.8,6.4,32.129999999999995,7.525676937441645,South,Other,South Delhi
TRIP_01212,Karol Bagh,Preet Vihar,10.02,Evening Peak,Weekday,Heatwave,High,Highway,30.1,21.0,25.585,23.498143443423878,Central,Other,Central Delhi
TRIP_01213,Model Town,Dwarka,19.78,Evening Peak,Weekday,Fog,High,Main Road,11.7,103.5,9.944999999999999,119.33634992458525,North,West,North Delhi
TRIP_01214,Dwarka,Janakpuri,5.26,Morning Peak,Weekday,Clear,High,Main Road,19.3,15.9,16.405,19.23803718378543,West,West,West Delhi
TRIP_01215,Rohini,Mayur Vihar,27.72,Morning Peak,Weekend,Clear,Medium,Highway,49.6,36.3,42.16,39.44971537001897,North,Other,North Delhi
TRIP_01216,Rajouri Garden,Model Town,10.2,Afternoon,Weekday,Fog,High,Highway,15.9,39.1,13.515,45.283018867924525,West,North,Other
TRIP_01217,Punjabi Bagh,Model Town,7.93,Evening Peak,Weekday,Clear,High,Main Road,19.2,25.1,16.32,29.15441176470588,West,North,West Delhi
TRIP_01218,IGI Airport,Kalkaji,15.01,Night,Weekday,Rain,Low,Main Road,28.9,34.8,24.564999999999998,36.66191736210055,Other,South,Other
TRIP_01219,Hauz Khas,Dwarka,15.78,Afternoon,Weekday,Clear,Medium,Highway,61.8,15.4,52.529999999999994,18.02398629354655,Other,West,Other
TRIP_01220,Lajpat Nagar,Karol Bagh,10.19,Afternoon,Weekday,Rain,Medium,Main Road,28.5,22.0,24.224999999999998,25.238390092879257,Other,Central,Other
TRIP_01221,Model Town,Karol Bagh,7.02,Evening Peak,Weekday,Rain,Very High,Main Road,6.8,64.2,5.779999999999999,72.8719723183391,North,Central,North Delhi
TRIP_01222,AIIMS,Kalkaji,5.39,Morning Peak,Weekday,Rain,Low,Highway,51.1,6.5,43.435,7.445608380338435,Other,South,Other
TRIP_01223,Punjabi Bagh,Karol Bagh,6.08,Morning Peak,Weekday,Fog,Very High,Main Road,8.3,44.5,7.055000000000001,51.70800850460666,West,Central,West Delhi
TRIP_01224,Rohini,Connaught Place,20.4,Morning Peak,Weekday,Clear,Very High,Main Road,10.1,122.8,8.584999999999999,142.57425742574256,North,Central,North Delhi
TRIP_01225,Lajpat Nagar,Shahdara,12.53,Evening Peak,Weekday,Clear,Low,Highway,87.6,8.7,74.46,10.096696212731668,Other,Other,Other
TRIP_01226,Greater Kailash,IGI Airport,13.13,Morning Peak,Weekday,Heatwave,Very High,Highway,15.8,58.4,13.43,58.65971705137751,South,Other,South Delhi
TRIP_01227,Rajouri Garden,AIIMS,12.31,Evening Peak,Weekday,Clear,High,Main Road,29.4,25.6,24.99,29.555822328931576,West,Other,Other
TRIP_01228,Rajouri Garden,Nehru Place,16.77,Night,Weekend,Clear,High,Highway,37.3,27.4,31.705,31.73631919255638,West,Other,Other
TRIP_01229,Vasant Kunj,Punjabi Bagh,16.74,Afternoon,Weekday,Clear,High,Main Road,22.7,44.3,19.294999999999998,52.05493651204975,South,West,South Delhi
TRIP_01230,Kalkaji,Rajouri Garden,17.69,Morning Peak,Weekend,Clear,High,Main Road,27.7,37.4,23.544999999999998,45.07963474198345,South,West,South Delhi
TRIP_01231,Connaught Place,Preet Vihar,7.48,Afternoon,Weekday,Heatwave,High,Main Road,20.1,23.4,17.085,26.26865671641791,Central,Other,Central Delhi
TRIP_01232,Nehru Place,Karol Bagh,12.97,Morning Peak,Weekday,Clear,Very High,Highway,15.8,49.6,13.43,57.94489947877886,Other,Central,Other
TRIP_01233,Civil Lines,Rajouri Garden,10.68,Afternoon,Weekend,Clear,Medium,Highway,51.2,12.3,43.52,14.724264705882351,Other,West,Other
TRIP_01234,Vasant Kunj,Saket,4.88,Evening Peak,Weekend,Clear,High,Main Road,24.2,12.2,20.57,14.234321827904715,South,South,South Delhi
TRIP_01235,Rohini,Okhla,32.09,Afternoon,Weekend,Rain,Medium,Main Road,29.7,66.5,25.244999999999997,76.26856803327394,North,Other,North Delhi
TRIP_01236,IGI Airport,Okhla,16.94,Morning Peak,Weekday,Clear,Very High,Main Road,11.7,86.5,9.944999999999999,102.20211161387634,Other,Other,Other
TRIP_01237,Saket,AIIMS,4.77,Morning Peak,Weekday,Heatwave,Very High,Inner Road,7.8,36.0,6.63,43.16742081447964,South,Other,South Delhi
TRIP_01238,Karol Bagh,Shahdara,9.9,Evening Peak,Weekday,Clear,Very High,Main Road,10.5,58.5,8.924999999999999,66.55462184873952,Central,Other,Central Delhi
TRIP_01239,Janakpuri,IGI Airport,7.4,Afternoon,Weekend,Clear,Low,Inner Road,19.1,23.0,16.235,27.348321527563904,West,Other,West Delhi
TRIP_01240,Rohini,Chandni Chowk,20.26,Evening Peak,Weekday,Clear,Very High,Main Road,11.3,117.2,9.605,126.55908381051538,North,Central,North Delhi
TRIP_01241,Rohini,Punjabi Bagh,11.6,Evening Peak,Weekday,Clear,Medium,Inner Road,18.4,43.8,15.639999999999999,44.50127877237852,North,West,North Delhi
TRIP_01242,Mayur Vihar,Rohini,27.72,Night,Weekday,Clear,Low,Highway,89.9,19.4,76.415,21.765360204148397,Other,North,Other
TRIP_01243,Nehru Place,Vasant Kunj,9.97,Evening Peak,Weekend,Fog,Medium,Main Road,24.2,25.4,20.57,29.08118619348566,Other,South,Other
TRIP_01244,Nehru Place,Civil Lines,14.85,Morning Peak,Weekend,Clear,Low,Highway,86.7,10.2,73.69500000000001,12.090372481172398,Other,Other,Other
TRIP_01245,Saket,Pitampura,21.25,Evening Peak,Weekday,Rain,High,Highway,24.6,50.8,20.91,60.97560975609757,South,North,South Delhi
TRIP_01246,Kalkaji,Connaught Place,11.2,Afternoon,Weekday,Clear,Medium,Main Road,33.9,20.0,28.814999999999998,23.32118688183238,South,Central,South Delhi
TRIP_01247,Pitampura,Kalkaji,22.07,Night,Weekday,Clear,High,Highway,41.0,33.2,34.85,37.99713055954089,North,South,Other
TRIP_01248,Lajpat Nagar,Rohini,26.64,Evening Peak,Weekday,Clear,High,Highway,41.4,40.2,35.19,45.42199488491049,Other,North,Other
TRIP_01249,Dwarka,Noida Sector 18,27.45,Night,Weekday,Rain,Medium,Highway,46.7,35.5,39.695,41.491371709283285,West,Other,West Delhi
TRIP_01250,IGI Airport,Punjabi Bagh,12.83,Night,Weekday,Fog,Medium,Main Road,23.6,32.1,20.060000000000002,38.37487537387836,Other,West,Other
TRIP_01251,Chandni Chowk,Shahdara,6.2,Morning Peak,Weekday,Clear,Very High,Main Road,10.9,34.2,9.265,40.15110631408526,Central,Other,Central Delhi
TRIP_01252,Rohini,Shahdara,24.21,Morning Peak,Weekend,Clear,Very High,Highway,17.5,86.7,14.875,97.65378151260505,North,Other,North Delhi
TRIP_01253,Model Town,Janakpuri,14.54,Evening Peak,Weekday,Fog,Very High,Highway,8.3,102.8,7.055000000000001,123.656980864635,North,West,North Delhi
TRIP_01254,Janakpuri,Shahdara,20.44,Evening Peak,Weekday,Rain,Very High,Main Road,6.9,187.0,5.865,209.10485933503838,West,Other,West Delhi
TRIP_01255,Vasant Kunj,Kalkaji,9.44,Morning Peak,Weekday,Rain,High,Main Road,14.0,40.7,11.9,47.59663865546218,South,South,South Delhi
TRIP_01256,Greater Kailash,Dwarka,19.04,Night,Weekday,Heatwave,Low,Inner Road,20.7,60.6,17.595,64.92753623188405,South,West,South Delhi
TRIP_01257,Noida Sector 18,AIIMS,11.33,Evening Peak,Weekend,Fog,Medium,Main Road,14.7,46.8,12.495,54.40576230492197,Other,Other,Other
TRIP_01258,Hauz Khas,Kalkaji,5.29,Evening Peak,Weekday,Clear,Very High,Main Road,12.5,25.9,10.625,29.87294117647059,Other,South,Other
TRIP_01259,Karol Bagh,Pitampura,8.11,Evening Peak,Weekday,Clear,High,Inner Road,10.5,48.1,8.924999999999999,54.52100840336134,Central,North,Central Delhi
TRIP_01260,Preet Vihar,Saket,15.46,Afternoon,Weekday,Clear,Low,Highway,77.7,11.8,66.045,14.044969339086986,Other,South,Other
TRIP_01261,Hauz Khas,Chandni Chowk,11.65,Night,Weekend,Clear,Low,Main Road,50.7,14.6,43.095,16.219979115906717,Other,Central,Other
TRIP_01262,Rohini,Dwarka,17.53,Morning Peak,Weekday,Clear,High,Main Road,24.8,43.5,21.08,49.8956356736243,North,West,North Delhi
TRIP_01263,AIIMS,Shahdara,14.08,Evening Peak,Weekday,Clear,High,Inner Road,8.0,105.4,6.8,124.23529411764707,Other,Other,Other
TRIP_01264,Karol Bagh,Civil Lines,4.62,Afternoon,Weekday,Heatwave,High,Inner Road,12.0,23.3,10.2,27.176470588235297,Central,Other,Central Delhi
TRIP_01265,Mayur Vihar,Rajouri Garden,17.23,Morning Peak,Weekday,Clear,Very High,Highway,20.9,49.0,17.764999999999997,58.193076273571634,Other,West,Other
TRIP_01266,Punjabi Bagh,Mayur Vihar,17.1,Night,Weekday,Clear,Low,Main Road,54.1,19.0,45.985,22.311623355441995,West,Other,West Delhi
TRIP_01267,Model Town,AIIMS,16.52,Afternoon,Weekday,Clear,Medium,Highway,48.6,20.0,41.31,23.99419026870007,North,Other,North Delhi
TRIP_01268,IGI Airport,Okhla,16.94,Morning Peak,Weekday,Clear,Medium,Highway,51.5,19.5,43.775,23.2187321530554,Other,Other,Other
TRIP_01269,Shahdara,Rajouri Garden,16.5,Afternoon,Weekday,Rain,High,Highway,27.2,36.7,23.119999999999997,42.820069204152254,Other,West,Other
TRIP_01270,Kalkaji,Preet Vihar,12.39,Afternoon,Weekday,Fog,High,Main Road,9.8,78.7,8.33,89.2436974789916,South,Other,South Delhi
TRIP_01271,Rajouri Garden,Lajpat Nagar,14.1,Evening Peak,Weekday,Clear,Very High,Inner Road,8.3,101.7,7.055000000000001,119.91495393338056,West,Other,Other
TRIP_01272,Noida Sector 18,IGI Airport,22.12,Evening Peak,Weekend,Clear,Medium,Main Road,29.5,48.9,25.075,52.92921236291127,Other,Other,Other
TRIP_01273,Kalkaji,Civil Lines,16.3,Morning Peak,Weekday,Clear,High,Highway,37.4,27.0,31.79,30.76439131802454,South,Other,South Delhi
TRIP_01274,Pitampura,Dwarka,15.04,Afternoon,Weekday,Clear,High,Main Road,23.7,41.8,20.145,44.795234549516,North,West,Other
TRIP_01275,Preet Vihar,Noida Sector 18,8.57,Evening Peak,Weekend,Clear,Medium,Main Road,28.1,19.4,23.885,21.528155746284277,Other,Other,Other
TRIP_01276,Preet Vihar,Okhla,12.45,Morning Peak,Weekday,Clear,Very High,Main Road,15.1,54.1,12.834999999999999,58.200233735878456,Other,Other,Other
TRIP_01277,Saket,Lajpat Nagar,5.89,Evening Peak,Weekday,Clear,High,Main Road,27.1,13.7,23.035,15.34187106576948,South,Other,South Delhi
TRIP_01278,Civil Lines,Hauz Khas,14.76,Morning Peak,Weekday,Clear,High,Main Road,25.3,34.7,21.505,41.181120669611715,Other,Other,Other
TRIP_01279,AIIMS,Karol Bagh,9.61,Evening Peak,Weekend,Clear,High,Main Road,18.5,31.2,15.725,36.66772655007949,Other,Central,Other
TRIP_01280,Civil Lines,Janakpuri,14.89,Evening Peak,Weekday,Clear,High,Highway,41.4,21.3,35.19,25.387894288150044,Other,West,Other
TRIP_01281,Punjabi Bagh,Lajpat Nagar,15.06,Morning Peak,Weekday,Heatwave,Very High,Highway,17.2,52.6,14.62,61.80574555403557,West,Other,West Delhi
TRIP_01282,Vasant Kunj,Hauz Khas,5.36,Morning Peak,Weekend,Clear,Medium,Highway,50.2,7.4,42.67,7.5369111788141545,South,Other,South Delhi
TRIP_01283,Nehru Place,Okhla,2.67,Afternoon,Weekday,Rain,Medium,Inner Road,13.3,11.8,11.305,14.170720919946925,Other,Other,Other
TRIP_01284,Shahdara,Janakpuri,20.44,Morning Peak,Weekend,Clear,Medium,Highway,65.5,19.5,55.675,22.027840143691066,Other,West,Other
TRIP_01285,Nehru Place,Shahdara,14.22,Afternoon,Weekday,Heatwave,High,Highway,40.7,21.4,34.595,24.6625234860529,Other,Other,Other
TRIP_01286,Kalkaji,Mayur Vihar,9.67,Evening Peak,Weekday,Heatwave,High,Main Road,25.2,22.6,21.419999999999998,27.08683473389356,South,Other,South Delhi
TRIP_01287,Lajpat Nagar,Nehru Place,2.8,Night,Weekday,Clear,Medium,Inner Road,22.2,7.9,18.869999999999997,8.903020667726551,Other,Other,Other
TRIP_01288,Shahdara,Pitampura,15.65,Evening Peak,Weekday,Clear,High,Highway,32.0,29.6,27.2,34.52205882352941,Other,North,Other
TRIP_01289,Lajpat Nagar,Model Town,16.71,Night,Weekend,Clear,Low,Highway,66.6,15.3,56.60999999999999,17.710651828298893,Other,North,Other
TRIP_01290,Shahdara,Saket,18.39,Evening Peak,Weekday,Heatwave,Medium,Main Road,40.1,29.0,34.085,32.372011148599086,Other,South,Other
TRIP_01291,IGI Airport,AIIMS,10.81,Afternoon,Weekday,Rain,Medium,Main Road,31.2,20.8,26.52,24.457013574660635,Other,Other,Other
TRIP_01292,Dwarka,Okhla,23.01,Morning Peak,Weekday,Clear,High,Highway,46.1,36.3,39.185,35.23286972055634,West,Other,West Delhi
TRIP_01293,Janakpuri,Hauz Khas,13.61,Night,Weekday,Rain,Low,Main Road,25.1,34.5,21.335,38.275134755097255,West,Other,West Delhi
TRIP_01294,Noida Sector 18,Janakpuri,23.96,Night,Weekday,Heatwave,Low,Highway,61.6,26.5,52.36,27.456073338426283,Other,West,Other
TRIP_01295,Noida Sector 18,Pitampura,24.06,Evening Peak,Weekday,Heatwave,Very High,Highway,15.4,97.1,13.09,110.28265851795263,Other,North,Other
TRIP_01296,AIIMS,Saket,4.77,Morning Peak,Weekend,Clear,Medium,Main Road,33.3,8.8,28.304999999999996,10.111287758346581,Other,South,Other
TRIP_01297,Vasant Kunj,Punjabi Bagh,16.74,Morning Peak,Weekday,Heatwave,Very High,Highway,15.1,67.7,12.834999999999999,78.2547721075185,South,West,South Delhi
TRIP_01298,Mayur Vihar,Lajpat Nagar,7.45,Afternoon,Weekend,Rain,Low,Highway,47.5,10.7,40.375,11.071207430340557,Other,Other,Other
TRIP_01299,Nehru Place,Model Town,19.38,Morning Peak,Weekday,Clear,High,Inner Road,18.4,63.6,15.639999999999999,74.34782608695652,Other,North,Other
TRIP_01300,Dwarka,Pitampura,15.04,Night,Weekday,Clear,Low,Main Road,34.2,26.5,29.07,31.04231166150671,West,North,West Delhi
TRIP_01301,Karol Bagh,Dwarka,15.59,Afternoon,Weekday,Heatwave,Medium,Highway,54.5,16.8,46.324999999999996,20.19212088505127,Central,West,Central Delhi
TRIP_01302,Okhla,AIIMS,7.2,Morning Peak,Weekday,Heatwave,High,Inner Road,16.8,30.0,14.28,30.252100840336134,Other,Other,Other
TRIP_01303,Lajpat Nagar,AIIMS,2.68,Evening Peak,Weekday,Heatwave,Very High,Inner Road,8.2,19.5,6.969999999999999,23.07030129124821,Other,Other,Other
TRIP_01304,Pitampura,Shahdara,15.65,Afternoon,Weekday,Clear,High,Main Road,26.9,35.5,22.865,41.06713317297179,North,Other,Other
TRIP_01305,Civil Lines,Saket,17.43,Morning Peak,Weekday,Clear,Very High,Highway,17.4,58.7,14.79,70.70993914807303,Other,South,Other
TRIP_01306,Model Town,AIIMS,16.52,Evening Peak,Weekday,Clear,Very High,Main Road,10.9,95.3,9.265,106.98327037236912,North,Other,North Delhi
TRIP_01307,Vasant Kunj,Janakpuri,13.24,Morning Peak,Weekday,Heatwave,High,Highway,41.0,19.3,34.85,22.7948350071736,South,West,South Delhi
TRIP_01308,Karol Bagh,Okhla,15.59,Afternoon,Weekday,Clear,Medium,Highway,55.4,17.7,47.089999999999996,19.86409004034827,Central,Other,Central Delhi
TRIP_01309,Model Town,Chandni Chowk,8.08,Morning Peak,Weekday,Clear,Very High,Main Road,9.8,52.2,8.33,58.199279711884756,North,Central,North Delhi
TRIP_01310,Connaught Place,Mayur Vihar,7.89,Afternoon,Weekday,Clear,Medium,Main Road,45.9,10.4,39.015,12.133794694348326,Central,Other,Central Delhi
TRIP_01311,Okhla,Preet Vihar,12.45,Afternoon,Weekday,Clear,Medium,Inner Road,27.0,27.2,22.95,32.549019607843135,Other,Other,Other
TRIP_01312,Preet Vihar,AIIMS,11.51,Morning Peak,Weekday,Clear,High,Main Road,24.4,29.8,20.74,33.297974927675995,Other,Other,Other
TRIP_01313,Rohini,Punjabi Bagh,11.6,Evening Peak,Weekday,Heatwave,Very High,Highway,20.0,34.0,17.0,40.94117647058824,North,West,North Delhi
TRIP_01314,Connaught Place,Lajpat Nagar,7.13,Morning Peak,Weekday,Heatwave,Very High,Main Road,9.2,46.3,7.819999999999999,54.70588235294118,Central,Other,Central Delhi
TRIP_01315,Connaught Place,Mayur Vihar,7.89,Morning Peak,Weekday,Clear,Very High,Main Road,11.1,49.6,9.434999999999999,50.174880763116064,Central,Other,Central Delhi
TRIP_01316,IGI Airport,Janakpuri,7.4,Afternoon,Weekday,Clear,High,Main Road,25.4,18.2,21.59,20.565076424270494,Other,West,Other
TRIP_01317,Pitampura,Rajouri Garden,6.43,Afternoon,Weekday,Rain,Medium,Inner Road,10.4,37.0,8.84,43.64253393665158,North,West,Other
TRIP_01318,Vasant Kunj,Connaught Place,13.75,Evening Peak,Weekend,Heatwave,High,Highway,42.2,23.0,35.870000000000005,22.999721215500415,South,Central,South Delhi
TRIP_01319,Preet Vihar,Rajouri Garden,16.6,Morning Peak,Weekday,Heatwave,High,Main Road,16.0,63.7,13.6,73.23529411764707,Other,West,Other
TRIP_01320,Shahdara,Greater Kailash,15.04,Afternoon,Weekday,Clear,Very High,Main Road,11.8,76.3,10.030000000000001,89.97008973080756,Other,South,Other
TRIP_01321,Dwarka,Pitampura,15.04,Morning Peak,Weekend,Fog,Medium,Main Road,23.5,37.5,19.974999999999998,45.17647058823529,West,North,West Delhi
TRIP_01322,Shahdara,Rohini,24.21,Morning Peak,Weekday,Clear,Medium,Highway,66.6,22.4,56.60999999999999,25.659777424483313,Other,North,Other
TRIP_01323,Noida Sector 18,Rajouri Garden,21.63,Morning Peak,Weekday,Heatwave,Very High,Highway,14.8,97.4,12.58,103.1637519872814,Other,West,Other
TRIP_01324,Rajouri Garden,Chandni Chowk,10.59,Morning Peak,Weekday,Heatwave,Medium,Highway,58.7,11.4,49.895,12.734742960216453,West,Central,Other
TRIP_01325,Rajouri Garden,Pitampura,6.43,Evening Peak,Weekend,Fog,Medium,Main Road,18.6,23.6,15.81,24.402277039848197,West,North,Other
TRIP_01326,Lajpat Nagar,Civil Lines,12.32,Afternoon,Weekday,Clear,Medium,Highway,63.9,11.5,54.315,13.609500138083403,Other,Other,Other
TRIP_01327,Rajouri Garden,Mayur Vihar,17.23,Afternoon,Weekday,Fog,High,Highway,19.3,52.0,16.405,63.017372752209695,West,Other,Other
TRIP_01328,Model Town,Civil Lines,5.0,Evening Peak,Weekend,Clear,Medium,Main Road,32.4,9.1,27.54,10.893246187363834,North,Other,North Delhi
TRIP_01329,IGI Airport,Lajpat Nagar,13.5,Afternoon,Weekday,Rain,Low,Main Road,33.6,25.9,28.56,28.36134453781513,Other,Other,Other
TRIP_01330,Hauz Khas,Dwarka,15.78,Afternoon,Weekday,Heatwave,Medium,Highway,51.3,18.9,43.605,21.71310629514964,Other,West,Other
TRIP_01331,Kalkaji,Civil Lines,16.3,Evening Peak,Weekday,Rain,Low,Main Road,28.7,34.0,24.395,40.09018241442919,South,Other,South Delhi
TRIP_01332,Lajpat Nagar,Mayur Vihar,7.45,Evening Peak,Weekday,Heatwave,Very High,Main Road,13.7,33.6,11.645,38.38557320738515,Other,Other,Other
TRIP_01333,Preet Vihar,Vasant Kunj,18.93,Afternoon,Weekday,Heatwave,Very High,Main Road,14.5,82.8,12.325,92.15415821501014,Other,South,Other
TRIP_01334,Nehru Place,Okhla,2.67,Afternoon,Weekday,Clear,Medium,Inner Road,27.4,6.1,23.29,6.878488621726063,Other,Other,Other
TRIP_01335,Dwarka,Civil Lines,20.04,Night,Weekend,Clear,Low,Highway,86.2,14.5,73.27,16.41053637232155,West,Other,West Delhi
TRIP_01336,Greater Kailash,Chandni Chowk,11.55,Afternoon,Weekday,Clear,Low,Main Road,40.6,18.0,34.51,20.08113590263692,South,Central,South Delhi
TRIP_01337,Rajouri Garden,Vasant Kunj,14.56,Morning Peak,Weekday,Clear,Medium,Main Road,29.4,31.1,24.99,34.957983193277315,West,South,Other
TRIP_01338,Saket,Rajouri Garden,15.91,Afternoon,Weekday,Fog,Low,Highway,43.7,22.7,37.145,25.699286579620406,South,West,South Delhi
TRIP_01339,Greater Kailash,IGI Airport,13.13,Evening Peak,Weekday,Heatwave,Very High,Inner Road,8.2,95.5,6.969999999999999,113.02725968436158,South,Other,South Delhi
TRIP_01340,Shahdara,Pitampura,15.65,Morning Peak,Weekend,Clear,High,Highway,34.3,28.0,29.154999999999998,32.207168581718406,Other,North,Other
TRIP_01341,AIIMS,Shahdara,14.08,Morning Peak,Weekday,Clear,High,Main Road,27.9,30.9,23.715,35.62302340290955,Other,Other,Other
TRIP_01342,Saket,Chandni Chowk,14.23,Afternoon,Weekday,Clear,Medium,Main Road,26.8,34.1,22.78,37.480245829675155,South,Central,South Delhi
TRIP_01343,AIIMS,Saket,4.77,Morning Peak,Weekday,Clear,Very High,Inner Road,8.3,35.0,7.055000000000001,40.566973777462785,Other,South,Other
TRIP_01344,Model Town,Noida Sector 18,20.73,Night,Weekend,Heatwave,Low,Highway,81.5,16.1,69.27499999999999,17.954529050884158,North,Other,North Delhi
TRIP_01345,Connaught Place,AIIMS,7.18,Afternoon,Weekday,Heatwave,High,Highway,39.3,10.9,33.404999999999994,12.896273013022006,Central,Other,Central Delhi
TRIP_01346,Punjabi Bagh,Kalkaji,18.89,Afternoon,Weekday,Clear,Very High,Main Road,10.5,117.8,8.924999999999999,126.9915966386555,West,South,West Delhi
TRIP_01347,Saket,Noida Sector 18,12.72,Evening Peak,Weekday,Clear,High,Main Road,27.5,28.0,23.375,32.65026737967914,South,Other,South Delhi
TRIP_01348,Preet Vihar,Model Town,12.75,Evening Peak,Weekday,Clear,Very High,Highway,17.4,43.4,14.79,51.724137931034484,Other,North,Other
TRIP_01349,Pitampura,Greater Kailash,20.1,Morning Peak,Weekday,Clear,High,Highway,32.5,36.1,27.625,43.65610859728507,North,South,Other
TRIP_01350,Civil Lines,Rohini,18.15,Evening Peak,Weekday,Rain,Very High,Main Road,6.7,176.6,5.695,191.2203687445127,Other,North,Other
TRIP_01351,Shahdara,Punjabi Bagh,15.41,Afternoon,Weekday,Clear,Medium,Highway,60.9,15.2,51.765,17.861489423355547,Other,West,Other
TRIP_01352,Saket,Janakpuri,15.88,Afternoon,Weekday,Rain,Medium,Highway,34.4,29.0,29.24,32.585499316005475,South,West,South Delhi
TRIP_01353,Nehru Place,IGI Airport,14.99,Evening Peak,Weekend,Heatwave,High,Main Road,16.1,54.7,13.685,65.7215929850201,Other,Other,Other
TRIP_01354,Model Town,Rajouri Garden,10.2,Afternoon,Weekday,Clear,High,Highway,36.3,16.4,30.854999999999997,19.834710743801654,North,West,North Delhi
TRIP_01355,Rajouri Garden,Nehru Place,16.77,Night,Weekend,Clear,Low,Highway,65.0,15.5,55.25,18.211764705882352,West,Other,Other
TRIP_01356,Janakpuri,Vasant Kunj,13.24,Afternoon,Weekday,Heatwave,Medium,Main Road,31.0,26.0,26.349999999999998,30.14800759013283,West,South,West Delhi
TRIP_01357,Rohini,Mayur Vihar,27.72,Morning Peak,Weekday,Fog,Very High,Highway,10.6,163.0,9.01,184.5948945615982,North,Other,North Delhi
TRIP_01358,Shahdara,Mayur Vihar,6.61,Morning Peak,Weekday,Clear,Very High,Highway,21.2,19.6,18.02,22.008879023307436,Other,Other,Other
TRIP_01359,Chandni Chowk,Pitampura,11.29,Morning Peak,Weekday,Rain,Very High,Main Road,8.2,87.4,6.969999999999999,97.18794835007174,Central,North,Central Delhi
TRIP_01360,Vasant Kunj,Okhla,11.21,Afternoon,Weekday,Clear,Low,Highway,78.8,9.0,66.97999999999999,10.041803523439835,South,Other,South Delhi
TRIP_01361,Rajouri Garden,Janakpuri,4.38,Night,Weekday,Clear,Low,Inner Road,38.5,6.9,32.725,8.030557677616502,West,West,Other
TRIP_01362,Vasant Kunj,Dwarka,13.52,Morning Peak,Weekend,Clear,Very High,Highway,21.4,39.6,18.189999999999998,44.5959318306762,South,West,South Delhi
TRIP_01363,Lajpat Nagar,Preet Vihar,9.58,Morning Peak,Weekend,Clear,Low,Main Road,55.6,10.8,47.26,12.16250528988574,Other,Other,Other
TRIP_01364,AIIMS,Pitampura,17.0,Evening Peak,Weekday,Clear,Low,Highway,85.8,12.3,72.92999999999999,13.986013986013987,Other,North,Other
TRIP_01365,Shahdara,Civil Lines,6.29,Afternoon,Weekend,Clear,High,Main Road,26.6,14.3,22.61,16.69172932330827,Other,Other,Other
TRIP_01366,Chandni Chowk,Punjabi Bagh,9.93,Night,Weekday,Fog,Low,Main Road,23.6,24.7,20.060000000000002,29.700897308075767,Central,West,Central Delhi
TRIP_01367,Connaught Place,Hauz Khas,9.27,Evening Peak,Weekend,Clear,Medium,Highway,54.3,10.4,46.154999999999994,12.050698732531687,Central,Other,Central Delhi
TRIP_01368,Pitampura,Lajpat Nagar,18.08,Evening Peak,Weekend,Rain,High,Main Road,17.2,61.3,14.62,74.19972640218877,North,Other,Other
TRIP_01369,Rajouri Garden,Dwarka,9.64,Evening Peak,Weekday,Clear,Very High,Inner Road,8.3,82.8,7.055000000000001,81.98440822111976,West,West,Other
TRIP_01370,IGI Airport,Greater Kailash,13.13,Evening Peak,Weekday,Rain,Very High,Main Road,10.3,79.6,8.755,89.98286693318103,Other,South,Other
TRIP_01371,Okhla,Hauz Khas,7.23,Afternoon,Weekend,Clear,Very High,Inner Road,8.3,53.5,7.055000000000001,61.48830616583982,Other,Other,Other
TRIP_01372,Dwarka,Civil Lines,20.04,Evening Peak,Weekday,Fog,Very High,Highway,8.7,137.3,7.395,162.59634888438134,West,Other,West Delhi
TRIP_01373,Mayur Vihar,Greater Kailash,9.55,Morning Peak,Weekday,Fog,High,Main Road,15.6,36.5,13.26,43.21266968325793,Other,South,Other
TRIP_01374,Kalkaji,IGI Airport,15.01,Night,Weekend,Clear,Low,Main Road,41.6,22.5,35.36,25.46945701357466,South,Other,South Delhi
TRIP_01375,Saket,Janakpuri,15.88,Morning Peak,Weekday,Clear,High,Highway,40.6,24.7,34.51,27.609388583019417,South,West,South Delhi
TRIP_01376,Rohini,AIIMS,25.2,Evening Peak,Weekend,Clear,Low,Main Road,36.2,42.8,30.770000000000003,49.13877153071173,North,Other,North Delhi
TRIP_01377,Vasant Kunj,Dwarka,13.52,Evening Peak,Weekday,Heatwave,Very High,Highway,16.0,55.6,13.6,59.64705882352941,South,West,South Delhi
TRIP_01378,Mayur Vihar,Nehru Place,8.28,Evening Peak,Weekday,Rain,Very High,Main Road,9.3,52.8,7.905,62.84629981024668,Other,Other,Other
TRIP_01379,Shahdara,Civil Lines,6.29,Evening Peak,Weekday,Clear,Very High,Main Road,9.0,41.0,7.6499999999999995,49.333333333333336,Other,Other,Other
TRIP_01380,Greater Kailash,Vasant Kunj,8.11,Morning Peak,Weekend,Heatwave,Medium,Main Road,33.3,14.6,28.304999999999996,17.19130895601484,South,South,South Delhi
TRIP_01381,Preet Vihar,Dwarka,24.67,Morning Peak,Weekend,Clear,Medium,Main Road,35.7,43.8,30.345000000000002,48.779041028175975,Other,West,Other
TRIP_01382,Kalkaji,Connaught Place,11.2,Afternoon,Weekend,Clear,Medium,Highway,48.7,14.3,41.395,16.23384466723034,South,Central,South Delhi
TRIP_01383,Karol Bagh,Janakpuri,10.56,Morning Peak,Weekday,Heatwave,High,Highway,41.8,15.0,35.529999999999994,17.832817337461304,Central,West,Central Delhi
TRIP_01384,Rohini,Noida Sector 18,33.01,Morning Peak,Weekend,Clear,Medium,Main Road,43.4,49.9,36.89,53.6893467064245,North,Other,North Delhi
TRIP_01385,Punjabi Bagh,Chandni Chowk,9.93,Afternoon,Weekday,Clear,Low,Inner Road,19.9,31.4,16.915,35.223174697014485,West,Central,West Delhi
TRIP_01386,Lajpat Nagar,Karol Bagh,10.19,Morning Peak,Weekday,Clear,Very High,Main Road,10.9,58.2,9.265,65.99028602266594,Other,Central,Other
TRIP_01387,Connaught Place,Dwarka,17.23,Morning Peak,Weekday,Heatwave,Very High,Highway,20.9,51.7,17.764999999999997,58.193076273571634,Central,West,Central Delhi
TRIP_01388,Punjabi Bagh,Kalkaji,18.89,Afternoon,Weekday,Clear,Medium,Inner Road,19.9,60.1,16.915,67.00561631687852,West,South,West Delhi
TRIP_01389,Greater Kailash,Nehru Place,1.9,Afternoon,Weekday,Clear,Medium,Inner Road,19.8,6.7,16.830000000000002,6.77361853832442,South,Other,South Delhi
TRIP_01390,Connaught Place,Mayur Vihar,7.89,Morning Peak,Weekday,Clear,Very High,Main Road,10.9,42.8,9.265,51.09552077711818,Central,Other,Central Delhi
TRIP_01391,Hauz Khas,Karol Bagh,11.44,Afternoon,Weekday,Clear,Medium,Main Road,30.8,23.1,26.18,26.218487394957982,Other,Central,Other
TRIP_01392,Janakpuri,Pitampura,10.13,Afternoon,Weekday,Clear,High,Highway,39.0,15.8,33.15,18.33484162895928,West,North,West Delhi
TRIP_01393,IGI Airport,Karol Bagh,13.83,Afternoon,Weekday,Clear,Medium,Highway,64.6,13.3,54.91,15.112001456929521,Other,Central,Other
TRIP_01394,Greater Kailash,Lajpat Nagar,2.6,Morning Peak,Weekday,Clear,Medium,Main Road,28.7,5.8,24.395,6.394753023160484,South,Other,South Delhi
TRIP_01395,Rajouri Garden,Shahdara,16.5,Morning Peak,Weekday,Clear,Very High,Inner Road,8.9,112.8,7.565,130.86582947785854,West,Other,Other
TRIP_01396,Punjabi Bagh,Greater Kailash,16.84,Afternoon,Weekday,Clear,Medium,Main Road,26.0,39.2,22.099999999999998,45.71945701357466,West,South,West Delhi
TRIP_01397,AIIMS,Hauz Khas,2.2,Night,Weekday,Clear,Low,Inner Road,34.9,4.3,29.665,4.44968818472948,Other,Other,Other
TRIP_01398,Preet Vihar,Lajpat Nagar,9.58,Evening Peak,Weekday,Clear,Very High,Highway,18.0,31.1,15.299999999999999,37.568627450980394,Other,Other,Other
TRIP_01399,Lajpat Nagar,Greater Kailash,2.6,Morning Peak,Weekend,Fog,Low,Inner Road,16.0,9.7,13.6,11.470588235294118,Other,South,Other
TRIP_01400,Pitampura,Chandni Chowk,11.29,Evening Peak,Weekday,Clear,High,Main Road,30.0,22.9,25.5,26.56470588235294,North,Central,Other
TRIP_01401,Saket,Model Town,21.24,Afternoon,Weekday,Rain,Medium,Main Road,27.8,45.4,23.63,53.93144308082945,South,North,South Delhi
TRIP_01402,Nehru Place,Connaught Place,9.83,Night,Weekday,Clear,Low,Main Road,41.7,14.8,35.445,16.639864578925096,Other,Central,Other
TRIP_01403,Janakpuri,Dwarka,5.26,Evening Peak,Weekday,Heatwave,Medium,Main Road,37.3,9.5,31.705,9.954265888661094,West,West,West Delhi
TRIP_01404,Pitampura,Noida Sector 18,24.06,Evening Peak,Weekend,Clear,Low,Highway,87.4,16.3,74.29,19.431955848701033,North,Other,Other
TRIP_01405,Mayur Vihar,Rohini,27.72,Evening Peak,Weekday,Clear,High,Highway,42.4,40.1,36.04,46.14872364039955,Other,North,Other
TRIP_01406,Nehru Place,Hauz Khas,5.2,Afternoon,Weekday,Clear,Medium,Main Road,43.3,7.4,36.805,8.477109088439072,Other,Other,Other
TRIP_01407,Lajpat Nagar,Pitampura,18.08,Afternoon,Weekday,Heatwave,High,Highway,33.8,31.4,28.729999999999997,37.75844065436826,Other,North,Other
TRIP_01408,Civil Lines,Saket,17.43,Morning Peak,Weekday,Clear,Medium,Main Road,35.2,31.4,29.92,34.95320855614973,Other,South,Other
TRIP_01409,Noida Sector 18,Vasant Kunj,17.44,Afternoon,Weekend,Clear,Low,Highway,71.7,15.0,60.945,17.169579128722617,Other,South,Other
TRIP_01410,Dwarka,Preet Vihar,24.67,Evening Peak,Weekend,Heatwave,Very High,Main Road,11.7,128.3,9.944999999999999,148.83861236802417,West,Other,West Delhi
TRIP_01411,Chandni Chowk,Dwarka,19.18,Evening Peak,Weekday,Rain,Very High,Highway,12.5,89.4,10.625,108.3105882352941,Central,West,Central Delhi
TRIP_01412,Saket,Okhla,6.33,Afternoon,Weekday,Heatwave,Medium,Highway,63.4,6.1,53.89,7.04768973835591,South,Other,South Delhi
TRIP_01413,Shahdara,Chandni Chowk,6.2,Evening Peak,Weekday,Rain,Very High,Inner Road,7.0,58.1,5.95,62.52100840336135,Other,Central,Other
TRIP_01414,Mayur Vihar,AIIMS,9.79,Evening Peak,Weekday,Clear,High,Main Road,26.2,22.1,22.27,26.376290974405027,Other,Other,Other
TRIP_01415,Kalkaji,Pitampura,22.07,Night,Weekday,Heatwave,Low,Highway,76.7,17.6,65.19500000000001,20.31137357159291,South,North,South Delhi
TRIP_01416,Connaught Place,Pitampura,11.52,Evening Peak,Weekday,Clear,Very High,Highway,15.3,47.9,13.005,53.14878892733564,Central,North,Central Delhi
TRIP_01417,Mayur Vihar,Lajpat Nagar,7.45,Afternoon,Weekday,Clear,Medium,Highway,50.8,9.7,43.18,10.352014821676704,Other,Other,Other
TRIP_01418,Greater Kailash,Noida Sector 18,9.35,Morning Peak,Weekend,Clear,High,Main Road,23.1,24.7,19.635,28.571428571428566,South,Other,South Delhi
TRIP_01419,Rohini,Karol Bagh,16.99,Afternoon,Weekday,Clear,Medium,Main Road,42.4,24.1,36.04,28.285238623751383,North,Central,North Delhi
TRIP_01420,Chandni Chowk,Model Town,8.08,Evening Peak,Weekday,Rain,High,Main Road,19.8,25.3,16.830000000000002,28.805704099821746,Central,North,Central Delhi
TRIP_01421,Model Town,Rohini,13.8,Afternoon,Weekday,Clear,Medium,Highway,67.4,12.3,57.290000000000006,14.452784080991446,North,North,North Delhi
TRIP_01422,AIIMS,Lajpat Nagar,2.68,Afternoon,Weekday,Clear,High,Main Road,27.5,5.7,23.375,6.879144385026738,Other,Other,Other
TRIP_01423,Connaught Place,Noida Sector 18,12.67,Afternoon,Weekday,Clear,Very High,Main Road,9.6,78.8,8.16,93.16176470588235,Central,Other,Central Delhi
TRIP_01424,Nehru Place,Chandni Chowk,11.5,Afternoon,Weekday,Fog,Low,Highway,40.4,16.6,34.339999999999996,20.09318578916715,Other,Central,Other
TRIP_01425,Greater Kailash,Dwarka,19.04,Morning Peak,Weekday,Clear,High,Main Road,21.1,53.1,17.935000000000002,63.696682464454966,South,West,South Delhi
TRIP_01426,Vasant Kunj,Lajpat Nagar,9.65,Night,Weekday,Fog,Low,Main Road,23.7,25.2,20.145,28.74162323157111,South,Other,South Delhi
TRIP_01427,IGI Airport,Saket,11.0,Morning Peak,Weekday,Clear,Low,Highway,65.2,10.3,55.42,11.909058101768315,Other,South,Other
TRIP_01428,Shahdara,Chandni Chowk,6.2,Afternoon,Weekday,Heatwave,High,Inner Road,11.8,32.0,10.030000000000001,37.08873379860419,Other,Central,Other
TRIP_01429,Connaught Place,Model Town,9.58,Afternoon,Weekday,Heatwave,Low,Main Road,43.1,15.4,36.635,15.689914016650743,Central,North,Central Delhi
TRIP_01430,Kalkaji,Hauz Khas,5.29,Evening Peak,Weekend,Fog,High,Main Road,13.4,27.0,11.39,27.866549604916592,South,Other,South Delhi
TRIP_01431,Saket,Vasant Kunj,4.88,Afternoon,Weekday,Clear,High,Inner Road,13.3,24.0,11.305,25.900044228217602,South,South,South Delhi
TRIP_01432,Preet Vihar,Mayur Vihar,3.05,Morning Peak,Weekday,Rain,High,Main Road,20.7,9.2,17.595,10.400682011935208,Other,Other,Other
TRIP_01433,Pitampura,Saket,21.25,Evening Peak,Weekday,Clear,High,Highway,33.1,40.8,28.135,45.31722054380664,North,South,Other
TRIP_01434,Janakpuri,Preet Vihar,20.09,Evening Peak,Weekday,Clear,Very High,Highway,21.8,57.3,18.53,65.05126821370749,West,Other,West Delhi
TRIP_01435,Rajouri Garden,AIIMS,12.31,Afternoon,Weekday,Clear,Medium,Inner Road,20.8,37.2,17.68,41.776018099547514,West,Other,Other
TRIP_01436,Pitampura,Punjabi Bagh,3.98,Morning Peak,Weekday,Clear,Very High,Main Road,13.0,19.3,11.049999999999999,21.61085972850679,North,West,Other
TRIP_01437,Dwarka,Pitampura,15.04,Afternoon,Weekday,Heatwave,Low,Inner Road,29.6,30.6,25.16,35.866454689984096,West,North,West Delhi
TRIP_01438,Connaught Place,Janakpuri,12.63,Afternoon,Weekday,Clear,Medium,Main Road,40.0,18.6,34.0,22.28823529411765,Central,West,Central Delhi
TRIP_01439,Okhla,Pitampura,23.54,Afternoon,Weekend,Fog,Low,Main Road,26.4,52.6,22.439999999999998,62.94117647058824,Other,North,Other
TRIP_01440,Karol Bagh,Connaught Place,3.42,Morning Peak,Weekday,Clear,High,Main Road,28.2,7.5,23.97,8.560700876095119,Central,Central,Central Delhi
TRIP_01441,Connaught Place,Karol Bagh,3.42,Afternoon,Weekday,Clear,High,Main Road,19.9,10.2,16.915,12.131244457582028,Central,Central,Central Delhi
TRIP_01442,Nehru Place,Saket,5.32,Evening Peak,Weekday,Heatwave,High,Inner Road,9.7,32.3,8.245,38.71437234687691,Other,South,Other
TRIP_01443,Chandni Chowk,Lajpat Nagar,8.98,Evening Peak,Weekday,Clear,Very High,Main Road,10.0,56.9,8.5,63.388235294117656,Central,Other,Central Delhi
TRIP_01444,Vasant Kunj,AIIMS,7.41,Afternoon,Weekday,Clear,Medium,Inner Road,26.6,16.8,22.61,19.66386554621849,South,Other,South Delhi
TRIP_01445,Hauz Khas,Mayur Vihar,11.72,Evening Peak,Weekday,Heatwave,Low,Highway,81.9,10.0,69.61500000000001,10.101271277741866,Other,Other,Other
TRIP_01446,Preet Vihar,Janakpuri,20.09,Morning Peak,Weekday,Rain,Medium,Highway,41.5,30.4,35.275,34.1715095676825,Other,West,Other
TRIP_01447,AIIMS,Connaught Place,7.18,Night,Weekend,Clear,Medium,Highway,44.6,9.6,37.910000000000004,11.363756264837773,Other,Central,Other
TRIP_01448,Karol Bagh,Preet Vihar,10.02,Morning Peak,Weekend,Clear,High,Highway,29.2,22.9,24.82,24.222401289282836,Central,Other,Central Delhi
TRIP_01449,Janakpuri,Punjabi Bagh,6.67,Afternoon,Weekday,Clear,Medium,Main Road,35.9,11.5,30.514999999999997,13.114861543503197,West,West,West Delhi
TRIP_01450,Preet Vihar,Model Town,12.75,Afternoon,Weekday,Clear,Low,Highway,79.7,10.6,67.745,11.292346298619824,Other,North,Other
TRIP_01451,Vasant Kunj,IGI Airport,6.9,Morning Peak,Weekday,Fog,High,Main Road,10.5,40.1,8.924999999999999,46.386554621848745,South,Other,South Delhi
TRIP_01452,Model Town,Karol Bagh,7.02,Morning Peak,Weekday,Fog,Very High,Highway,9.1,46.2,7.734999999999999,54.45378151260504,North,Central,North Delhi
TRIP_01453,Noida Sector 18,Rohini,33.01,Evening Peak,Weekend,Clear,High,Highway,37.6,52.0,31.96,61.971214017521895,Other,North,Other
TRIP_01454,Preet Vihar,Nehru Place,10.93,Evening Peak,Weekend,Clear,Low,Inner Road,29.4,21.8,24.99,26.24249699879952,Other,Other,Other
TRIP_01455,Civil Lines,Noida Sector 18,15.73,Morning Peak,Weekday,Clear,Very High,Main Road,11.8,80.9,10.030000000000001,94.09770687936191,Other,Other,Other
TRIP_01456,Okhla,Noida Sector 18,6.92,Night,Weekday,Clear,Low,Main Road,48.3,9.1,41.055,10.1132626963829,Other,Other,Other
TRIP_01457,Rohini,Pitampura,8.97,Night,Weekend,Heatwave,Medium,Main Road,40.5,13.7,34.425,15.633986928104576,North,North,North Delhi
TRIP_01458,Saket,Kalkaji,4.6,Evening Peak,Weekend,Clear,Medium,Main Road,36.5,7.8,31.025,8.896051571313455,South,South,South Delhi
TRIP_01459,Karol Bagh,Civil Lines,4.62,Morning Peak,Weekend,Rain,High,Inner Road,10.2,27.9,8.67,31.97231833910035,Central,Other,Central Delhi
TRIP_01460,Shahdara,AIIMS,14.08,Evening Peak,Weekend,Clear,Medium,Inner Road,27.7,31.7,23.544999999999998,35.880229348056915,Other,Other,Other
TRIP_01461,Punjabi Bagh,Dwarka,11.86,Afternoon,Weekend,Heatwave,High,Inner Road,12.5,59.0,10.625,66.97411764705882,West,West,West Delhi
TRIP_01462,AIIMS,Nehru Place,4.68,Afternoon,Weekday,Clear,High,Inner Road,10.7,25.6,9.094999999999999,30.874106652006596,Other,Other,Other
TRIP_01463,Chandni Chowk,Civil Lines,3.35,Evening Peak,Weekday,Rain,Very High,Inner Road,5.0,40.3,4.25,47.29411764705882,Central,Other,Central Delhi
TRIP_01464,Punjabi Bagh,Karol Bagh,6.08,Afternoon,Weekday,Clear,Medium,Main Road,32.4,11.0,27.54,13.246187363834423,West,Central,West Delhi
TRIP_01465,Pitampura,Vasant Kunj,20.67,Evening Peak,Weekday,Clear,Very High,Inner Road,8.0,155.1,6.8,182.3823529411765,North,South,Other
TRIP_01466,Karol Bagh,Punjabi Bagh,6.08,Morning Peak,Weekend,Clear,Medium,Inner Road,11.5,31.8,9.775,37.31969309462916,Central,West,Central Delhi
TRIP_01467,Hauz Khas,Rohini,26.29,Morning Peak,Weekday,Rain,Very High,Highway,11.7,152.0,9.944999999999999,158.61236802413276,Other,North,Other
TRIP_01468,Preet Vihar,Janakpuri,20.09,Night,Weekday,Fog,Low,Main Road,24.3,55.4,20.655,58.35875090777051,Other,West,Other
TRIP_01469,Connaught Place,Nehru Place,9.83,Evening Peak,Weekday,Rain,High,Inner Road,8.0,76.8,6.8,86.73529411764706,Central,Other,Central Delhi
TRIP_01470,Kalkaji,Chandni Chowk,12.95,Evening Peak,Weekday,Clear,Very High,Highway,20.6,39.7,17.51,44.37464306110793,South,Central,South Delhi
TRIP_01471,Nehru Place,Mayur Vihar,8.28,Night,Weekend,Rain,Low,Main Road,35.6,15.4,30.26,16.4177131526768,Other,Other,Other
TRIP_01472,Okhla,Preet Vihar,12.45,Morning Peak,Weekday,Fog,High,Highway,17.5,44.5,14.875,50.218487394957975,Other,Other,Other
TRIP_01473,Connaught Place,Lajpat Nagar,7.13,Evening Peak,Weekday,Clear,High,Highway,30.9,14.6,26.264999999999997,16.287835522558538,Central,Other,Central Delhi
TRIP_01474,Chandni Chowk,Dwarka,19.18,Afternoon,Weekday,Clear,High,Main Road,22.1,53.4,18.785,61.26164492946499,Central,West,Central Delhi
TRIP_01475,Mayur Vihar,Noida Sector 18,5.74,Evening Peak,Weekend,Clear,Low,Inner Road,17.3,20.0,14.705,23.420605236314177,Other,Other,Other
TRIP_01476,Rajouri Garden,Noida Sector 18,21.63,Evening Peak,Weekday,Rain,Very High,Highway,11.4,113.8,9.69,133.93188854489165,West,Other,Other
TRIP_01477,Rohini,Pitampura,8.97,Morning Peak,Weekday,Heatwave,High,Main Road,19.3,27.6,16.405,32.80707101493447,North,North,North Delhi
TRIP_01478,Janakpuri,Dwarka,5.26,Evening Peak,Weekend,Clear,Very High,Inner Road,8.8,36.0,7.48,42.19251336898395,West,West,West Delhi
TRIP_01479,Civil Lines,IGI Airport,18.43,Evening Peak,Weekday,Clear,Very High,Main Road,10.3,107.5,8.755,126.30496858937748,Other,Other,Other
TRIP_01480,Preet Vihar,Nehru Place,10.93,Afternoon,Weekday,Clear,Low,Highway,58.3,11.2,49.555,13.233780647765109,Other,Other,Other
TRIP_01481,Lajpat Nagar,Okhla,5.46,Afternoon,Weekday,Clear,High,Main Road,22.5,14.5,19.125,17.129411764705882,Other,Other,Other
TRIP_01482,Preet Vihar,Punjabi Bagh,16.03,Morning Peak,Weekday,Clear,Very High,Highway,19.3,50.8,16.405,58.62846693081378,Other,West,Other
TRIP_01483,Greater Kailash,Noida Sector 18,9.35,Morning Peak,Weekday,Rain,Low,Main Road,33.0,17.7,28.05,20.0,South,Other,South Delhi
TRIP_01484,Pitampura,Nehru Place,20.88,Evening Peak,Weekday,Clear,Very High,Main Road,10.1,123.3,8.584999999999999,145.92894583576006,North,Other,Other
TRIP_01485,Hauz Khas,Civil Lines,14.76,Night,Weekend,Clear,Low,Highway,64.9,14.4,55.165000000000006,16.05365721018762,Other,Other,Other
TRIP_01486,Janakpuri,Chandni Chowk,14.33,Evening Peak,Weekday,Clear,Very High,Highway,22.5,39.7,19.125,44.95686274509804,West,Central,West Delhi
TRIP_01487,Hauz Khas,IGI Airport,9.81,Afternoon,Weekday,Clear,Medium,Inner Road,29.6,20.9,25.16,23.394276629570747,Other,Other,Other
TRIP_01488,Saket,Vasant Kunj,4.88,Afternoon,Weekday,Heatwave,Medium,Main Road,29.5,10.3,25.075,11.676969092721835,South,South,South Delhi
TRIP_01489,AIIMS,Chandni Chowk,9.5,Evening Peak,Weekday,Rain,Very High,Highway,11.5,50.3,9.775,58.312020460358056,Other,Central,Other
TRIP_01490,Nehru Place,Hauz Khas,5.2,Afternoon,Weekday,Heatwave,Very High,Main Road,10.6,28.6,9.01,34.62819089900111,Other,Other,Other
TRIP_01491,Karol Bagh,Dwarka,15.59,Afternoon,Weekday,Rain,Medium,Highway,36.4,26.4,30.939999999999998,30.232708468002585,Central,West,Central Delhi
TRIP_01492,Rajouri Garden,Janakpuri,4.38,Morning Peak,Weekday,Clear,High,Inner Road,9.3,28.6,7.905,33.24478178368121,West,West,Other
TRIP_01493,AIIMS,Noida Sector 18,11.33,Evening Peak,Weekday,Heatwave,Very High,Main Road,11.0,62.3,9.35,72.70588235294119,Other,Other,Other
TRIP_01494,Dwarka,Pitampura,15.04,Evening Peak,Weekday,Clear,High,Main Road,29.5,30.0,25.075,35.988035892323026,West,North,West Delhi
TRIP_01495,Noida Sector 18,Greater Kailash,9.35,Night,Weekday,Clear,Low,Main Road,38.7,15.0,32.895,17.05426356589147,Other,South,Other
TRIP_01496,Civil Lines,Dwarka,20.04,Evening Peak,Weekday,Clear,Very High,Main Road,13.5,94.0,11.475,104.7843137254902,Other,West,Other
TRIP_01497,Lajpat Nagar,Vasant Kunj,9.65,Morning Peak,Weekday,Clear,High,Inner Road,10.4,61.0,8.84,65.49773755656109,Other,South,Other
TRIP_01498,Punjabi Bagh,Civil Lines,9.27,Evening Peak,Weekday,Clear,Very High,Main Road,14.4,38.9,12.24,45.44117647058823,West,Other,West Delhi
TRIP_01499,Nehru Place,Janakpuri,18.07,Afternoon,Weekend,Clear,Low,Main Road,34.0,32.6,28.9,37.515570934256054,Other,West,Other
TRIP_01500,Hauz Khas,Lajpat Nagar,4.29,Evening Peak,Weekend,Clear,Medium,Inner Road,14.8,19.1,12.58,20.461049284578696,Other,Other,Other
TRIP_01501,Civil Lines,Noida Sector 18,15.73,Morning Peak,Weekday,Clear,High,Main Road,19.2,49.7,16.32,57.830882352941174,Other,Other,Other
TRIP_01502,IGI Airport,Connaught Place,14.14,Night,Weekday,Clear,High,Highway,31.4,27.7,26.689999999999998,31.787186212064444,Other,Central,Other
TRIP_01503,Okhla,Model Town,21.87,Evening Peak,Weekday,Rain,High,Highway,27.8,54.6,23.63,55.531104528142194,Other,North,Other
TRIP_01504,Model Town,Rohini,13.8,Afternoon,Weekday,Fog,High,Inner Road,8.0,103.8,6.8,121.76470588235296,North,North,North Delhi
TRIP_01505,Punjabi Bagh,Karol Bagh,6.08,Afternoon,Weekday,Rain,Very High,Main Road,8.4,47.3,7.14,51.09243697478992,West,Central,West Delhi
TRIP_01506,IGI Airport,Model Town,19.83,Afternoon,Weekend,Clear,Medium,Inner Road,27.4,45.4,23.29,51.086303134392445,Other,North,Other
TRIP_01507,Greater Kailash,Model Town,19.14,Morning Peak,Weekday,Clear,Medium,Highway,59.9,19.5,50.915,22.555239124030248,South,North,South Delhi
TRIP_01508,AIIMS,Chandni Chowk,9.5,Morning Peak,Weekday,Heatwave,High,Highway,32.0,18.8,27.2,20.955882352941178,Other,Central,Other
TRIP_01509,Civil Lines,Model Town,5.0,Evening Peak,Weekday,Clear,Very High,Main Road,13.5,22.1,11.475,26.143790849673206,Other,North,Other
TRIP_01510,Karol Bagh,Kalkaji,14.25,Night,Weekday,Clear,Medium,Main Road,38.3,23.0,32.555,26.263246813085548,Central,South,Central Delhi
TRIP_01511,Nehru Place,AIIMS,4.68,Morning Peak,Weekday,Clear,Very High,Inner Road,7.8,36.8,6.63,42.35294117647059,Other,Other,Other
TRIP_01512,Preet Vihar,Civil Lines,7.88,Evening Peak,Weekend,Rain,High,Main Road,19.8,23.6,16.830000000000002,28.09269162210338,Other,Other,Other
TRIP_01513,IGI Airport,Hauz Khas,9.81,Evening Peak,Weekday,Fog,Very High,Main Road,7.2,80.5,6.12,96.1764705882353,Other,Other,Other
TRIP_01514,Okhla,Connaught Place,12.39,Morning Peak,Weekday,Heatwave,High,Highway,36.3,20.0,30.854999999999997,24.09333981526495,Other,Central,Other
TRIP_01515,Preet Vihar,Mayur Vihar,3.05,Afternoon,Weekday,Clear,High,Inner Road,9.3,19.4,7.905,23.149905123339657,Other,Other,Other
TRIP_01516,Vasant Kunj,Janakpuri,13.24,Night,Weekday,Clear,Medium,Main Road,26.7,29.1,22.695,35.00330469266358,South,West,South Delhi
TRIP_01517,Shahdara,Lajpat Nagar,12.53,Morning Peak,Weekday,Clear,Very High,Inner Road,9.1,92.1,7.734999999999999,97.1945701357466,Other,Other,Other
TRIP_01518,Greater Kailash,Mayur Vihar,9.55,Night,Weekday,Clear,Low,Main Road,35.8,16.0,30.429999999999996,18.8301018731515,South,Other,South Delhi
TRIP_01519,Shahdara,Punjabi Bagh,15.41,Afternoon,Weekday,Clear,Medium,Highway,58.2,16.1,49.47,18.69011522134627,Other,West,Other
TRIP_01520,Kalkaji,Noida Sector 18,8.19,Afternoon,Weekday,Clear,Medium,Highway,66.2,7.6,56.27,8.732894970677092,South,Other,South Delhi
TRIP_01521,Model Town,Civil Lines,5.0,Morning Peak,Weekday,Clear,Very High,Inner Road,8.3,37.8,7.055000000000001,42.523033309709426,North,Other,North Delhi
TRIP_01522,Preet Vihar,IGI Airport,21.04,Evening Peak,Weekend,Fog,Very High,Main Road,5.6,219.0,4.76,265.21008403361344,Other,Other,Other
TRIP_01523,Noida Sector 18,Janakpuri,23.96,Morning Peak,Weekend,Clear,Medium,Highway,46.5,30.7,39.525,36.3719165085389,Other,West,Other
TRIP_01524,Kalkaji,Okhla,1.94,Evening Peak,Weekday,Rain,Very High,Main Road,6.5,18.6,5.5249999999999995,21.067873303167424,South,Other,South Delhi
TRIP_01525,Greater Kailash,Preet Vihar,11.95,Evening Peak,Weekend,Clear,Medium,Highway,49.9,14.9,42.415,16.904397029352822,South,Other,South Delhi
TRIP_01526,Punjabi Bagh,Preet Vihar,16.03,Evening Peak,Weekday,Clear,Very High,Highway,19.1,50.6,16.235,59.24237757930398,West,Other,West Delhi
TRIP_01527,Karol Bagh,Model Town,7.02,Morning Peak,Weekend,Clear,High,Inner Road,13.8,30.1,11.73,35.907928388746804,Central,North,Central Delhi
TRIP_01528,Hauz Khas,Punjabi Bagh,14.84,Evening Peak,Weekend,Rain,High,Highway,30.7,30.1,26.095,34.12147921057674,Other,West,Other
TRIP_01529,Rohini,Janakpuri,14.51,Afternoon,Weekend,Clear,High,Highway,39.4,22.9,33.489999999999995,25.99581964765602,North,West,North Delhi
TRIP_01530,Model Town,Rohini,13.8,Morning Peak,Weekday,Clear,Very High,Highway,17.7,47.6,15.044999999999998,55.03489531405784,North,North,North Delhi
TRIP_01531,Connaught Place,Okhla,12.39,Afternoon,Weekday,Heatwave,Medium,Main Road,43.8,18.0,37.23,19.967767929089447,Central,Other,Central Delhi
TRIP_01532,Vasant Kunj,Karol Bagh,15.08,Evening Peak,Weekday,Clear,Very High,Main Road,13.5,66.5,11.475,78.84967320261438,South,Central,South Delhi
TRIP_01533,Greater Kailash,Karol Bagh,12.43,Morning Peak,Weekend,Clear,High,Main Road,23.0,33.2,19.55,38.148337595907925,South,Central,South Delhi
TRIP_01534,Karol Bagh,Okhla,15.59,Evening Peak,Weekday,Heatwave,High,Main Road,26.6,35.9,22.61,41.37107474568775,Central,Other,Central Delhi
TRIP_01535,Shahdara,Hauz Khas,16.26,Afternoon,Weekend,Clear,High,Highway,34.2,28.6,29.07,33.56037151702787,Other,Other,Other
TRIP_01536,Connaught Place,Nehru Place,9.83,Morning Peak,Weekday,Clear,Very High,Highway,15.9,36.2,13.515,43.64039955604883,Central,Other,Central Delhi
TRIP_01537,Rajouri Garden,Mayur Vihar,17.23,Night,Weekend,Heatwave,Low,Highway,60.8,16.6,51.68,20.00386996904025,West,Other,Other
TRIP_01538,Janakpuri,Chandni Chowk,14.33,Evening Peak,Weekend,Clear,Low,Main Road,53.3,17.0,45.305,18.978037744178348,West,Central,West Delhi
TRIP_01539,IGI Airport,Greater Kailash,13.13,Afternoon,Weekend,Heatwave,Medium,Highway,54.7,16.3,46.495000000000005,16.943757393268093,Other,South,Other
TRIP_01540,Model Town,Connaught Place,9.58,Evening Peak,Weekday,Clear,Very High,Highway,16.0,35.6,13.6,42.26470588235294,North,Central,North Delhi
TRIP_01541,IGI Airport,Dwarka,6.61,Evening Peak,Weekend,Heatwave,Medium,Main Road,30.1,13.6,25.585,15.50127027555208,Other,West,Other
TRIP_01542,Okhla,Noida Sector 18,6.92,Evening Peak,Weekday,Clear,Very High,Main Road,9.9,41.8,8.415000000000001,49.34046345811051,Other,Other,Other
TRIP_01543,Shahdara,Pitampura,15.65,Afternoon,Weekday,Heatwave,Low,Main Road,39.3,25.3,33.404999999999994,28.109564436461614,Other,North,Other
TRIP_01544,Hauz Khas,Janakpuri,13.61,Morning Peak,Weekday,Heatwave,Medium,Highway,63.8,12.6,54.23,15.058085930296885,Other,West,Other
TRIP_01545,Saket,Vasant Kunj,4.88,Afternoon,Weekend,Clear,Medium,Main Road,27.9,11.0,23.715,12.34661606578115,South,South,South Delhi
TRIP_01546,Preet Vihar,AIIMS,11.51,Afternoon,Weekday,Clear,High,Main Road,30.7,22.4,26.095,26.464840007664304,Other,Other,Other
TRIP_01547,Dwarka,Punjabi Bagh,11.86,Morning Peak,Weekend,Heatwave,Medium,Highway,46.6,15.2,39.61,17.96516031305226,West,West,West Delhi
TRIP_01548,Chandni Chowk,Nehru Place,11.5,Evening Peak,Weekday,Clear,Very High,Main Road,15.0,52.9,12.75,54.11764705882353,Central,Other,Central Delhi
TRIP_01549,Pitampura,Vasant Kunj,20.67,Morning Peak,Weekday,Clear,Medium,Highway,49.6,25.2,42.16,29.416508538899436,North,South,Other
TRIP_01550,Noida Sector 18,Hauz Khas,12.51,Afternoon,Weekday,Clear,High,Highway,42.7,18.3,36.295,20.68053450888552,Other,Other,Other
TRIP_01551,Hauz Khas,Punjabi Bagh,14.84,Afternoon,Weekday,Clear,Very High,Highway,20.9,44.5,17.764999999999997,50.12102448634957,Other,West,Other
TRIP_01552,Vasant Kunj,Dwarka,13.52,Evening Peak,Weekday,Rain,Very High,Highway,11.9,70.6,10.115,80.19772614928324,South,West,South Delhi
TRIP_01553,Chandni Chowk,Connaught Place,2.54,Morning Peak,Weekday,Clear,High,Inner Road,15.4,9.9,13.09,11.642475171886936,Central,Central,Central Delhi
TRIP_01554,Janakpuri,Punjabi Bagh,6.67,Morning Peak,Weekday,Heatwave,Very High,Highway,14.7,27.5,12.495,32.02881152460985,West,West,West Delhi
TRIP_01555,Okhla,Model Town,21.87,Evening Peak,Weekday,Clear,Very High,Highway,22.3,58.9,18.955000000000002,69.22711685571089,Other,North,Other
TRIP_01556,Rajouri Garden,Preet Vihar,16.6,Morning Peak,Weekday,Clear,High,Main Road,24.7,42.4,20.994999999999997,47.43986663491308,West,Other,Other
TRIP_01557,AIIMS,Saket,4.77,Evening Peak,Weekday,Fog,Very High,Inner Road,4.8,62.2,4.08,70.1470588235294,Other,South,Other
TRIP_01558,Mayur Vihar,Shahdara,6.61,Night,Weekday,Clear,Medium,Main Road,32.8,13.0,27.879999999999995,14.225251076040175,Other,Other,Other
TRIP_01559,Rohini,IGI Airport,21.91,Morning Peak,Weekday,Clear,High,Highway,41.7,31.3,35.445,37.088446889547185,North,Other,North Delhi
TRIP_01560,Kalkaji,Noida Sector 18,8.19,Afternoon,Weekday,Clear,Medium,Inner Road,29.6,17.3,25.16,19.53100158982512,South,Other,South Delhi
TRIP_01561,AIIMS,Hauz Khas,2.2,Morning Peak,Weekday,Rain,Very High,Main Road,9.1,15.3,7.734999999999999,17.06528765352295,Other,Other,Other
TRIP_01562,Greater Kailash,Dwarka,19.04,Afternoon,Weekday,Clear,Medium,Highway,63.0,18.8,53.55,21.333333333333336,South,West,South Delhi
TRIP_01563,Model Town,Vasant Kunj,22.01,Afternoon,Weekday,Clear,Low,Highway,78.6,17.7,66.80999999999999,19.766502020655594,North,South,North Delhi
TRIP_01564,Mayur Vihar,Kalkaji,9.67,Afternoon,Weekday,Clear,High,Inner Road,7.9,76.2,6.715,86.40357408786299,Other,South,Other
TRIP_01565,Kalkaji,Connaught Place,11.2,Evening Peak,Weekday,Clear,Low,Highway,74.5,8.9,63.324999999999996,10.611922621397554,South,Central,South Delhi
TRIP_01566,Connaught Place,Mayur Vihar,7.89,Afternoon,Weekday,Heatwave,Low,Main Road,45.8,10.8,38.93,12.16028769586437,Central,Other,Central Delhi
TRIP_01567,Mayur Vihar,Pitampura,18.76,Evening Peak,Weekday,Clear,High,Highway,38.0,29.8,32.3,34.8482972136223,Other,North,Other
TRIP_01568,Okhla,Greater Kailash,4.03,Night,Weekday,Clear,Medium,Highway,51.6,4.9,43.86,5.512995896032832,Other,South,Other
TRIP_01569,Preet Vihar,Rajouri Garden,16.6,Morning Peak,Weekday,Clear,High,Highway,38.6,26.2,32.81,30.356598597988416,Other,West,Other
TRIP_01570,Vasant Kunj,Dwarka,13.52,Evening Peak,Weekday,Rain,High,Highway,28.6,29.3,24.310000000000002,33.36898395721924,South,West,South Delhi
TRIP_01571,Pitampura,Connaught Place,11.52,Evening Peak,Weekday,Rain,Very High,Highway,12.2,58.5,10.37,66.65380906460945,North,Central,Other
TRIP_01572,Greater Kailash,Saket,3.66,Afternoon,Weekday,Clear,High,Main Road,30.2,7.6,25.669999999999998,8.554733151538763,South,South,South Delhi
TRIP_01573,Pitampura,Hauz Khas,18.42,Afternoon,Weekday,Clear,High,Highway,44.4,26.4,37.739999999999995,29.284578696343406,North,Other,Other
TRIP_01574,Saket,Rohini,29.0,Evening Peak,Weekday,Clear,Very High,Main Road,12.4,146.4,10.54,165.0853889943074,South,North,South Delhi
TRIP_01575,Vasant Kunj,Nehru Place,9.97,Morning Peak,Weekend,Clear,Low,Inner Road,30.6,19.8,26.01,22.998846597462517,South,Other,South Delhi
TRIP_01576,Mayur Vihar,Okhla,9.53,Evening Peak,Weekday,Clear,High,Main Road,19.4,32.4,16.49,34.6755609460279,Other,Other,Other
TRIP_01577,Nehru Place,Noida Sector 18,7.47,Afternoon,Weekday,Clear,Medium,Highway,53.7,8.3,45.645,9.819257311863293,Other,Other,Other
TRIP_01578,Okhla,Greater Kailash,4.03,Afternoon,Weekday,Clear,Medium,Main Road,29.1,8.7,24.735,9.775621588841723,Other,South,Other
TRIP_01579,Punjabi Bagh,Chandni Chowk,9.93,Afternoon,Weekend,Clear,Medium,Inner Road,23.8,24.7,20.23,29.451309935739,West,Central,West Delhi
TRIP_01580,Pitampura,Dwarka,15.04,Afternoon,Weekday,Rain,Medium,Main Road,20.7,45.2,17.595,51.287297527706734,North,West,Other
TRIP_01581,IGI Airport,Rohini,21.91,Morning Peak,Weekday,Rain,High,Highway,28.3,45.2,24.055,54.649760964456455,Other,North,Other
TRIP_01582,Noida Sector 18,IGI Airport,22.12,Afternoon,Weekday,Clear,Very High,Highway,17.9,73.0,15.214999999999998,87.2297075254683,Other,Other,Other
TRIP_01583,Noida Sector 18,Janakpuri,23.96,Night,Weekend,Clear,Medium,Highway,64.2,21.7,54.57,26.34414513468939,Other,West,Other
TRIP_01584,Janakpuri,Civil Lines,14.89,Night,Weekend,Clear,Medium,Inner Road,16.6,53.1,14.110000000000001,63.31679659815734,West,Other,West Delhi
TRIP_01585,Hauz Khas,Janakpuri,13.61,Morning Peak,Weekend,Rain,High,Highway,26.8,31.0,22.78,35.847234416154514,Other,West,Other
TRIP_01586,Hauz Khas,Punjabi Bagh,14.84,Afternoon,Weekend,Clear,Low,Highway,70.1,13.2,59.584999999999994,14.943358227741882,Other,West,Other
TRIP_01587,Nehru Place,Model Town,19.38,Evening Peak,Weekday,Heatwave,Very High,Highway,14.0,82.1,11.9,97.7142857142857,Other,North,Other
TRIP_01588,Rohini,Model Town,13.8,Morning Peak,Weekday,Clear,Medium,Main Road,42.8,19.5,36.379999999999995,22.75975810885102,North,North,North Delhi
TRIP_01589,Rohini,Vasant Kunj,27.39,Afternoon,Weekday,Clear,High,Highway,34.8,46.9,29.58,55.55780933062881,North,South,North Delhi
TRIP_01590,Rajouri Garden,Lajpat Nagar,14.1,Evening Peak,Weekday,Rain,Very High,Highway,11.7,83.0,9.944999999999999,85.06787330316743,West,Other,Other
TRIP_01591,Okhla,Dwarka,23.01,Evening Peak,Weekday,Fog,Very High,Main Road,7.7,181.6,6.545,210.93964858670742,Other,West,Other
TRIP_01592,Noida Sector 18,Greater Kailash,9.35,Night,Weekday,Clear,Low,Highway,60.0,9.9,51.0,11.0,Other,South,Other
TRIP_01593,Janakpuri,Vasant Kunj,13.24,Evening Peak,Weekday,Clear,Low,Main Road,40.1,20.4,34.085,23.3064397828957,West,South,West Delhi
TRIP_01594,Karol Bagh,Rohini,16.99,Night,Weekday,Clear,Low,Highway,92.2,11.3,78.37,13.007528390965929,Central,North,Central Delhi
TRIP_01595,Hauz Khas,Karol Bagh,11.44,Afternoon,Weekday,Clear,Very High,Main Road,9.6,71.1,8.16,84.11764705882352,Other,Central,Other
TRIP_01596,Pitampura,Mayur Vihar,18.76,Evening Peak,Weekday,Clear,Very High,Highway,20.2,58.0,17.169999999999998,65.55620267909146,North,Other,Other
TRIP_01597,Noida Sector 18,IGI Airport,22.12,Afternoon,Weekday,Clear,High,Highway,32.5,48.3,27.625,48.043438914027156,Other,Other,Other
TRIP_01598,Mayur Vihar,Janakpuri,20.24,Evening Peak,Weekday,Rain,High,Highway,32.0,40.0,27.2,44.647058823529406,Other,West,Other
TRIP_01599,Hauz Khas,Okhla,7.23,Morning Peak,Weekday,Clear,High,Main Road,27.7,17.2,23.544999999999998,18.42429390528775,Other,Other,Other
TRIP_01600,Karol Bagh,Preet Vihar,10.02,Afternoon,Weekday,Clear,Medium,Main Road,44.1,13.8,37.485,16.038415366146456,Central,Other,Central Delhi
TRIP_01601,Chandni Chowk,Civil Lines,3.35,Afternoon,Weekday,Heatwave,High,Inner Road,9.7,24.5,8.245,24.378411158277746,Central,Other,Central Delhi
TRIP_01602,Kalkaji,Preet Vihar,12.39,Evening Peak,Weekday,Clear,High,Main Road,25.2,31.0,21.419999999999998,34.70588235294118,South,Other,South Delhi
TRIP_01603,Nehru Place,Civil Lines,14.85,Morning Peak,Weekend,Clear,Medium,Main Road,30.4,29.1,25.84,34.48142414860681,Other,Other,Other
TRIP_01604,Punjabi Bagh,Okhla,20.5,Evening Peak,Weekend,Rain,High,Highway,25.4,50.9,21.59,56.970819823992585,West,Other,West Delhi
TRIP_01605,Dwarka,Mayur Vihar,24.43,Afternoon,Weekday,Clear,Medium,Highway,56.6,26.4,48.11,30.467678237372688,West,Other,West Delhi
TRIP_01606,Mayur Vihar,Dwarka,24.43,Morning Peak,Weekend,Rain,Medium,Highway,32.6,43.8,27.71,52.89787080476362,Other,West,Other
TRIP_01607,Punjabi Bagh,Model Town,7.93,Evening Peak,Weekend,Fog,Very High,Inner Road,5.2,105.9,4.42,107.64705882352942,West,North,West Delhi
TRIP_01608,Hauz Khas,Saket,2.85,Afternoon,Weekday,Clear,Medium,Inner Road,24.3,6.9,20.655,8.278867102396514,Other,South,Other
TRIP_01609,IGI Airport,Karol Bagh,13.83,Afternoon,Weekday,Clear,Low,Highway,77.2,10.5,65.62,12.645534897896981,Other,Central,Other
TRIP_01610,Hauz Khas,Dwarka,15.78,Morning Peak,Weekday,Clear,High,Highway,39.2,27.6,33.32,28.41536614645858,Other,West,Other
TRIP_01611,Shahdara,IGI Airport,22.57,Evening Peak,Weekday,Heatwave,High,Main Road,20.0,69.9,17.0,79.65882352941176,Other,Other,Other
TRIP_01612,Noida Sector 18,Shahdara,12.02,Evening Peak,Weekday,Rain,High,Highway,26.0,29.4,22.099999999999998,32.63348416289593,Other,Other,Other
TRIP_01613,Model Town,Noida Sector 18,20.73,Evening Peak,Weekday,Clear,Very High,Highway,20.7,62.9,17.595,70.69053708439898,North,Other,North Delhi
TRIP_01614,Okhla,Chandni Chowk,13.88,Morning Peak,Weekday,Clear,Very High,Main Road,12.5,67.2,10.625,78.38117647058824,Other,Central,Other
TRIP_01615,Vasant Kunj,Pitampura,20.67,Evening Peak,Weekday,Clear,Very High,Main Road,12.3,101.1,10.455,118.62266857962699,South,North,South Delhi
TRIP_01616,Preet Vihar,Lajpat Nagar,9.58,Evening Peak,Weekday,Heatwave,High,Main Road,25.9,23.2,22.014999999999997,26.109470815353173,Other,Other,Other
TRIP_01617,Dwarka,Noida Sector 18,27.45,Night,Weekday,Clear,Low,Highway,88.9,18.3,75.565,21.795804936147686,West,Other,West Delhi
TRIP_01618,Pitampura,Janakpuri,10.13,Evening Peak,Weekday,Heatwave,High,Main Road,27.5,21.8,23.375,26.002139037433157,North,West,Other
TRIP_01619,Rohini,Punjabi Bagh,11.6,Morning Peak,Weekday,Clear,High,Highway,32.7,25.1,27.795,25.04047490555855,North,West,North Delhi
TRIP_01620,Shahdara,Karol Bagh,9.9,Night,Weekday,Fog,Medium,Inner Road,13.0,46.9,11.049999999999999,53.75565610859729,Other,Central,Other
TRIP_01621,Dwarka,Greater Kailash,19.04,Evening Peak,Weekday,Clear,Very High,Main Road,12.1,95.8,10.285,111.07438016528924,West,South,West Delhi
TRIP_01622,Chandni Chowk,Vasant Kunj,16.27,Afternoon,Weekday,Clear,High,Highway,39.7,27.6,33.745000000000005,28.928730182249215,Central,South,Central Delhi
TRIP_01623,Karol Bagh,Noida Sector 18,16.06,Afternoon,Weekday,Fog,Medium,Highway,29.7,32.0,25.244999999999997,38.169934640522875,Central,Other,Central Delhi
TRIP_01624,Karol Bagh,Model Town,7.02,Morning Peak,Weekday,Clear,High,Inner Road,18.7,22.8,15.895,26.49889902485058,Central,North,Central Delhi
TRIP_01625,Kalkaji,Model Town,20.77,Afternoon,Weekday,Clear,High,Main Road,19.8,64.9,16.830000000000002,74.04634581105168,South,North,South Delhi
TRIP_01626,AIIMS,Vasant Kunj,7.41,Morning Peak,Weekday,Clear,Very High,Main Road,13.7,31.8,11.645,38.17947617003006,Other,South,Other
TRIP_01627,Vasant Kunj,Model Town,22.01,Evening Peak,Weekday,Clear,Very High,Main Road,11.3,121.3,9.605,137.4908901613743,South,North,South Delhi
TRIP_01628,Hauz Khas,AIIMS,2.2,Morning Peak,Weekday,Fog,High,Main Road,13.8,9.5,11.73,11.253196930946292,Other,Other,Other
TRIP_01629,Preet Vihar,Civil Lines,7.88,Morning Peak,Weekday,Clear,Very High,Inner Road,7.9,59.0,6.715,70.40953090096798,Other,Other,Other
TRIP_01630,Greater Kailash,Dwarka,19.04,Evening Peak,Weekday,Clear,High,Highway,38.4,31.3,32.64,34.99999999999999,South,West,South Delhi
TRIP_01631,Okhla,Karol Bagh,15.59,Evening Peak,Weekday,Heatwave,Very High,Highway,18.3,49.7,15.555,60.13500482160077,Other,Central,Other
TRIP_01632,Noida Sector 18,Mayur Vihar,5.74,Afternoon,Weekend,Rain,High,Main Road,17.3,19.9,14.705,23.420605236314177,Other,Other,Other
TRIP_01633,Okhla,Mayur Vihar,9.53,Morning Peak,Weekday,Rain,Very High,Main Road,8.6,69.9,7.31,78.22161422708618,Other,Other,Other
TRIP_01634,Noida Sector 18,Dwarka,27.45,Morning Peak,Weekday,Heatwave,Medium,Highway,62.1,27.8,52.785,31.20204603580563,Other,West,Other
TRIP_01635,Punjabi Bagh,Nehru Place,17.83,Morning Peak,Weekday,Clear,Very High,Main Road,12.5,83.6,10.625,100.6870588235294,West,Other,West Delhi
TRIP_01636,Rohini,Model Town,13.8,Night,Weekday,Fog,Medium,Main Road,19.6,43.5,16.66,49.6998799519808,North,North,North Delhi
TRIP_01637,Janakpuri,Rohini,14.51,Morning Peak,Weekend,Clear,Very High,Highway,21.3,40.8,18.105,48.08616404308202,West,North,West Delhi
TRIP_01638,Okhla,Civil Lines,17.22,Evening Peak,Weekday,Rain,High,Inner Road,13.7,77.9,11.645,88.7247745813654,Other,Other,Other
TRIP_01639,Saket,AIIMS,4.77,Evening Peak,Weekend,Clear,High,Inner Road,16.2,17.5,13.77,20.784313725490197,South,Other,South Delhi
TRIP_01640,Hauz Khas,AIIMS,2.2,Evening Peak,Weekday,Clear,Very High,Main Road,9.8,13.9,8.33,15.84633853541417,Other,Other,Other
TRIP_01641,Model Town,Saket,21.24,Evening Peak,Weekday,Heatwave,Very High,Inner Road,8.4,158.5,7.14,178.4873949579832,North,South,North Delhi
TRIP_01642,Janakpuri,Connaught Place,12.63,Night,Weekday,Clear,Medium,Main Road,38.7,19.7,32.895,23.036935704514363,West,Central,West Delhi
TRIP_01643,Rajouri Garden,Hauz Khas,13.23,Afternoon,Weekday,Clear,Medium,Main Road,42.6,18.4,36.21,21.922120961060482,West,Other,Other
TRIP_01644,Kalkaji,Model Town,20.77,Afternoon,Weekday,Clear,Medium,Highway,54.7,23.7,46.495000000000005,26.80288203032584,South,North,South Delhi
TRIP_01645,Punjabi Bagh,Model Town,7.93,Afternoon,Weekday,Heatwave,Medium,Main Road,40.4,11.6,34.339999999999996,13.855562026790915,West,North,West Delhi
TRIP_01646,Model Town,Mayur Vihar,15.05,Morning Peak,Weekend,Clear,Low,Main Road,44.9,20.0,38.165,23.660421852482642,North,Other,North Delhi
TRIP_01647,Hauz Khas,Civil Lines,14.76,Evening Peak,Weekday,Clear,Medium,Inner Road,23.5,37.9,19.974999999999998,44.335419274092615,Other,Other,Other
TRIP_01648,Preet Vihar,Pitampura,17.1,Evening Peak,Weekday,Clear,High,Highway,41.1,25.4,34.935,29.36882782310004,Other,North,Other
TRIP_01649,Noida Sector 18,Shahdara,12.02,Morning Peak,Weekday,Rain,Low,Main Road,40.7,17.5,34.595,20.84694319988438,Other,Other,Other
TRIP_01650,Shahdara,Vasant Kunj,21.4,Afternoon,Weekday,Clear,Medium,Highway,53.5,25.1,45.475,28.235294117647054,Other,South,Other
TRIP_01651,Janakpuri,Mayur Vihar,20.24,Evening Peak,Weekend,Rain,Low,Highway,60.9,20.4,51.765,23.459866705302808,West,Other,West Delhi
TRIP_01652,Connaught Place,Pitampura,11.52,Afternoon,Weekday,Clear,Medium,Inner Road,25.3,29.7,21.505,32.141362473843294,Central,North,Central Delhi
TRIP_01653,Okhla,Kalkaji,1.94,Afternoon,Weekday,Clear,High,Inner Road,13.5,8.6,11.475,10.143790849673202,Other,South,Other
TRIP_01654,Saket,Kalkaji,4.6,Evening Peak,Weekend,Fog,High,Inner Road,8.0,38.1,6.8,40.588235294117645,South,South,South Delhi
TRIP_01655,Pitampura,Rohini,8.97,Evening Peak,Weekday,Heatwave,High,Main Road,28.2,19.2,23.97,22.453066332916148,North,North,Other
TRIP_01656,AIIMS,Punjabi Bagh,13.63,Evening Peak,Weekend,Clear,Medium,Highway,56.0,14.8,47.6,17.18067226890756,Other,West,Other
TRIP_01657,Hauz Khas,Connaught Place,9.27,Morning Peak,Weekend,Clear,High,Main Road,20.4,26.9,17.34,32.07612456747405,Other,Central,Other
TRIP_01658,Saket,Connaught Place,11.95,Morning Peak,Weekday,Rain,High,Main Road,14.4,51.0,12.24,58.57843137254902,South,Central,South Delhi
TRIP_01659,Okhla,Nehru Place,2.67,Evening Peak,Weekday,Rain,High,Inner Road,9.2,17.6,7.819999999999999,20.485933503836318,Other,Other,Other
TRIP_01660,Saket,Model Town,21.24,Evening Peak,Weekday,Clear,High,Main Road,20.5,65.7,17.425,73.13629842180774,South,North,South Delhi
TRIP_01661,Model Town,Dwarka,19.78,Evening Peak,Weekday,Clear,High,Highway,39.3,31.5,33.404999999999994,35.52761562640324,North,West,North Delhi
TRIP_01662,Civil Lines,AIIMS,12.66,Afternoon,Weekday,Clear,Low,Main Road,39.6,19.0,33.660000000000004,22.566844919786096,Other,Other,Other
TRIP_01663,Vasant Kunj,Punjabi Bagh,16.74,Morning Peak,Weekend,Heatwave,High,Main Road,22.5,44.8,19.125,52.51764705882353,South,West,South Delhi
TRIP_01664,IGI Airport,Okhla,16.94,Night,Weekday,Fog,Low,Main Road,30.4,33.3,25.84,39.3343653250774,Other,Other,Other
TRIP_01665,Mayur Vihar,Model Town,15.05,Morning Peak,Weekday,Clear,High,Highway,43.9,20.7,37.315,24.199383625887716,Other,North,Other
TRIP_01666,Shahdara,Dwarka,25.37,Morning Peak,Weekday,Heatwave,Very High,Highway,17.2,103.0,14.62,104.11764705882354,Other,West,Other
TRIP_01667,Vasant Kunj,Pitampura,20.67,Morning Peak,Weekend,Heatwave,Medium,Main Road,39.2,33.4,33.32,37.22088835534214,South,North,South Delhi
TRIP_01668,Model Town,Noida Sector 18,20.73,Evening Peak,Weekday,Clear,High,Main Road,26.0,50.7,22.099999999999998,56.280542986425345,North,Other,North Delhi
TRIP_01669,Okhla,Connaught Place,12.39,Afternoon,Weekend,Clear,High,Highway,43.9,17.4,37.315,19.922283264102912,Other,Central,Other
TRIP_01670,Civil Lines,Nehru Place,14.85,Morning Peak,Weekday,Rain,High,Highway,30.9,30.0,26.264999999999997,33.92347230154198,Other,Other,Other
TRIP_01671,Shahdara,Model Town,10.5,Afternoon,Weekday,Clear,Medium,Main Road,37.8,17.1,32.129999999999995,19.607843137254907,Other,North,Other
TRIP_01672,Okhla,AIIMS,7.2,Morning Peak,Weekend,Clear,Medium,Main Road,44.0,11.8,37.4,11.550802139037435,Other,Other,Other
TRIP_01673,Dwarka,Rohini,17.53,Afternoon,Weekend,Clear,Medium,Main Road,43.2,25.5,36.72,28.643790849673206,West,North,West Delhi
TRIP_01674,Noida Sector 18,Vasant Kunj,17.44,Evening Peak,Weekday,Clear,High,Highway,32.8,32.8,27.879999999999995,37.532281205165006,Other,South,Other
TRIP_01675,Okhla,Greater Kailash,4.03,Night,Weekday,Clear,High,Inner Road,14.7,16.6,12.495,19.351740696278515,Other,South,Other
TRIP_01676,Chandni Chowk,Janakpuri,14.33,Morning Peak,Weekday,Heatwave,Very High,Main Road,12.2,72.4,10.37,82.9122468659595,Central,West,Central Delhi
TRIP_01677,Okhla,Lajpat Nagar,5.46,Morning Peak,Weekend,Heatwave,Medium,Main Road,39.1,8.9,33.235,9.857078381224612,Other,Other,Other
TRIP_01678,Okhla,Model Town,21.87,Morning Peak,Weekday,Clear,High,Highway,37.5,39.9,31.875,41.167058823529416,Other,North,Other
TRIP_01679,Kalkaji,Karol Bagh,14.25,Evening Peak,Weekday,Clear,Very High,Main Road,14.7,57.2,12.495,68.42737094837936,South,Central,South Delhi
TRIP_01680,Nehru Place,Rohini,29.42,Evening Peak,Weekend,Heatwave,Very High,Highway,15.0,129.3,12.75,138.44705882352943,Other,North,Other
TRIP_01681,IGI Airport,Connaught Place,14.14,Evening Peak,Weekday,Clear,Medium,Main Road,31.5,27.7,26.775,31.686274509803923,Other,Central,Other
TRIP_01682,Noida Sector 18,Greater Kailash,9.35,Evening Peak,Weekday,Heatwave,High,Main Road,25.4,22.1,21.59,25.984251968503937,Other,South,Other
TRIP_01683,Dwarka,Vasant Kunj,13.52,Evening Peak,Weekday,Rain,Medium,Main Road,22.1,37.1,18.785,43.1833910034602,West,South,West Delhi
TRIP_01684,Pitampura,Shahdara,15.65,Evening Peak,Weekday,Rain,High,Highway,28.3,32.9,24.055,39.03554354604033,North,Other,Other
TRIP_01685,Okhla,Civil Lines,17.22,Evening Peak,Weekday,Heatwave,Very High,Highway,16.5,66.1,14.025,73.66844919786097,Other,Other,Other
TRIP_01686,Saket,Model Town,21.24,Evening Peak,Weekday,Clear,Very High,Highway,17.5,71.8,14.875,85.67394957983193,South,North,South Delhi
TRIP_01687,Punjabi Bagh,Okhla,20.5,Morning Peak,Weekday,Clear,Medium,Inner Road,26.1,48.8,22.185000000000002,55.44286680189317,West,Other,West Delhi
TRIP_01688,Vasant Kunj,Greater Kailash,8.11,Morning Peak,Weekday,Clear,High,Main Road,28.6,18.3,24.310000000000002,20.01645413410119,South,South,South Delhi
TRIP_01689,Rohini,Nehru Place,29.42,Morning Peak,Weekend,Clear,High,Highway,41.7,44.0,35.445,49.8011002962336,North,Other,North Delhi
TRIP_01690,Janakpuri,Shahdara,20.44,Evening Peak,Weekday,Heatwave,High,Highway,39.7,31.3,33.745000000000005,36.3431619499185,West,Other,West Delhi
TRIP_01691,Connaught Place,Mayur Vihar,7.89,Morning Peak,Weekday,Heatwave,Very High,Inner Road,8.0,61.6,6.8,69.61764705882352,Central,Other,Central Delhi
TRIP_01692,Janakpuri,Chandni Chowk,14.33,Afternoon,Weekday,Rain,Low,Main Road,37.1,26.2,31.535,27.26494371333439,West,Central,West Delhi
TRIP_01693,Vasant Kunj,Greater Kailash,8.11,Afternoon,Weekend,Rain,Low,Inner Road,11.8,42.7,10.030000000000001,48.51445663010966,South,South,South Delhi
TRIP_01694,Shahdara,Kalkaji,15.71,Afternoon,Weekday,Clear,Medium,Main Road,42.3,22.0,35.955,26.21610346266166,Other,South,Other
TRIP_01695,Vasant Kunj,Greater Kailash,8.11,Morning Peak,Weekday,Clear,High,Main Road,24.2,20.4,20.57,23.655809431210496,South,South,South Delhi
TRIP_01696,AIIMS,Greater Kailash,3.26,Evening Peak,Weekday,Fog,Very High,Inner Road,4.8,39.7,4.08,47.94117647058823,Other,South,Other
TRIP_01697,Greater Kailash,Vasant Kunj,8.11,Evening Peak,Weekday,Clear,High,Inner Road,17.8,27.3,15.13,32.16126900198281,South,South,South Delhi
TRIP_01698,Nehru Place,AIIMS,4.68,Evening Peak,Weekday,Fog,Very High,Inner Road,5.0,58.4,4.25,66.07058823529411,Other,Other,Other
TRIP_01699,Dwarka,Lajpat Nagar,18.84,Afternoon,Weekend,Rain,High,Highway,24.0,48.7,20.4,55.411764705882355,West,Other,West Delhi
TRIP_01700,Noida Sector 18,Rohini,33.01,Afternoon,Weekday,Clear,Medium,Highway,44.2,49.7,37.57,52.71759382486026,Other,North,Other
TRIP_01701,Okhla,Connaught Place,12.39,Morning Peak,Weekend,Clear,Medium,Main Road,41.2,18.2,35.02,21.227869788692175,Other,Central,Other
TRIP_01702,Karol Bagh,Mayur Vihar,11.04,Evening Peak,Weekend,Heatwave,Medium,Highway,63.0,10.4,53.55,12.369747899159663,Central,Other,Central Delhi
TRIP_01703,Connaught Place,Pitampura,11.52,Morning Peak,Weekend,Clear,Low,Highway,75.3,9.3,64.005,10.79915631591282,Central,North,Central Delhi
TRIP_01704,Dwarka,Janakpuri,5.26,Evening Peak,Weekday,Rain,High,Highway,27.7,11.2,23.544999999999998,13.404119770651944,West,West,West Delhi
TRIP_01705,Saket,Model Town,21.24,Morning Peak,Weekday,Clear,High,Highway,32.0,40.2,27.2,46.85294117647059,South,North,South Delhi
TRIP_01706,Preet Vihar,Mayur Vihar,3.05,Evening Peak,Weekday,Heatwave,High,Inner Road,10.1,18.2,8.584999999999999,21.316249271986024,Other,Other,Other
TRIP_01707,IGI Airport,Civil Lines,18.43,Evening Peak,Weekend,Rain,Medium,Highway,47.4,24.1,40.29,27.44601638123604,Other,Other,Other
TRIP_01708,Okhla,Punjabi Bagh,20.5,Night,Weekday,Clear,Low,Main Road,35.0,35.0,29.75,41.34453781512605,Other,West,Other
TRIP_01709,Saket,Preet Vihar,15.46,Morning Peak,Weekend,Heatwave,Medium,Main Road,34.3,26.9,29.154999999999998,31.81615503344195,South,Other,South Delhi
TRIP_01710,Saket,Nehru Place,5.32,Morning Peak,Weekend,Clear,High,Main Road,23.7,13.7,20.145,15.84512285927029,South,Other,South Delhi
TRIP_01711,Nehru Place,Noida Sector 18,7.47,Evening Peak,Weekend,Rain,Low,Main Road,27.3,16.7,23.205,19.31480284421461,Other,Other,Other
TRIP_01712,Greater Kailash,Preet Vihar,11.95,Night,Weekday,Clear,High,Highway,36.7,19.8,31.195,22.984452636640487,South,Other,South Delhi
TRIP_01713,Vasant Kunj,Shahdara,21.4,Evening Peak,Weekend,Clear,Medium,Highway,61.7,25.0,52.445,24.482791495852798,South,Other,South Delhi
TRIP_01714,Model Town,Punjabi Bagh,7.93,Morning Peak,Weekday,Clear,High,Highway,36.0,13.8,30.599999999999998,15.549019607843139,North,West,North Delhi
TRIP_01715,Karol Bagh,Okhla,15.59,Morning Peak,Weekday,Rain,Very High,Main Road,9.0,107.3,7.6499999999999995,122.27450980392159,Central,Other,Central Delhi
TRIP_01716,Pitampura,Hauz Khas,18.42,Evening Peak,Weekend,Rain,High,Inner Road,8.4,134.7,7.14,154.78991596638656,North,Other,Other
TRIP_01717,Dwarka,Model Town,19.78,Evening Peak,Weekday,Clear,Very High,Highway,16.6,71.1,14.110000000000001,84.11055988660524,West,North,West Delhi
TRIP_01718,Connaught Place,Punjabi Bagh,9.3,Afternoon,Weekday,Clear,Medium,Inner Road,13.1,46.4,11.135,50.11225864391559,Central,West,Central Delhi
TRIP_01719,Rohini,Hauz Khas,26.29,Afternoon,Weekday,Rain,High,Highway,20.6,86.6,17.51,90.08566533409478,North,Other,North Delhi
TRIP_01720,Hauz Khas,Mayur Vihar,11.72,Afternoon,Weekday,Clear,Medium,Highway,62.3,11.7,52.955,13.279199320177511,Other,Other,Other
TRIP_01721,Lajpat Nagar,Shahdara,12.53,Evening Peak,Weekend,Rain,Medium,Main Road,28.8,26.0,24.48,30.710784313725487,Other,Other,Other
TRIP_01722,Greater Kailash,Nehru Place,1.9,Evening Peak,Weekday,Rain,Very High,Inner Road,5.7,21.0,4.845,23.52941176470588,South,Other,South Delhi
TRIP_01723,Model Town,Kalkaji,20.77,Afternoon,Weekday,Clear,Medium,Main Road,45.0,29.1,38.25,32.58039215686274,North,South,North Delhi
TRIP_01724,Greater Kailash,Hauz Khas,3.32,Evening Peak,Weekday,Rain,High,Inner Road,10.0,20.2,8.5,23.435294117647057,South,Other,South Delhi
TRIP_01725,IGI Airport,Shahdara,22.57,Evening Peak,Weekday,Heatwave,High,Highway,41.2,36.2,35.02,38.669331810394056,Other,Other,Other
TRIP_01726,Greater Kailash,IGI Airport,13.13,Morning Peak,Weekend,Fog,High,Highway,22.9,34.7,19.465,40.47264320575392,South,Other,South Delhi
TRIP_01727,Janakpuri,Saket,15.88,Morning Peak,Weekend,Heatwave,Very High,Main Road,12.4,79.1,10.54,90.39848197343454,West,South,West Delhi
TRIP_01728,Connaught Place,Karol Bagh,3.42,Evening Peak,Weekend,Heatwave,Very High,Main Road,13.5,17.1,11.475,17.88235294117647,Central,Central,Central Delhi
TRIP_01729,Punjabi Bagh,Greater Kailash,16.84,Afternoon,Weekday,Heatwave,High,Main Road,20.7,56.2,17.595,57.42540494458653,West,South,West Delhi
TRIP_01730,IGI Airport,Civil Lines,18.43,Morning Peak,Weekday,Clear,High,Highway,43.3,27.5,36.805,30.04483086537155,Other,Other,Other
TRIP_01731,Chandni Chowk,Dwarka,19.18,Morning Peak,Weekday,Rain,Medium,Highway,36.8,33.5,31.279999999999998,36.790281329923275,Central,West,Central Delhi
TRIP_01732,Civil Lines,Rajouri Garden,10.68,Afternoon,Weekend,Clear,High,Main Road,18.6,40.6,15.81,40.53130929791271,Other,West,Other
TRIP_01733,AIIMS,Dwarka,16.25,Evening Peak,Weekend,Clear,High,Main Road,22.7,43.6,19.294999999999998,50.53122570614149,Other,West,Other
TRIP_01734,Vasant Kunj,Janakpuri,13.24,Evening Peak,Weekend,Clear,Very High,Highway,17.7,48.7,15.044999999999998,52.80159521435694,South,West,South Delhi
TRIP_01735,IGI Airport,Noida Sector 18,22.12,Afternoon,Weekday,Rain,High,Main Road,15.5,85.5,13.174999999999999,100.73624288425049,Other,Other,Other
TRIP_01736,Model Town,Punjabi Bagh,7.93,Evening Peak,Weekday,Clear,Very High,Main Road,9.2,53.1,7.819999999999999,60.84398976982098,North,West,North Delhi
TRIP_01737,Preet Vihar,Dwarka,24.67,Afternoon,Weekday,Clear,Low,Highway,81.2,18.4,69.02,21.445957693422198,Other,West,Other
TRIP_01738,Nehru Place,Model Town,19.38,Evening Peak,Weekday,Fog,Very High,Highway,10.4,114.5,8.84,131.53846153846152,Other,North,Other
TRIP_01739,Rohini,Preet Vihar,25.98,Morning Peak,Weekend,Clear,High,Highway,33.9,46.9,28.814999999999998,54.096824570536185,North,Other,North Delhi
TRIP_01740,Preet Vihar,Okhla,12.45,Evening Peak,Weekday,Heatwave,Very High,Inner Road,8.0,93.3,6.8,109.85294117647058,Other,Other,Other
TRIP_01741,Mayur Vihar,Rohini,27.72,Evening Peak,Weekend,Clear,Medium,Highway,59.0,28.2,50.15,33.16450648055832,Other,North,Other
TRIP_01742,Greater Kailash,Vasant Kunj,8.11,Morning Peak,Weekday,Clear,Very High,Inner Road,8.8,56.1,7.48,65.05347593582886,South,South,South Delhi
TRIP_01743,Vasant Kunj,IGI Airport,6.9,Afternoon,Weekday,Fog,Very High,Highway,10.8,42.6,9.18,45.09803921568628,South,Other,South Delhi
TRIP_01744,Karol Bagh,Janakpuri,10.56,Morning Peak,Weekend,Heatwave,High,Main Road,19.7,31.8,16.744999999999997,37.83816064496866,Central,West,Central Delhi
TRIP_01745,Dwarka,Lajpat Nagar,18.84,Evening Peak,Weekday,Fog,Medium,Highway,29.3,38.5,24.905,45.38847620959647,West,Other,West Delhi
TRIP_01746,Connaught Place,Noida Sector 18,12.67,Morning Peak,Weekend,Clear,High,Main Road,22.9,34.1,19.465,39.05471358849216,Central,Other,Central Delhi
TRIP_01747,Hauz Khas,Saket,2.85,Evening Peak,Weekday,Clear,High,Inner Road,10.8,18.4,9.18,18.627450980392158,Other,South,Other
TRIP_01748,Shahdara,Karol Bagh,9.9,Evening Peak,Weekday,Clear,Very High,Inner Road,8.3,72.3,7.055000000000001,84.19560595322466,Other,Central,Other
TRIP_01749,Lajpat Nagar,Greater Kailash,2.6,Night,Weekday,Rain,Low,Inner Road,20.8,7.6,17.68,8.823529411764707,Other,South,Other
TRIP_01750,Janakpuri,Shahdara,20.44,Morning Peak,Weekday,Heatwave,High,Main Road,20.1,66.6,17.085,71.78226514486391,West,Other,West Delhi
TRIP_01751,Mayur Vihar,Noida Sector 18,5.74,Afternoon,Weekday,Fog,Medium,Inner Road,9.4,36.3,7.99,43.103879849812266,Other,Other,Other
TRIP_01752,IGI Airport,Chandni Chowk,16.54,Evening Peak,Weekday,Clear,Very High,Main Road,11.7,85.6,9.944999999999999,99.78883861236802,Other,Central,Other
TRIP_01753,Pitampura,IGI Airport,16.75,Morning Peak,Weekday,Clear,High,Main Road,28.4,35.9,24.139999999999997,41.632145816072914,North,Other,Other
TRIP_01754,Shahdara,Preet Vihar,3.56,Evening Peak,Weekend,Clear,Medium,Inner Road,26.8,7.8,22.78,9.376646180860403,Other,Other,Other
TRIP_01755,Rohini,Shahdara,24.21,Afternoon,Weekday,Clear,Low,Highway,68.0,21.3,57.8,25.13148788927336,North,Other,North Delhi
TRIP_01756,Shahdara,Pitampura,15.65,Afternoon,Weekday,Fog,High,Main Road,14.6,63.6,12.41,75.66478646253022,Other,North,Other
TRIP_01757,Chandni Chowk,Connaught Place,2.54,Evening Peak,Weekday,Clear,High,Inner Road,14.0,11.3,11.9,12.80672268907563,Central,Central,Central Delhi
TRIP_01758,Preet Vihar,Okhla,12.45,Evening Peak,Weekday,Clear,Very High,Highway,17.7,43.2,15.044999999999998,49.65104685942174,Other,Other,Other
TRIP_01759,Okhla,Kalkaji,1.94,Evening Peak,Weekday,Fog,Very High,Inner Road,4.8,23.6,4.08,28.52941176470588,Other,South,Other
TRIP_01760,Civil Lines,Pitampura,9.41,Afternoon,Weekday,Clear,Very High,Inner Road,10.3,57.7,8.755,64.48886350656767,Other,North,Other
TRIP_01761,Greater Kailash,Mayur Vihar,9.55,Evening Peak,Weekend,Clear,Low,Main Road,50.7,11.4,43.095,13.296206056387053,South,Other,South Delhi
TRIP_01762,Okhla,Model Town,21.87,Morning Peak,Weekend,Fog,Low,Main Road,28.0,47.0,23.8,55.13445378151261,Other,North,Other
TRIP_01763,Punjabi Bagh,AIIMS,13.63,Evening Peak,Weekday,Rain,Very High,Highway,12.0,68.0,10.2,80.1764705882353,West,Other,West Delhi
TRIP_01764,Karol Bagh,Vasant Kunj,15.08,Morning Peak,Weekday,Fog,Very High,Highway,12.2,78.3,10.37,87.25168756027001,Central,South,Central Delhi
TRIP_01765,Okhla,Mayur Vihar,9.53,Afternoon,Weekend,Clear,Medium,Inner Road,28.8,19.5,24.48,23.3578431372549,Other,Other,Other
TRIP_01766,Pitampura,Shahdara,15.65,Afternoon,Weekday,Heatwave,Medium,Main Road,29.9,32.1,25.415,36.94668502852647,North,Other,Other
TRIP_01767,Pitampura,Shahdara,15.65,Evening Peak,Weekday,Clear,High,Highway,35.5,26.7,30.175,31.11847555923778,North,Other,Other
TRIP_01768,Punjabi Bagh,Preet Vihar,16.03,Morning Peak,Weekday,Clear,Medium,Highway,62.8,15.4,53.379999999999995,18.017984263769204,West,Other,West Delhi
TRIP_01769,Dwarka,Lajpat Nagar,18.84,Evening Peak,Weekday,Clear,Very High,Highway,19.5,58.8,16.575,68.19909502262443,West,Other,West Delhi
TRIP_01770,Punjabi Bagh,Pitampura,3.98,Evening Peak,Weekday,Heatwave,High,Main Road,21.9,11.4,18.615,12.82836422240129,West,North,West Delhi
TRIP_01771,Okhla,Connaught Place,12.39,Afternoon,Weekend,Clear,Low,Main Road,49.5,14.9,42.074999999999996,17.668449197860962,Other,Central,Other
TRIP_01772,Rohini,Greater Kailash,28.43,Evening Peak,Weekday,Clear,Very High,Highway,21.1,85.4,17.935000000000002,95.1101198773348,North,South,North Delhi
TRIP_01773,Mayur Vihar,Punjabi Bagh,17.1,Afternoon,Weekday,Clear,Medium,Main Road,28.2,38.1,23.97,42.8035043804756,Other,West,Other
TRIP_01774,Shahdara,AIIMS,14.08,Afternoon,Weekend,Clear,Medium,Main Road,45.0,21.0,38.25,22.08627450980392,Other,Other,Other
TRIP_01775,Nehru Place,Model Town,19.38,Evening Peak,Weekday,Fog,Very High,Main Road,5.2,219.7,4.42,263.07692307692304,Other,North,Other
TRIP_01776,Greater Kailash,Kalkaji,2.15,Afternoon,Weekday,Rain,High,Inner Road,12.4,11.7,10.54,12.23908918406072,South,South,South Delhi
TRIP_01777,IGI Airport,Okhla,16.94,Afternoon,Weekday,Clear,Medium,Inner Road,17.3,59.9,14.705,69.11934716082966,Other,Other,Other
TRIP_01778,Lajpat Nagar,Preet Vihar,9.58,Evening Peak,Weekday,Clear,High,Main Road,26.0,22.4,22.099999999999998,26.00904977375566,Other,Other,Other
TRIP_01779,AIIMS,Vasant Kunj,7.41,Afternoon,Weekday,Clear,High,Main Road,20.4,22.1,17.34,25.640138408304498,Other,South,Other
TRIP_01780,Dwarka,IGI Airport,6.61,Afternoon,Weekday,Rain,High,Main Road,17.3,25.4,14.705,26.970418225093507,West,Other,West Delhi
TRIP_01781,Hauz Khas,Civil Lines,14.76,Morning Peak,Weekend,Clear,Medium,Highway,53.3,17.2,45.305,19.547511312217196,Other,Other,Other
TRIP_01782,Shahdara,Lajpat Nagar,12.53,Morning Peak,Weekday,Clear,Very High,Inner Road,7.9,94.2,6.715,111.95830230826508,Other,Other,Other
TRIP_01783,Greater Kailash,Preet Vihar,11.95,Night,Weekend,Fog,Medium,Main Road,22.5,33.7,19.125,37.490196078431374,South,Other,South Delhi
TRIP_01784,Okhla,Karol Bagh,15.59,Afternoon,Weekday,Clear,High,Inner Road,20.6,45.5,17.51,53.42090234151913,Other,Central,Other
TRIP_01785,Mayur Vihar,Pitampura,18.76,Evening Peak,Weekday,Clear,Very High,Inner Road,8.3,133.7,7.055000000000001,159.54642097802977,Other,North,Other
TRIP_01786,Rajouri Garden,IGI Airport,10.32,Morning Peak,Weekday,Clear,Very High,Highway,18.2,34.7,15.469999999999999,40.02585649644474,West,Other,Other
TRIP_01787,Okhla,Chandni Chowk,13.88,Afternoon,Weekday,Clear,High,Highway,34.7,24.1,29.495,28.235294117647058,Other,Central,Other
TRIP_01788,Greater Kailash,Kalkaji,2.15,Afternoon,Weekday,Fog,Medium,Inner Road,8.3,16.5,7.055000000000001,18.284904323175052,South,South,South Delhi
TRIP_01789,Saket,Punjabi Bagh,17.62,Evening Peak,Weekday,Clear,High,Inner Road,19.6,57.1,16.66,63.45738295318127,South,West,South Delhi
TRIP_01790,Pitampura,Karol Bagh,8.11,Morning Peak,Weekday,Clear,High,Main Road,29.1,17.1,24.735,19.67252880533657,North,Central,Other
TRIP_01791,Dwarka,AIIMS,16.25,Morning Peak,Weekend,Clear,Medium,Highway,62.9,15.1,53.464999999999996,18.23622930889367,West,Other,West Delhi
TRIP_01792,Rohini,Hauz Khas,26.29,Evening Peak,Weekday,Clear,Medium,Inner Road,21.8,75.8,18.53,85.12682137075012,North,Other,North Delhi
TRIP_01793,AIIMS,Chandni Chowk,9.5,Morning Peak,Weekend,Clear,High,Highway,33.9,17.7,28.814999999999998,19.781363872982823,Other,Central,Other
TRIP_01794,Hauz Khas,Greater Kailash,3.32,Morning Peak,Weekday,Clear,Very High,Inner Road,10.1,19.3,8.584999999999999,23.203261502620855,Other,South,Other
TRIP_01795,Lajpat Nagar,Greater Kailash,2.6,Evening Peak,Weekend,Clear,Medium,Main Road,41.7,4.4,35.445,4.401184934405417,Other,South,Other
TRIP_01796,Rohini,Karol Bagh,16.99,Afternoon,Weekday,Fog,High,Inner Road,8.1,129.9,6.885,148.06100217864923,North,Central,North Delhi
TRIP_01797,Karol Bagh,Preet Vihar,10.02,Night,Weekday,Fog,Low,Main Road,23.5,27.1,19.974999999999998,30.097622027534424,Central,Other,Central Delhi
TRIP_01798,Greater Kailash,Rohini,28.43,Evening Peak,Weekday,Heatwave,High,Highway,34.0,53.5,28.9,59.024221453287204,South,North,South Delhi
TRIP_01799,Mayur Vihar,Model Town,15.05,Night,Weekday,Clear,Low,Main Road,45.9,21.5,39.015,23.14494425221069,Other,North,Other
TRIP_01800,Shahdara,Rohini,24.21,Evening Peak,Weekday,Rain,High,Main Road,12.0,120.1,10.2,142.41176470588238,Other,North,Other
TRIP_01801,Shahdara,Preet Vihar,3.56,Morning Peak,Weekday,Clear,Very High,Inner Road,8.9,23.9,7.565,28.235294117647058,Other,Other,Other
TRIP_01802,Vasant Kunj,Connaught Place,13.75,Morning Peak,Weekday,Fog,Low,Main Road,23.7,38.7,20.145,40.95309009679821,South,Central,South Delhi
TRIP_01803,Karol Bagh,AIIMS,9.61,Evening Peak,Weekday,Clear,Very High,Highway,16.4,35.4,13.939999999999998,41.36298421807748,Central,Other,Central Delhi
TRIP_01804,Hauz Khas,Okhla,7.23,Evening Peak,Weekend,Clear,Very High,Main Road,8.8,49.6,7.48,57.99465240641711,Other,Other,Other
TRIP_01805,Punjabi Bagh,Vasant Kunj,16.74,Evening Peak,Weekday,Clear,Very High,Inner Road,7.8,130.3,6.63,151.49321266968326,West,South,West Delhi
TRIP_01806,AIIMS,Model Town,16.52,Afternoon,Weekday,Rain,Medium,Highway,38.5,26.1,32.725,30.288770053475933,Other,North,Other
TRIP_01807,Connaught Place,Dwarka,17.23,Night,Weekday,Fog,Low,Main Road,27.3,39.2,23.205,44.550743374272784,Central,West,Central Delhi
TRIP_01808,Rajouri Garden,Okhla,19.41,Afternoon,Weekend,Clear,Very High,Main Road,9.3,122.0,7.905,147.32447817836814,West,Other,Other
TRIP_01809,Vasant Kunj,Mayur Vihar,17.08,Evening Peak,Weekday,Clear,Very High,Main Road,14.5,73.1,12.325,83.14807302231236,South,Other,South Delhi
TRIP_01810,Vasant Kunj,Civil Lines,19.08,Evening Peak,Weekend,Clear,Medium,Main Road,27.8,43.4,23.63,48.446889547185776,South,Other,South Delhi
TRIP_01811,Rajouri Garden,Nehru Place,16.77,Morning Peak,Weekday,Clear,High,Inner Road,9.5,109.3,8.075,124.60681114551085,West,Other,Other
TRIP_01812,Okhla,Connaught Place,12.39,Afternoon,Weekend,Clear,High,Main Road,19.6,37.4,16.66,44.6218487394958,Other,Central,Other
TRIP_01813,Chandni Chowk,Saket,14.23,Morning Peak,Weekday,Clear,High,Main Road,21.0,42.0,17.849999999999998,47.83193277310925,Central,South,Central Delhi
TRIP_01814,Greater Kailash,Lajpat Nagar,2.6,Night,Weekday,Rain,Low,Inner Road,16.3,9.5,13.855,11.259473114399134,South,Other,South Delhi
TRIP_01815,Preet Vihar,Shahdara,3.56,Morning Peak,Weekend,Clear,Medium,Main Road,27.8,8.0,23.63,9.039356749894203,Other,Other,Other
TRIP_01816,Hauz Khas,Preet Vihar,13.62,Evening Peak,Weekend,Clear,High,Main Road,19.2,41.9,16.32,50.0735294117647,Other,Other,Other
TRIP_01817,Dwarka,Shahdara,25.37,Afternoon,Weekday,Heatwave,Medium,Highway,55.3,32.4,47.004999999999995,32.38378895862142,West,Other,West Delhi
TRIP_01818,Pitampura,Model Town,5.98,Morning Peak,Weekday,Heatwave,High,Inner Road,11.4,31.1,9.69,37.027863777089784,North,North,Other
TRIP_01819,Rohini,Saket,29.0,Evening Peak,Weekend,Clear,High,Highway,35.4,51.0,30.089999999999996,57.82652043868396,North,South,North Delhi
TRIP_01820,Connaught Place,Noida Sector 18,12.67,Evening Peak,Weekday,Clear,High,Main Road,18.6,41.1,15.81,48.08349146110057,Central,Other,Central Delhi
TRIP_01821,Greater Kailash,IGI Airport,13.13,Evening Peak,Weekday,Rain,Very High,Highway,12.3,63.6,10.455,75.35150645624103,South,Other,South Delhi
TRIP_01822,Mayur Vihar,AIIMS,9.79,Evening Peak,Weekend,Clear,Low,Main Road,35.5,17.8,30.175,19.466445733222866,Other,Other,Other
TRIP_01823,Karol Bagh,Nehru Place,12.97,Afternoon,Weekday,Clear,High,Inner Road,8.5,95.8,7.225,107.70934256055365,Central,Other,Central Delhi
TRIP_01824,Rajouri Garden,Shahdara,16.5,Evening Peak,Weekend,Rain,Low,Main Road,39.3,24.5,33.404999999999994,29.63628199371352,West,Other,Other
TRIP_01825,Punjabi Bagh,Janakpuri,6.67,Afternoon,Weekday,Clear,High,Inner Road,11.5,36.2,9.775,40.94117647058824,West,West,West Delhi
TRIP_01826,Noida Sector 18,Okhla,6.92,Afternoon,Weekday,Clear,Low,Inner Road,30.6,13.6,26.01,15.96309111880046,Other,Other,Other
TRIP_01827,Rajouri Garden,Karol Bagh,6.66,Afternoon,Weekday,Rain,Medium,Highway,33.7,12.4,28.645000000000003,13.95007854773957,West,Central,Other
TRIP_01828,Punjabi Bagh,Rajouri Garden,2.52,Evening Peak,Weekend,Clear,Medium,Inner Road,17.2,9.2,14.62,10.341997264021888,West,West,West Delhi
TRIP_01829,Okhla,Pitampura,23.54,Afternoon,Weekday,Rain,Medium,Highway,42.0,34.6,35.699999999999996,39.56302521008404,Other,North,Other
TRIP_01830,Punjabi Bagh,IGI Airport,12.83,Morning Peak,Weekday,Heatwave,Medium,Inner Road,20.4,37.0,17.34,44.39446366782007,West,Other,West Delhi
TRIP_01831,Pitampura,Rajouri Garden,6.43,Morning Peak,Weekday,Clear,Medium,Main Road,38.1,11.7,32.385,11.91292264937471,North,West,Other
TRIP_01832,Rajouri Garden,Dwarka,9.64,Evening Peak,Weekday,Heatwave,Medium,Inner Road,22.6,26.5,19.21,30.109318063508592,West,West,Other
TRIP_01833,Saket,Mayur Vihar,13.17,Evening Peak,Weekday,Clear,High,Main Road,22.1,36.6,18.785,42.06547777482034,South,Other,South Delhi
TRIP_01834,Karol Bagh,Greater Kailash,12.43,Evening Peak,Weekday,Rain,Very High,Inner Road,4.9,157.0,4.165,179.06362545018007,Central,South,Central Delhi
TRIP_01835,Pitampura,Rohini,8.97,Night,Weekday,Clear,Medium,Highway,66.1,9.3,56.184999999999995,9.57906914656937,North,North,Other
TRIP_01836,Rohini,Lajpat Nagar,26.64,Evening Peak,Weekday,Clear,Very High,Highway,21.2,75.4,18.02,88.70144284128746,North,Other,North Delhi
TRIP_01837,Greater Kailash,Civil Lines,14.87,Afternoon,Weekday,Clear,Medium,Main Road,39.4,22.8,33.489999999999995,26.64078829501344,South,Other,South Delhi
TRIP_01838,Mayur Vihar,Karol Bagh,11.04,Evening Peak,Weekend,Rain,Very High,Inner Road,5.2,133.5,4.42,149.86425339366517,Other,Central,Other
TRIP_01839,Saket,Chandni Chowk,14.23,Evening Peak,Weekend,Clear,High,Highway,44.7,19.7,37.995000000000005,22.471377812870113,South,Central,South Delhi
TRIP_01840,Kalkaji,Greater Kailash,2.15,Afternoon,Weekday,Rain,Low,Main Road,36.8,3.7,31.279999999999998,4.124040920716113,South,South,South Delhi
TRIP_01841,Connaught Place,Janakpuri,12.63,Evening Peak,Weekday,Clear,Very High,Main Road,12.5,60.8,10.625,71.32235294117648,Central,West,Central Delhi
TRIP_01842,Rajouri Garden,Saket,15.91,Evening Peak,Weekday,Heatwave,Medium,Highway,51.0,19.7,43.35,22.020761245674738,West,South,Other
TRIP_01843,Civil Lines,Karol Bagh,4.62,Afternoon,Weekday,Heatwave,Medium,Inner Road,24.0,11.9,20.4,13.588235294117649,Other,Central,Other
TRIP_01844,Greater Kailash,Chandni Chowk,11.55,Evening Peak,Weekend,Fog,High,Inner Road,8.0,88.6,6.8,101.91176470588236,South,Central,South Delhi
TRIP_01845,Connaught Place,Chandni Chowk,2.54,Evening Peak,Weekday,Heatwave,High,Inner Road,13.4,11.2,11.39,13.380158033362598,Central,Central,Central Delhi
TRIP_01846,Shahdara,Lajpat Nagar,12.53,Evening Peak,Weekday,Clear,High,Highway,42.4,18.8,36.04,20.86015538290788,Other,Other,Other
TRIP_01847,IGI Airport,Hauz Khas,9.81,Night,Weekday,Clear,Low,Inner Road,15.4,37.3,13.09,44.96562261268144,Other,Other,Other
TRIP_01848,Lajpat Nagar,Janakpuri,15.7,Evening Peak,Weekday,Heatwave,Very High,Inner Road,8.1,118.8,6.885,136.81917211328977,Other,West,Other
TRIP_01849,Rohini,Shahdara,24.21,Afternoon,Weekday,Heatwave,Medium,Highway,53.0,27.1,45.05,32.2441731409545,North,Other,North Delhi
TRIP_01850,Dwarka,Civil Lines,20.04,Morning Peak,Weekday,Fog,Very High,Main Road,7.8,171.1,6.63,181.3574660633484,West,Other,West Delhi
TRIP_01851,Kalkaji,Nehru Place,1.51,Evening Peak,Weekday,Clear,Very High,Main Road,13.3,6.6,11.305,8.014153029632906,South,Other,South Delhi
TRIP_01852,Dwarka,Punjabi Bagh,11.86,Evening Peak,Weekday,Clear,Very High,Main Road,10.8,76.9,9.18,77.51633986928104,West,West,West Delhi
TRIP_01853,Dwarka,Rajouri Garden,9.64,Evening Peak,Weekend,Clear,High,Main Road,24.0,27.9,20.4,28.35294117647059,West,West,West Delhi
TRIP_01854,IGI Airport,Model Town,19.83,Evening Peak,Weekend,Fog,Medium,Highway,33.7,36.1,28.645000000000003,41.53604468493628,Other,North,Other
TRIP_01855,Model Town,Rohini,13.8,Morning Peak,Weekday,Clear,High,Highway,36.8,22.9,31.279999999999998,26.47058823529412,North,North,North Delhi
TRIP_01856,Dwarka,Karol Bagh,15.59,Evening Peak,Weekend,Heatwave,Very High,Main Road,11.0,83.5,9.35,100.0427807486631,West,Central,West Delhi
TRIP_01857,Civil Lines,Okhla,17.22,Morning Peak,Weekday,Clear,Very High,Inner Road,7.9,132.1,6.715,153.86448250186152,Other,Other,Other
TRIP_01858,Janakpuri,Vasant Kunj,13.24,Evening Peak,Weekday,Clear,High,Inner Road,14.0,57.0,11.9,66.75630252100841,West,South,West Delhi
TRIP_01859,Chandni Chowk,Vasant Kunj,16.27,Evening Peak,Weekend,Clear,Medium,Main Road,37.1,26.4,31.535,30.956080545425717,Central,South,Central Delhi
TRIP_01860,AIIMS,Connaught Place,7.18,Night,Weekend,Clear,Medium,Main Road,39.5,11.1,33.574999999999996,12.830975428145942,Other,Central,Other
TRIP_01861,Connaught Place,Punjabi Bagh,9.3,Evening Peak,Weekday,Clear,Very High,Inner Road,7.6,74.2,6.46,86.37770897832819,Central,West,Central Delhi
TRIP_01862,Noida Sector 18,Lajpat Nagar,8.66,Evening Peak,Weekend,Fog,Medium,Main Road,22.4,22.8,19.04,27.28991596638656,Other,Other,Other
TRIP_01863,Saket,Kalkaji,4.6,Evening Peak,Weekday,Rain,Very High,Inner Road,5.3,53.2,4.505,61.26526082130966,South,South,South Delhi
TRIP_01864,Saket,Civil Lines,17.43,Night,Weekday,Rain,Low,Main Road,35.1,33.8,29.835,35.05279034690799,South,Other,South Delhi
TRIP_01865,IGI Airport,Vasant Kunj,6.9,Afternoon,Weekday,Clear,Medium,Main Road,28.8,14.8,24.48,16.91176470588235,Other,South,Other
TRIP_01866,Model Town,Dwarka,19.78,Evening Peak,Weekend,Rain,Medium,Highway,44.2,27.5,37.57,31.58903380356668,North,West,North Delhi
TRIP_01867,Model Town,Greater Kailash,19.14,Evening Peak,Weekend,Clear,Medium,Main Road,27.2,42.8,23.119999999999997,49.67128027681662,North,South,North Delhi
TRIP_01868,Rajouri Garden,Saket,15.91,Morning Peak,Weekend,Clear,Low,Highway,87.2,11.2,74.12,12.879114948731786,West,South,Other
TRIP_01869,Mayur Vihar,Vasant Kunj,17.08,Evening Peak,Weekday,Clear,Very High,Main Road,14.6,81.5,12.41,82.57856567284448,Other,South,Other
TRIP_01870,Chandni Chowk,Karol Bagh,3.94,Afternoon,Weekday,Clear,Medium,Main Road,42.4,6.4,36.04,6.55937846836848,Central,Central,Central Delhi
TRIP_01871,Saket,Rajouri Garden,15.91,Night,Weekend,Clear,Medium,Highway,55.2,17.3,46.92,20.345268542199488,South,West,South Delhi
TRIP_01872,IGI Airport,Noida Sector 18,22.12,Afternoon,Weekend,Clear,Low,Main Road,58.1,23.3,49.385,26.87455705173636,Other,Other,Other
TRIP_01873,Mayur Vihar,Karol Bagh,11.04,Morning Peak,Weekday,Clear,High,Main Road,29.8,23.0,25.33,26.150809317015394,Other,Central,Other
TRIP_01874,Pitampura,IGI Airport,16.75,Morning Peak,Weekday,Rain,Very High,Highway,11.9,87.2,10.115,99.35739001482946,North,Other,Other
TRIP_01875,IGI Airport,Rajouri Garden,10.32,Morning Peak,Weekday,Clear,Very High,Highway,19.1,33.8,16.235,38.139821373575614,Other,West,Other
TRIP_01876,Lajpat Nagar,Connaught Place,7.13,Afternoon,Weekday,Fog,Medium,Main Road,16.6,26.6,14.110000000000001,30.318922749822818,Other,Central,Other
TRIP_01877,Vasant Kunj,Hauz Khas,5.36,Morning Peak,Weekend,Clear,Medium,Main Road,28.8,11.2,24.48,13.137254901960784,South,Other,South Delhi
TRIP_01878,Karol Bagh,Chandni Chowk,3.94,Evening Peak,Weekday,Clear,Very High,Inner Road,8.3,31.4,7.055000000000001,33.508150248051024,Central,Central,Central Delhi
TRIP_01879,Chandni Chowk,Civil Lines,3.35,Evening Peak,Weekday,Clear,Very High,Inner Road,9.5,21.4,8.075,24.891640866873068,Central,Other,Central Delhi
TRIP_01880,AIIMS,Saket,4.77,Afternoon,Weekend,Clear,Low,Inner Road,14.8,19.1,12.58,22.750397456279806,Other,South,Other
TRIP_01881,Saket,Vasant Kunj,4.88,Morning Peak,Weekday,Clear,Low,Main Road,39.0,7.4,33.15,8.832579185520363,South,South,South Delhi
TRIP_01882,Civil Lines,Punjabi Bagh,9.27,Afternoon,Weekend,Clear,Medium,Inner Road,24.1,24.3,20.485,27.151574322675128,Other,West,Other
TRIP_01883,Saket,Chandni Chowk,14.23,Afternoon,Weekend,Clear,Medium,Highway,48.3,17.6,41.055,20.7964925100475,South,Central,South Delhi
TRIP_01884,Hauz Khas,Saket,2.85,Afternoon,Weekday,Rain,High,Inner Road,10.6,16.2,9.01,18.97891231964484,Other,South,Other
TRIP_01885,Preet Vihar,Kalkaji,12.39,Evening Peak,Weekday,Clear,High,Main Road,23.8,31.2,20.23,36.747404844290664,Other,South,Other
TRIP_01886,Greater Kailash,Chandni Chowk,11.55,Afternoon,Weekend,Clear,Low,Main Road,56.2,12.2,47.77,14.507012769520621,South,Central,South Delhi
TRIP_01887,AIIMS,Preet Vihar,11.51,Morning Peak,Weekday,Clear,High,Highway,32.1,21.0,27.285,25.31061022539857,Other,Other,Other
TRIP_01888,Lajpat Nagar,Nehru Place,2.8,Evening Peak,Weekend,Rain,Very High,Inner Road,6.6,24.8,5.609999999999999,29.946524064171125,Other,Other,Other
TRIP_01889,Noida Sector 18,Shahdara,12.02,Afternoon,Weekday,Clear,Medium,Main Road,33.2,21.6,28.220000000000002,25.55634301913536,Other,Other,Other
TRIP_01890,AIIMS,Greater Kailash,3.26,Afternoon,Weekday,Clear,Very High,Main Road,11.8,16.3,10.030000000000001,19.501495513459616,Other,South,Other
TRIP_01891,Karol Bagh,IGI Airport,13.83,Evening Peak,Weekday,Heatwave,Very High,Main Road,11.4,75.1,9.69,85.63467492260062,Central,Other,Central Delhi
TRIP_01892,Model Town,Civil Lines,5.0,Morning Peak,Weekend,Rain,Low,Inner Road,18.4,16.7,15.639999999999999,19.18158567774936,North,Other,North Delhi
TRIP_01893,Rohini,Hauz Khas,26.29,Morning Peak,Weekend,Clear,Very High,Highway,18.8,83.3,15.98,98.71088861076345,North,Other,North Delhi
TRIP_01894,Nehru Place,AIIMS,4.68,Afternoon,Weekday,Heatwave,Low,Inner Road,24.0,13.7,20.4,13.76470588235294,Other,Other,Other
TRIP_01895,Punjabi Bagh,Hauz Khas,14.84,Afternoon,Weekday,Clear,Medium,Main Road,38.6,23.7,32.81,27.138067662298077,West,Other,West Delhi
TRIP_01896,Dwarka,Shahdara,25.37,Morning Peak,Weekend,Rain,High,Main Road,13.6,111.5,11.559999999999999,131.67820069204154,West,Other,West Delhi
TRIP_01897,Vasant Kunj,Noida Sector 18,17.44,Evening Peak,Weekday,Clear,Very High,Highway,16.8,62.9,14.28,73.27731092436976,South,Other,South Delhi
TRIP_01898,Hauz Khas,Shahdara,16.26,Afternoon,Weekday,Clear,Medium,Highway,59.8,17.1,50.83,19.19338973047413,Other,Other,Other
TRIP_01899,Janakpuri,Pitampura,10.13,Evening Peak,Weekend,Clear,Very High,Main Road,13.1,47.3,11.135,54.584643017512356,West,North,West Delhi
TRIP_01900,Civil Lines,Janakpuri,14.89,Evening Peak,Weekday,Clear,High,Highway,31.4,28.5,26.689999999999998,33.47321094042713,Other,West,Other
TRIP_01901,Pitampura,Nehru Place,20.88,Morning Peak,Weekday,Clear,Very High,Highway,20.8,59.9,17.68,70.85972850678733,North,Other,Other
TRIP_01902,Rohini,Shahdara,24.21,Evening Peak,Weekday,Fog,Very High,Main Road,5.2,283.6,4.42,328.6425339366516,North,Other,North Delhi
TRIP_01903,Rohini,AIIMS,25.2,Afternoon,Weekday,Rain,High,Inner Road,8.6,173.6,7.31,206.83994528043775,North,Other,North Delhi
TRIP_01904,Greater Kailash,Rohini,28.43,Night,Weekday,Clear,Low,Highway,62.8,27.4,53.379999999999995,31.95578868490071,South,North,South Delhi
TRIP_01905,Dwarka,Kalkaji,21.07,Evening Peak,Weekday,Clear,Very High,Highway,20.2,63.0,17.169999999999998,73.628421665696,West,South,West Delhi
TRIP_01906,Saket,Civil Lines,17.43,Evening Peak,Weekday,Clear,Very High,Inner Road,7.7,138.1,6.545,159.7860962566845,South,Other,South Delhi
TRIP_01907,Okhla,Hauz Khas,7.23,Night,Weekend,Clear,Low,Main Road,39.0,11.3,33.15,13.085972850678735,Other,Other,Other
TRIP_01908,Rajouri Garden,Pitampura,6.43,Evening Peak,Weekday,Clear,Very High,Inner Road,9.2,42.6,7.819999999999999,49.33503836317136,West,North,Other
TRIP_01909,Greater Kailash,Hauz Khas,3.32,Morning Peak,Weekend,Clear,Medium,Main Road,42.9,4.6,36.464999999999996,5.462772521596051,South,Other,South Delhi
TRIP_01910,Lajpat Nagar,Civil Lines,12.32,Morning Peak,Weekday,Heatwave,Very High,Highway,15.6,48.2,13.26,55.74660633484163,Other,Other,Other
TRIP_01911,Chandni Chowk,Kalkaji,12.95,Evening Peak,Weekday,Rain,Very High,Main Road,7.8,103.9,6.63,117.1945701357466,Central,South,Central Delhi
TRIP_01912,AIIMS,Connaught Place,7.18,Night,Weekend,Clear,Low,Main Road,40.2,10.6,34.17,12.607550482879718,Other,Central,Other
TRIP_01913,Greater Kailash,IGI Airport,13.13,Night,Weekday,Rain,Low,Main Road,24.2,32.5,20.57,38.29849295089937,South,Other,South Delhi
TRIP_01914,Nehru Place,IGI Airport,14.99,Evening Peak,Weekend,Clear,Medium,Highway,51.3,18.1,43.605,20.62607499140007,Other,Other,Other
TRIP_01915,Greater Kailash,Nehru Place,1.9,Morning Peak,Weekday,Clear,Very High,Main Road,13.1,8.5,11.135,10.237988325101032,South,Other,South Delhi
TRIP_01916,Rajouri Garden,Civil Lines,10.68,Evening Peak,Weekday,Clear,Very High,Main Road,10.1,66.4,8.584999999999999,74.64181712288877,West,Other,Other
TRIP_01917,Vasant Kunj,Janakpuri,13.24,Afternoon,Weekend,Clear,High,Main Road,23.4,35.9,19.889999999999997,39.9396681749623,South,West,South Delhi
TRIP_01918,Nehru Place,Saket,5.32,Night,Weekday,Clear,Low,Main Road,56.6,5.7,48.11,6.634795260860528,Other,South,Other
TRIP_01919,Civil Lines,Greater Kailash,14.87,Afternoon,Weekday,Clear,Medium,Main Road,40.4,22.4,34.339999999999996,25.981362842166572,Other,South,Other
TRIP_01920,Lajpat Nagar,Dwarka,18.84,Evening Peak,Weekday,Rain,High,Highway,28.1,40.9,23.885,47.32677412602051,Other,West,Other
TRIP_01921,Civil Lines,IGI Airport,18.43,Afternoon,Weekday,Heatwave,Very High,Highway,17.8,73.1,15.13,73.08658294778586,Other,Other,Other
TRIP_01922,Connaught Place,Shahdara,8.44,Morning Peak,Weekend,Rain,Medium,Main Road,28.3,18.6,24.055,21.051756391602574,Central,Other,Central Delhi
TRIP_01923,Punjabi Bagh,Vasant Kunj,16.74,Night,Weekend,Clear,Medium,Main Road,36.6,30.1,31.11,32.2854387656702,West,South,West Delhi
TRIP_01924,Okhla,Nehru Place,2.67,Night,Weekend,Clear,Medium,Main Road,37.6,4.2,31.96,5.012515644555695,Other,Other,Other
TRIP_01925,Rajouri Garden,Nehru Place,16.77,Evening Peak,Weekday,Clear,Medium,Highway,50.3,20.0,42.754999999999995,23.534089580166064,West,Other,Other
TRIP_01926,Model Town,Connaught Place,9.58,Afternoon,Weekday,Rain,High,Inner Road,8.0,79.6,6.8,84.52941176470588,North,Central,North Delhi
TRIP_01927,Kalkaji,Rajouri Garden,17.69,Evening Peak,Weekday,Clear,High,Main Road,20.2,53.9,17.169999999999998,61.817122888759485,South,West,South Delhi
TRIP_01928,Rajouri Garden,Preet Vihar,16.6,Evening Peak,Weekday,Clear,High,Main Road,24.0,46.3,20.4,48.82352941176471,West,Other,Other
TRIP_01929,Shahdara,Janakpuri,20.44,Afternoon,Weekday,Heatwave,Low,Highway,65.0,19.4,55.25,22.197285067873302,Other,West,Other
TRIP_01930,Preet Vihar,Karol Bagh,10.02,Evening Peak,Weekday,Clear,Medium,Main Road,40.2,14.5,34.17,17.594381035996484,Other,Central,Other
TRIP_01931,Saket,Noida Sector 18,12.72,Afternoon,Weekend,Fog,Low,Inner Road,20.7,37.5,17.595,43.37595907928389,South,Other,South Delhi
TRIP_01932,Vasant Kunj,Noida Sector 18,17.44,Morning Peak,Weekend,Rain,Medium,Highway,33.4,31.1,28.389999999999997,36.85804860866503,South,Other,South Delhi
TRIP_01933,Mayur Vihar,IGI Airport,20.09,Morning Peak,Weekday,Clear,High,Highway,31.3,37.6,26.605,45.307273068971995,Other,Other,Other
TRIP_01934,Dwarka,Preet Vihar,24.67,Evening Peak,Weekday,Fog,High,Highway,19.1,81.2,16.235,91.1733908222975,West,Other,West Delhi
TRIP_01935,Pitampura,Kalkaji,22.07,Evening Peak,Weekend,Clear,Medium,Main Road,45.1,30.1,38.335,34.54284596321899,North,South,Other
TRIP_01936,Lajpat Nagar,Greater Kailash,2.6,Morning Peak,Weekend,Clear,High,Main Road,27.3,5.8,23.205,6.722689075630253,Other,South,Other
TRIP_01937,Hauz Khas,Okhla,7.23,Afternoon,Weekday,Rain,High,Main Road,20.6,22.1,17.51,24.77441462021702,Other,Other,Other
TRIP_01938,Shahdara,Okhla,15.92,Afternoon,Weekday,Clear,High,Main Road,30.8,30.8,26.18,36.48586707410237,Other,Other,Other
TRIP_01939,Rajouri Garden,Greater Kailash,15.57,Evening Peak,Weekday,Clear,Very High,Main Road,9.9,98.9,8.415000000000001,111.01604278074865,West,South,Other
TRIP_01940,Nehru Place,Greater Kailash,1.9,Afternoon,Weekend,Fog,High,Inner Road,10.2,11.0,8.67,13.148788927335639,Other,South,Other
TRIP_01941,IGI Airport,Chandni Chowk,16.54,Evening Peak,Weekday,Fog,High,Main Road,10.0,102.7,8.5,116.75294117647059,Other,Central,Other
TRIP_01942,Vasant Kunj,Punjabi Bagh,16.74,Evening Peak,Weekday,Clear,High,Inner Road,11.4,91.7,9.69,103.6532507739938,South,West,South Delhi
TRIP_01943,Connaught Place,Mayur Vihar,7.89,Evening Peak,Weekday,Clear,Very High,Main Road,10.0,47.4,8.5,55.694117647058825,Central,Other,Central Delhi
TRIP_01944,Model Town,Saket,21.24,Afternoon,Weekend,Rain,Medium,Highway,31.0,42.9,26.349999999999998,48.36432637571157,North,South,North Delhi
TRIP_01945,Connaught Place,Janakpuri,12.63,Morning Peak,Weekend,Heatwave,Low,Main Road,35.4,22.2,30.089999999999996,25.184446660019944,Central,West,Central Delhi
TRIP_01946,Janakpuri,Kalkaji,18.68,Morning Peak,Weekday,Clear,High,Main Road,19.1,59.0,16.235,69.03603326147213,West,South,West Delhi
TRIP_01947,Lajpat Nagar,Saket,5.89,Afternoon,Weekend,Clear,High,Inner Road,13.2,29.3,11.219999999999999,31.49732620320856,Other,South,Other
TRIP_01948,Kalkaji,Punjabi Bagh,18.89,Afternoon,Weekday,Rain,Low,Main Road,30.5,39.3,25.925,43.71841851494696,South,West,South Delhi
TRIP_01949,Janakpuri,Vasant Kunj,13.24,Night,Weekday,Heatwave,Low,Highway,56.3,16.2,47.855,16.600146275206356,West,South,West Delhi
TRIP_01950,Chandni Chowk,Mayur Vihar,7.47,Morning Peak,Weekend,Clear,High,Main Road,30.2,14.7,25.669999999999998,17.46007012076354,Central,Other,Central Delhi
TRIP_01951,Civil Lines,Nehru Place,14.85,Evening Peak,Weekday,Clear,Very High,Main Road,12.0,73.4,10.2,87.3529411764706,Other,Other,Other
TRIP_01952,Shahdara,IGI Airport,22.57,Afternoon,Weekday,Clear,Very High,Highway,20.9,65.3,17.764999999999997,76.228539262595,Other,Other,Other
TRIP_01953,Greater Kailash,Civil Lines,14.87,Afternoon,Weekend,Clear,Medium,Highway,54.1,16.7,45.985,19.401978906165052,South,Other,South Delhi
TRIP_01954,Preet Vihar,Karol Bagh,10.02,Evening Peak,Weekday,Clear,High,Main Road,26.7,22.4,22.695,26.49041639127561,Other,Central,Other
TRIP_01955,Dwarka,Mayur Vihar,24.43,Evening Peak,Weekday,Fog,Medium,Highway,37.4,40.8,31.79,46.10883925762818,West,Other,West Delhi
TRIP_01956,Saket,Chandni Chowk,14.23,Evening Peak,Weekday,Clear,High,Main Road,29.3,33.5,24.905,34.28227263601686,South,Central,South Delhi
TRIP_01957,Saket,Punjabi Bagh,17.62,Morning Peak,Weekend,Heatwave,Medium,Main Road,37.1,29.8,31.535,33.5246551450769,South,West,South Delhi
TRIP_01958,Pitampura,Janakpuri,10.13,Afternoon,Weekend,Clear,Low,Highway,64.3,9.3,54.654999999999994,11.120665995791786,North,West,Other
TRIP_01959,Kalkaji,Civil Lines,16.3,Night,Weekday,Clear,Low,Main Road,58.5,16.3,49.725,19.66817496229261,South,Other,South Delhi
TRIP_01960,Mayur Vihar,Kalkaji,9.67,Afternoon,Weekday,Clear,Medium,Main Road,40.2,14.2,34.17,16.97980684811238,Other,South,Other
TRIP_01961,Nehru Place,Saket,5.32,Afternoon,Weekday,Clear,High,Main Road,27.3,12.1,23.205,13.755656108597286,Other,South,Other
TRIP_01962,Rajouri Garden,Pitampura,6.43,Night,Weekday,Fog,Low,Main Road,31.9,13.0,27.115,14.228286926055688,West,North,Other
TRIP_01963,Punjabi Bagh,Dwarka,11.86,Morning Peak,Weekday,Rain,Medium,Highway,32.6,25.7,27.71,25.680259833994945,West,West,West Delhi
TRIP_01964,Model Town,Lajpat Nagar,16.71,Evening Peak,Weekend,Fog,Low,Inner Road,21.0,53.5,17.849999999999998,56.16806722689076,North,Other,North Delhi
TRIP_01965,Kalkaji,Vasant Kunj,9.44,Morning Peak,Weekday,Clear,Very High,Main Road,10.7,54.2,9.094999999999999,62.27597581088511,South,South,South Delhi
TRIP_01966,Mayur Vihar,IGI Airport,20.09,Afternoon,Weekday,Clear,Low,Highway,62.3,19.7,52.955,22.76272306675479,Other,Other,Other
TRIP_01967,Nehru Place,Dwarka,20.8,Afternoon,Weekday,Clear,Very High,Highway,20.0,63.4,17.0,73.41176470588236,Other,West,Other
TRIP_01968,Janakpuri,Punjabi Bagh,6.67,Morning Peak,Weekday,Rain,Medium,Inner Road,10.4,39.0,8.84,45.27149321266968,West,West,West Delhi
TRIP_01969,Noida Sector 18,Saket,12.72,Afternoon,Weekday,Heatwave,Medium,Main Road,42.1,17.9,35.785000000000004,21.327371803828417,Other,South,Other
TRIP_01970,Kalkaji,Rajouri Garden,17.69,Afternoon,Weekday,Fog,Medium,Inner Road,15.5,68.2,13.174999999999999,80.56166982922203,South,West,South Delhi
TRIP_01971,Dwarka,Hauz Khas,15.78,Morning Peak,Weekday,Fog,Medium,Highway,28.1,38.6,23.885,39.639941385806985,West,Other,West Delhi
TRIP_01972,Rohini,Mayur Vihar,27.72,Afternoon,Weekday,Clear,Medium,Highway,60.7,27.2,51.595,32.23568175210776,North,Other,North Delhi
TRIP_01973,Preet Vihar,Kalkaji,12.39,Morning Peak,Weekday,Clear,Medium,Highway,51.0,14.2,43.35,17.14878892733564,Other,South,Other
TRIP_01974,Greater Kailash,Rajouri Garden,15.57,Afternoon,Weekday,Fog,High,Main Road,12.2,75.5,10.37,90.08678881388622,South,West,South Delhi
TRIP_01975,Nehru Place,Okhla,2.67,Night,Weekday,Clear,Low,Main Road,50.5,3.2,42.925,3.7320908561444384,Other,Other,Other
TRIP_01976,Kalkaji,Dwarka,21.07,Morning Peak,Weekend,Rain,Low,Highway,52.1,24.1,44.285,28.5469120469685,South,West,South Delhi
TRIP_01977,Saket,Lajpat Nagar,5.89,Morning Peak,Weekday,Clear,Very High,Inner Road,8.1,45.6,6.885,51.328976034858385,South,Other,South Delhi
TRIP_01978,Punjabi Bagh,Dwarka,11.86,Afternoon,Weekday,Rain,Very High,Main Road,9.6,75.7,8.16,87.20588235294117,West,West,West Delhi
TRIP_01979,Noida Sector 18,Rohini,33.01,Morning Peak,Weekday,Fog,Medium,Highway,26.3,79.6,22.355,88.59762916573473,Other,North,Other
TRIP_01980,Hauz Khas,Janakpuri,13.61,Afternoon,Weekday,Clear,Medium,Inner Road,16.8,49.3,14.28,57.18487394957984,Other,West,Other
TRIP_01981,Dwarka,Pitampura,15.04,Evening Peak,Weekend,Clear,High,Highway,38.9,23.6,33.065,27.291698170270678,West,North,West Delhi
TRIP_01982,Janakpuri,IGI Airport,7.4,Night,Weekday,Clear,Low,Main Road,48.1,9.0,40.885,10.85972850678733,West,Other,West Delhi
TRIP_01983,Shahdara,AIIMS,14.08,Evening Peak,Weekday,Fog,Very High,Main Road,8.0,104.2,6.8,124.23529411764707,Other,Other,Other
TRIP_01984,Model Town,Preet Vihar,12.75,Evening Peak,Weekday,Clear,Very High,Main Road,9.8,82.1,8.33,91.83673469387755,North,Other,North Delhi
TRIP_01985,Noida Sector 18,Nehru Place,7.47,Afternoon,Weekday,Clear,High,Main Road,21.3,22.0,18.105,24.755592377796187,Other,Other,Other
TRIP_01986,Rohini,IGI Airport,21.91,Afternoon,Weekday,Clear,Very High,Highway,18.0,71.6,15.299999999999999,85.92156862745098,North,Other,North Delhi
TRIP_01987,Dwarka,Nehru Place,20.8,Night,Weekday,Clear,Low,Main Road,35.5,41.7,30.175,41.358740679370335,West,Other,West Delhi
TRIP_01988,Vasant Kunj,Dwarka,13.52,Morning Peak,Weekday,Clear,Very High,Main Road,9.8,85.3,8.33,97.38295318127251,South,West,South Delhi
TRIP_01989,AIIMS,Civil Lines,12.66,Morning Peak,Weekday,Fog,Medium,Main Road,19.1,44.3,16.235,46.787804126886364,Other,Other,Other
TRIP_01990,Shahdara,Chandni Chowk,6.2,Afternoon,Weekday,Rain,Medium,Main Road,23.8,18.7,20.23,18.388531883341575,Other,Central,Other
TRIP_01991,Chandni Chowk,Janakpuri,14.33,Afternoon,Weekend,Clear,Medium,Inner Road,27.9,32.6,23.715,36.25553447185326,Central,West,Central Delhi
TRIP_01992,Chandni Chowk,Punjabi Bagh,9.93,Afternoon,Weekday,Clear,High,Main Road,18.7,31.8,15.895,37.48348537275873,Central,West,Central Delhi
TRIP_01993,Preet Vihar,Dwarka,24.67,Night,Weekday,Clear,Medium,Inner Road,23.5,65.0,19.974999999999998,74.1026282853567,Other,West,Other
TRIP_01994,Janakpuri,Kalkaji,18.68,Afternoon,Weekday,Heatwave,High,Highway,34.6,34.2,29.41,38.10948656919415,West,South,West Delhi
TRIP_01995,Chandni Chowk,Punjabi Bagh,9.93,Morning Peak,Weekend,Rain,Medium,Main Road,23.1,27.1,19.635,30.343773873185636,Central,West,Central Delhi
TRIP_01996,Dwarka,Hauz Khas,15.78,Morning Peak,Weekday,Clear,High,Main Road,27.2,34.9,23.119999999999997,40.95155709342561,West,Other,West Delhi
TRIP_01997,Dwarka,Janakpuri,5.26,Evening Peak,Weekday,Clear,Low,Highway,62.1,5.7,52.785,5.978971298664393,West,West,West Delhi
TRIP_01998,Preet Vihar,Model Town,12.75,Evening Peak,Weekday,Clear,Very High,Main Road,15.0,52.5,12.75,60.0,Other,North,Other
TRIP_01999,Rohini,Chandni Chowk,20.26,Afternoon,Weekday,Clear,Low,Main Road,47.6,25.8,40.46,30.04448838358873,North,Central,North Delhi
TRIP_02000,Saket,Vasant Kunj,4.88,Morning Peak,Weekday,Rain,Low,Main Road,31.3,9.3,26.605,11.005450103364028,South,South,South Delhi
TRIP_02001,Lajpat Nagar,Saket,5.89,Evening Peak,Weekday,Fog,Very High,Inner Road,4.8,77.9,4.08,86.61764705882352,Other,South,Other
TRIP_02002,Chandni Chowk,IGI Airport,16.54,Evening Peak,Weekday,Rain,High,Inner Road,7.8,126.7,6.63,149.68325791855204,Central,Other,Central Delhi
TRIP_02003,Nehru Place,Kalkaji,1.51,Evening Peak,Weekday,Clear,Very High,Inner Road,9.5,9.5,8.075,11.21981424148607,Other,South,Other
TRIP_02004,Okhla,Dwarka,23.01,Night,Weekday,Heatwave,Low,Main Road,45.3,30.9,38.504999999999995,35.85508375535645,Other,West,Other
TRIP_02005,Nehru Place,Rohini,29.42,Morning Peak,Weekend,Clear,Medium,Highway,63.9,27.4,54.315,32.49930958298813,Other,North,Other
TRIP_02006,AIIMS,Nehru Place,4.68,Evening Peak,Weekend,Clear,High,Inner Road,15.9,20.5,13.515,20.776914539400664,Other,Other,Other
TRIP_02007,Dwarka,Shahdara,25.37,Afternoon,Weekday,Fog,Medium,Highway,30.9,49.9,26.264999999999997,57.955454026270715,West,Other,West Delhi
TRIP_02008,Saket,Hauz Khas,2.85,Morning Peak,Weekend,Clear,Medium,Inner Road,27.5,6.5,23.375,7.315508021390375,South,Other,South Delhi
TRIP_02009,Model Town,Hauz Khas,18.43,Afternoon,Weekday,Fog,Very High,Main Road,7.8,138.0,6.63,166.78733031674207,North,Other,North Delhi
TRIP_02010,Noida Sector 18,Hauz Khas,12.51,Evening Peak,Weekday,Rain,High,Main Road,13.5,55.3,11.475,65.41176470588236,Other,Other,Other
TRIP_02011,IGI Airport,Saket,11.0,Night,Weekday,Rain,Medium,Highway,46.2,16.2,39.27,16.80672268907563,Other,South,Other
TRIP_02012,Vasant Kunj,IGI Airport,6.9,Morning Peak,Weekday,Heatwave,Medium,Main Road,37.3,11.3,31.705,13.057877306418547,South,Other,South Delhi
TRIP_02013,Okhla,Preet Vihar,12.45,Afternoon,Weekday,Clear,Medium,Highway,58.9,13.0,50.065,14.920603215819435,Other,Other,Other
TRIP_02014,Lajpat Nagar,Mayur Vihar,7.45,Evening Peak,Weekday,Clear,Medium,Highway,48.1,9.2,40.885,10.933105050752111,Other,Other,Other
TRIP_02015,Nehru Place,Shahdara,14.22,Afternoon,Weekend,Fog,Medium,Inner Road,9.2,98.3,7.819999999999999,109.10485933503838,Other,Other,Other
TRIP_02016,Civil Lines,Chandni Chowk,3.35,Evening Peak,Weekday,Clear,High,Inner Road,18.0,12.8,15.299999999999999,13.137254901960786,Other,Central,Other
TRIP_02017,Dwarka,Rajouri Garden,9.64,Evening Peak,Weekday,Clear,Very High,Highway,16.3,36.1,13.855,41.746661854926025,West,West,West Delhi
TRIP_02018,Saket,Civil Lines,17.43,Evening Peak,Weekday,Clear,Very High,Main Road,9.7,116.5,8.245,126.84050939963615,South,Other,South Delhi
TRIP_02019,Greater Kailash,Model Town,19.14,Afternoon,Weekend,Fog,High,Highway,22.4,53.1,19.04,60.31512605042017,South,North,South Delhi
TRIP_02020,Hauz Khas,Rohini,26.29,Afternoon,Weekday,Rain,Medium,Inner Road,15.4,99.5,13.09,120.50420168067227,Other,North,Other
TRIP_02021,Punjabi Bagh,Chandni Chowk,9.93,Morning Peak,Weekday,Clear,High,Main Road,18.1,32.9,15.385000000000002,38.726031849203764,West,Central,West Delhi
TRIP_02022,Civil Lines,Vasant Kunj,19.08,Morning Peak,Weekday,Fog,Very High,Highway,8.7,132.6,7.395,154.80730223123732,Other,South,Other
TRIP_02023,Chandni Chowk,Greater Kailash,11.55,Morning Peak,Weekday,Clear,High,Highway,43.4,16.8,36.89,18.785578747628083,Central,South,Central Delhi
TRIP_02024,Saket,Preet Vihar,15.46,Afternoon,Weekend,Clear,High,Main Road,29.1,33.0,24.735,37.501516070345666,South,Other,South Delhi
TRIP_02025,Noida Sector 18,Rajouri Garden,21.63,Morning Peak,Weekend,Rain,Medium,Inner Road,19.7,65.5,16.744999999999997,77.50373245745,Other,West,Other
TRIP_02026,Pitampura,AIIMS,17.0,Evening Peak,Weekend,Clear,Low,Main Road,37.0,29.8,31.45,32.432432432432435,North,Other,Other
TRIP_02027,Preet Vihar,Shahdara,3.56,Morning Peak,Weekday,Clear,Very High,Inner Road,8.0,26.5,6.8,31.411764705882355,Other,Other,Other
TRIP_02028,Punjabi Bagh,Shahdara,15.41,Morning Peak,Weekday,Heatwave,Very High,Main Road,10.4,93.0,8.84,104.59276018099547,West,Other,West Delhi
TRIP_02029,Nehru Place,Lajpat Nagar,2.8,Night,Weekday,Clear,Low,Inner Road,24.9,7.0,21.165,7.937632884479092,Other,Other,Other
TRIP_02030,Karol Bagh,Rajouri Garden,6.66,Afternoon,Weekday,Clear,Medium,Inner Road,26.9,15.0,22.865,17.476492455718347,Central,West,Central Delhi
TRIP_02031,AIIMS,Preet Vihar,11.51,Night,Weekday,Clear,Low,Main Road,33.8,20.8,28.729999999999997,24.037591367908114,Other,Other,Other
TRIP_02032,AIIMS,Nehru Place,4.68,Afternoon,Weekday,Clear,Very High,Main Road,11.6,25.4,9.86,28.47870182555781,Other,Other,Other
TRIP_02033,Vasant Kunj,Mayur Vihar,17.08,Morning Peak,Weekday,Heatwave,High,Main Road,19.1,54.9,16.235,63.122882660917774,South,Other,South Delhi
TRIP_02034,Connaught Place,Hauz Khas,9.27,Night,Weekday,Clear,Medium,Highway,45.7,12.7,38.845,14.318445102329772,Central,Other,Central Delhi
TRIP_02035,Nehru Place,Noida Sector 18,7.47,Afternoon,Weekday,Clear,Very High,Main Road,10.5,44.5,8.924999999999999,50.21848739495798,Other,Other,Other
TRIP_02036,Greater Kailash,Rajouri Garden,15.57,Afternoon,Weekday,Clear,Medium,Main Road,42.9,21.3,36.464999999999996,25.619086795557386,South,West,South Delhi
TRIP_02037,Dwarka,Chandni Chowk,19.18,Evening Peak,Weekday,Fog,Very High,Main Road,7.7,155.7,6.545,175.8288770053476,West,Central,West Delhi
TRIP_02038,Punjabi Bagh,Nehru Place,17.83,Afternoon,Weekend,Clear,Very High,Main Road,11.8,94.6,10.030000000000001,106.66001994017944,West,Other,West Delhi
TRIP_02039,Nehru Place,Vasant Kunj,9.97,Night,Weekday,Clear,Low,Main Road,48.3,13.5,41.055,14.570697844355134,Other,South,Other
TRIP_02040,Civil Lines,Lajpat Nagar,12.32,Evening Peak,Weekday,Clear,High,Inner Road,15.4,46.7,13.09,56.470588235294116,Other,Other,Other
TRIP_02041,Janakpuri,Pitampura,10.13,Afternoon,Weekday,Rain,High,Main Road,13.1,46.2,11.135,54.584643017512356,West,North,West Delhi
TRIP_02042,Rohini,Noida Sector 18,33.01,Afternoon,Weekday,Clear,Medium,Highway,58.9,34.7,50.065,39.560571257365424,North,Other,North Delhi
TRIP_02043,Nehru Place,Janakpuri,18.07,Evening Peak,Weekday,Clear,Very High,Main Road,10.3,108.2,8.755,123.83780696744716,Other,West,Other
TRIP_02044,Vasant Kunj,Hauz Khas,5.36,Evening Peak,Weekday,Clear,Very High,Main Road,13.3,24.6,11.305,28.44758956214065,South,Other,South Delhi
TRIP_02045,Punjabi Bagh,Saket,17.62,Morning Peak,Weekend,Fog,High,Highway,20.6,53.7,17.51,60.37692747001713,West,South,West Delhi
TRIP_02046,Lajpat Nagar,Pitampura,18.08,Morning Peak,Weekday,Clear,Very High,Main Road,13.9,78.1,11.815,91.81548878544223,Other,North,Other
TRIP_02047,IGI Airport,Model Town,19.83,Evening Peak,Weekday,Clear,High,Highway,43.3,28.0,36.805,32.32712946610515,Other,North,Other
TRIP_02048,Model Town,Greater Kailash,19.14,Evening Peak,Weekday,Fog,High,Highway,20.9,57.9,17.764999999999997,64.64396284829722,North,South,North Delhi
TRIP_02049,Greater Kailash,Karol Bagh,12.43,Afternoon,Weekday,Clear,Medium,Main Road,31.1,27.2,26.435000000000002,28.21259693588046,South,Central,South Delhi
TRIP_02050,Connaught Place,Hauz Khas,9.27,Night,Weekday,Clear,Low,Main Road,45.0,12.2,38.25,14.541176470588235,Central,Other,Central Delhi
TRIP_02051,Chandni Chowk,Kalkaji,12.95,Morning Peak,Weekday,Rain,Very High,Main Road,9.4,85.9,7.99,97.24655819774718,Central,South,Central Delhi
TRIP_02052,Kalkaji,Janakpuri,18.68,Night,Weekday,Clear,Medium,Main Road,25.6,45.0,21.76,51.507352941176464,South,West,South Delhi
TRIP_02053,Karol Bagh,Okhla,15.59,Afternoon,Weekday,Clear,Low,Highway,71.3,12.8,60.605,15.434370101476777,Central,Other,Central Delhi
TRIP_02054,Pitampura,AIIMS,17.0,Night,Weekday,Clear,Medium,Highway,61.7,17.1,52.445,19.448946515397083,North,Other,Other
TRIP_02055,Preet Vihar,Connaught Place,7.48,Evening Peak,Weekday,Heatwave,High,Inner Road,10.4,51.1,8.84,50.769230769230774,Other,Central,Other
TRIP_02056,Connaught Place,Saket,11.95,Evening Peak,Weekday,Clear,Medium,Main Road,29.1,25.2,24.735,28.987265009096422,Central,South,Central Delhi
TRIP_02057,Noida Sector 18,IGI Airport,22.12,Morning Peak,Weekday,Heatwave,Low,Inner Road,18.2,82.7,15.469999999999999,85.79185520361992,Other,Other,Other
TRIP_02058,Chandni Chowk,Hauz Khas,11.65,Morning Peak,Weekend,Clear,Low,Highway,84.2,8.7,71.57000000000001,9.76666200922174,Central,Other,Central Delhi
TRIP_02059,AIIMS,Rajouri Garden,12.31,Afternoon,Weekend,Rain,Medium,Main Road,20.8,37.1,17.68,41.776018099547514,Other,West,Other
TRIP_02060,Greater Kailash,Lajpat Nagar,2.6,Afternoon,Weekday,Clear,Medium,Inner Road,16.0,10.5,13.6,11.470588235294118,South,Other,South Delhi
TRIP_02061,Chandni Chowk,Punjabi Bagh,9.93,Evening Peak,Weekday,Clear,Medium,Highway,59.5,9.9,50.574999999999996,11.780523974295601,Central,West,Central Delhi
TRIP_02062,Vasant Kunj,Shahdara,21.4,Evening Peak,Weekday,Clear,Very High,Highway,18.7,71.4,15.895,80.78011953444478,South,Other,South Delhi
TRIP_02063,Civil Lines,Connaught Place,5.49,Morning Peak,Weekend,Heatwave,High,Main Road,26.2,13.1,22.27,14.79119892231702,Other,Central,Other
TRIP_02064,Rajouri Garden,Mayur Vihar,17.23,Evening Peak,Weekday,Heatwave,Very High,Main Road,10.4,101.3,8.84,116.94570135746608,West,Other,Other
TRIP_02065,Karol Bagh,IGI Airport,13.83,Evening Peak,Weekday,Clear,Medium,Main Road,36.5,22.7,31.025,26.746172441579375,Central,Other,Central Delhi
TRIP_02066,Preet Vihar,Greater Kailash,11.95,Night,Weekday,Heatwave,Medium,Highway,48.1,14.5,40.885,17.53699400758224,Other,South,Other
TRIP_02067,Lajpat Nagar,Mayur Vihar,7.45,Morning Peak,Weekend,Clear,High,Main Road,28.9,15.7,24.564999999999998,18.19662120903725,Other,Other,Other
TRIP_02068,Janakpuri,Noida Sector 18,23.96,Evening Peak,Weekday,Clear,High,Highway,29.1,51.8,24.735,58.1200727713766,West,Other,West Delhi
TRIP_02069,Hauz Khas,Civil Lines,14.76,Morning Peak,Weekday,Clear,Very High,Main Road,9.3,110.1,7.905,112.0303605313093,Other,Other,Other
TRIP_02070,Mayur Vihar,Model Town,15.05,Morning Peak,Weekend,Clear,Medium,Highway,68.5,13.0,58.225,15.508802060970373,Other,North,Other
TRIP_02071,Kalkaji,AIIMS,5.39,Morning Peak,Weekend,Heatwave,Very High,Main Road,13.4,24.9,11.39,28.393327480245826,South,Other,South Delhi
TRIP_02072,Civil Lines,Kalkaji,16.3,Morning Peak,Weekday,Clear,High,Main Road,27.3,36.8,23.205,42.14608920491274,Other,South,Other
TRIP_02073,Connaught Place,Janakpuri,12.63,Afternoon,Weekday,Rain,Low,Main Road,29.0,27.3,24.65,30.742393509127794,Central,West,Central Delhi
TRIP_02074,Kalkaji,Chandni Chowk,12.95,Morning Peak,Weekend,Clear,High,Highway,31.6,24.1,26.86,28.92777364110201,South,Central,South Delhi
TRIP_02075,Dwarka,Saket,17.4,Evening Peak,Weekend,Clear,Medium,Main Road,40.4,30.5,34.339999999999996,30.401863715783342,West,South,West Delhi
TRIP_02076,Chandni Chowk,Lajpat Nagar,8.98,Morning Peak,Weekday,Clear,High,Main Road,20.9,26.8,17.764999999999997,30.329299183788354,Central,Other,Central Delhi
TRIP_02077,Nehru Place,Saket,5.32,Evening Peak,Weekday,Clear,Very High,Inner Road,8.1,38.4,6.885,46.36165577342048,Other,South,Other
TRIP_02078,Vasant Kunj,Preet Vihar,18.93,Afternoon,Weekday,Clear,Low,Main Road,59.6,21.4,50.66,22.42005527043032,South,Other,South Delhi
TRIP_02079,Karol Bagh,Dwarka,15.59,Morning Peak,Weekday,Heatwave,High,Highway,36.2,25.5,30.770000000000003,30.399740006499833,Central,West,Central Delhi
TRIP_02080,Saket,Punjabi Bagh,17.62,Afternoon,Weekday,Heatwave,High,Highway,38.4,27.9,32.64,32.38970588235294,South,West,South Delhi
TRIP_02081,Mayur Vihar,Dwarka,24.43,Afternoon,Weekday,Heatwave,High,Highway,28.7,54.1,24.395,60.086083213773314,Other,West,Other
TRIP_02082,Connaught Place,Vasant Kunj,13.75,Afternoon,Weekday,Clear,Medium,Main Road,32.3,26.0,27.455,30.04917137133491,Central,South,Central Delhi
TRIP_02083,Janakpuri,AIIMS,13.39,Evening Peak,Weekday,Fog,High,Main Road,10.3,80.3,8.755,91.76470588235293,West,Other,West Delhi
TRIP_02084,Kalkaji,Connaught Place,11.2,Morning Peak,Weekday,Fog,Very High,Highway,11.2,71.3,9.52,70.58823529411765,South,Central,South Delhi
TRIP_02085,Janakpuri,Preet Vihar,20.09,Evening Peak,Weekday,Rain,Very High,Highway,12.3,104.4,10.455,115.29411764705883,West,Other,West Delhi
TRIP_02086,Janakpuri,Shahdara,20.44,Morning Peak,Weekday,Clear,Very High,Main Road,10.1,121.2,8.584999999999999,142.85381479324406,West,Other,West Delhi
TRIP_02087,AIIMS,Rajouri Garden,12.31,Evening Peak,Weekday,Rain,High,Main Road,13.8,55.7,11.73,62.96675191815857,Other,West,Other
TRIP_02088,IGI Airport,Saket,11.0,Evening Peak,Weekday,Rain,Medium,Main Road,18.1,37.4,15.385000000000002,42.898927526811825,Other,South,Other
TRIP_02089,Model Town,Shahdara,10.5,Afternoon,Weekday,Clear,Medium,Highway,50.5,15.0,42.925,14.676761793826444,North,Other,North Delhi
TRIP_02090,Punjabi Bagh,Shahdara,15.41,Afternoon,Weekday,Clear,Medium,Main Road,41.8,22.1,35.529999999999994,26.023079088094573,West,Other,West Delhi
TRIP_02091,Kalkaji,Dwarka,21.07,Night,Weekday,Heatwave,Medium,Main Road,25.4,54.8,21.59,58.55488652153775,South,West,South Delhi
TRIP_02092,Nehru Place,Mayur Vihar,8.28,Afternoon,Weekday,Clear,Low,Main Road,49.1,12.0,41.735,11.903677968132262,Other,Other,Other
TRIP_02093,AIIMS,IGI Airport,10.81,Morning Peak,Weekday,Clear,Very High,Main Road,13.3,48.7,11.305,57.37284387439187,Other,Other,Other
TRIP_02094,Dwarka,Punjabi Bagh,11.86,Night,Weekday,Clear,Low,Highway,61.5,11.4,52.275,13.612625538020085,West,West,West Delhi
TRIP_02095,Vasant Kunj,Saket,4.88,Evening Peak,Weekend,Heatwave,Low,Inner Road,34.1,8.4,28.985,10.101776781093669,South,South,South Delhi
TRIP_02096,Vasant Kunj,Mayur Vihar,17.08,Morning Peak,Weekday,Heatwave,High,Inner Road,10.8,96.3,9.18,111.63398692810458,South,Other,South Delhi
TRIP_02097,Saket,AIIMS,4.77,Evening Peak,Weekend,Clear,High,Highway,44.2,6.6,37.57,7.617780143731699,South,Other,South Delhi
TRIP_02098,IGI Airport,Connaught Place,14.14,Evening Peak,Weekday,Heatwave,Very High,Highway,21.1,41.5,17.935000000000002,47.30415388904377,Other,Central,Other
TRIP_02099,Punjabi Bagh,Dwarka,11.86,Night,Weekday,Fog,Low,Main Road,28.3,27.7,24.055,29.5822074412804,West,West,West Delhi
TRIP_02100,Preet Vihar,Okhla,12.45,Night,Weekday,Heatwave,Low,Highway,81.1,9.1,68.93499999999999,10.8362950605643,Other,Other,Other
TRIP_02101,Vasant Kunj,Chandni Chowk,16.27,Evening Peak,Weekday,Heatwave,Very High,Highway,17.7,56.8,15.044999999999998,64.88534396809571,South,Central,South Delhi
TRIP_02102,Vasant Kunj,Kalkaji,9.44,Morning Peak,Weekend,Clear,High,Main Road,23.2,29.0,19.72,28.722109533468558,South,South,South Delhi
TRIP_02103,Karol Bagh,Greater Kailash,12.43,Afternoon,Weekday,Heatwave,Medium,Main Road,43.3,19.1,36.805,20.263551147941854,Central,South,Central Delhi
TRIP_02104,Punjabi Bagh,Civil Lines,9.27,Evening Peak,Weekday,Clear,Very High,Main Road,13.6,42.2,11.559999999999999,48.11418685121107,West,Other,West Delhi
TRIP_02105,Nehru Place,Rohini,29.42,Afternoon,Weekend,Heatwave,Low,Highway,80.1,23.2,68.085,25.92641551002424,Other,North,Other
TRIP_02106,Chandni Chowk,Connaught Place,2.54,Afternoon,Weekday,Clear,Very High,Inner Road,8.2,19.4,6.969999999999999,21.865136298421813,Central,Central,Central Delhi
TRIP_02107,Pitampura,Karol Bagh,8.11,Afternoon,Weekday,Fog,Medium,Main Road,16.8,29.3,14.28,34.07563025210084,North,Central,Other
TRIP_02108,Shahdara,Connaught Place,8.44,Morning Peak,Weekend,Clear,Medium,Highway,50.8,10.1,43.18,11.727651690597499,Other,Central,Other
TRIP_02109,Okhla,Civil Lines,17.22,Morning Peak,Weekday,Heatwave,Medium,Highway,60.3,17.3,51.254999999999995,20.158033362598772,Other,Other,Other
TRIP_02110,Rajouri Garden,Janakpuri,4.38,Afternoon,Weekend,Rain,Medium,Main Road,21.8,12.2,18.53,14.182406907717214,West,West,Other
TRIP_02111,Connaught Place,Greater Kailash,9.57,Night,Weekend,Clear,High,Main Road,23.5,25.4,19.974999999999998,28.745932415519402,Central,South,Central Delhi
TRIP_02112,Okhla,Dwarka,23.01,Morning Peak,Weekend,Clear,High,Highway,34.1,41.2,28.985,47.631533551837165,Other,West,Other
TRIP_02113,Preet Vihar,Janakpuri,20.09,Afternoon,Weekend,Clear,High,Main Road,30.9,39.0,26.264999999999997,45.89377498572245,Other,West,Other
TRIP_02114,Hauz Khas,Punjabi Bagh,14.84,Evening Peak,Weekday,Heatwave,Very High,Main Road,8.6,109.4,7.31,121.80574555403557,Other,West,Other
TRIP_02115,IGI Airport,Kalkaji,15.01,Evening Peak,Weekday,Clear,High,Highway,33.6,26.4,28.56,31.53361344537815,Other,South,Other
TRIP_02116,Chandni Chowk,Rohini,20.26,Evening Peak,Weekday,Clear,High,Highway,38.8,32.0,32.98,36.85870224378412,Central,North,Central Delhi
TRIP_02117,Dwarka,Noida Sector 18,27.45,Evening Peak,Weekend,Clear,High,Highway,32.7,57.5,27.795,59.255261737722606,West,Other,West Delhi
TRIP_02118,Karol Bagh,Lajpat Nagar,10.19,Morning Peak,Weekday,Clear,High,Highway,38.6,16.2,32.81,18.634562633343492,Central,Other,Central Delhi
TRIP_02119,Hauz Khas,Okhla,7.23,Morning Peak,Weekday,Fog,High,Main Road,10.3,41.5,8.755,49.54882924043404,Other,Other,Other
TRIP_02120,Chandni Chowk,AIIMS,9.5,Afternoon,Weekday,Heatwave,Medium,Main Road,34.0,17.3,28.9,19.723183391003463,Central,Other,Central Delhi
TRIP_02121,IGI Airport,Preet Vihar,21.04,Afternoon,Weekday,Clear,Medium,Highway,53.9,24.5,45.815,27.554294445050747,Other,Other,Other
TRIP_02122,Preet Vihar,Noida Sector 18,8.57,Evening Peak,Weekday,Clear,High,Main Road,24.8,21.0,21.08,24.392789373814047,Other,Other,Other
TRIP_02123,Okhla,Rajouri Garden,19.41,Afternoon,Weekday,Heatwave,Low,Highway,77.7,14.9,66.045,17.63343175107881,Other,West,Other
TRIP_02124,Noida Sector 18,Chandni Chowk,12.9,Evening Peak,Weekday,Heatwave,High,Highway,36.3,20.8,30.854999999999997,25.085075352455036,Other,Central,Other
TRIP_02125,Saket,Civil Lines,17.43,Morning Peak,Weekday,Clear,Very High,Highway,21.1,51.5,17.935000000000002,58.31056593253414,South,Other,South Delhi
TRIP_02126,Nehru Place,Chandni Chowk,11.5,Night,Weekday,Clear,Medium,Main Road,32.7,21.1,27.795,24.8246087425796,Other,Central,Other
TRIP_02127,Preet Vihar,Noida Sector 18,8.57,Morning Peak,Weekday,Clear,High,Main Road,25.3,23.7,21.505,23.91071843757266,Other,Other,Other
TRIP_02128,Model Town,Nehru Place,19.38,Evening Peak,Weekend,Clear,Low,Inner Road,29.0,42.3,24.65,47.17241379310345,North,Other,North Delhi
TRIP_02129,Noida Sector 18,Nehru Place,7.47,Morning Peak,Weekend,Rain,Medium,Main Road,24.8,18.3,21.08,21.261859582542694,Other,Other,Other
TRIP_02130,Rohini,Chandni Chowk,20.26,Afternoon,Weekend,Heatwave,Medium,Highway,50.2,25.0,42.67,28.488399343801266,North,Central,North Delhi
TRIP_02131,Rajouri Garden,Mayur Vihar,17.23,Evening Peak,Weekday,Clear,Very High,Highway,17.2,58.8,14.62,70.71135430916553,West,Other,Other
TRIP_02132,Vasant Kunj,Connaught Place,13.75,Night,Weekday,Clear,Medium,Highway,59.3,13.8,50.404999999999994,16.367423866679893,South,Central,South Delhi
TRIP_02133,Preet Vihar,AIIMS,11.51,Evening Peak,Weekday,Clear,Very High,Highway,19.9,35.4,16.915,40.82766775051729,Other,Other,Other
TRIP_02134,Okhla,IGI Airport,16.94,Morning Peak,Weekend,Fog,Low,Main Road,31.3,34.3,26.605,38.203345235857924,Other,Other,Other
TRIP_02135,Model Town,Rajouri Garden,10.2,Morning Peak,Weekday,Rain,High,Main Road,15.8,37.8,13.43,45.56962025316455,North,West,North Delhi
TRIP_02136,Rohini,AIIMS,25.2,Morning Peak,Weekend,Heatwave,Low,Main Road,40.2,36.7,34.17,44.24934152765583,North,Other,North Delhi
TRIP_02137,Kalkaji,Rajouri Garden,17.69,Evening Peak,Weekday,Clear,Very High,Highway,16.5,62.8,14.025,75.67914438502675,South,West,South Delhi
TRIP_02138,Nehru Place,Vasant Kunj,9.97,Afternoon,Weekend,Clear,Low,Main Road,38.1,16.2,32.385,18.471514590088006,Other,South,Other
TRIP_02139,Rajouri Garden,Preet Vihar,16.6,Morning Peak,Weekday,Heatwave,Low,Inner Road,35.3,28.4,30.004999999999995,33.19446758873522,West,Other,Other
TRIP_02140,Connaught Place,Dwarka,17.23,Evening Peak,Weekday,Fog,High,Main Road,15.0,72.8,12.75,81.08235294117647,Central,West,Central Delhi
TRIP_02141,Preet Vihar,Hauz Khas,13.62,Morning Peak,Weekday,Fog,Very High,Main Road,5.1,166.0,4.335,188.51211072664358,Other,Other,Other
TRIP_02142,Karol Bagh,Lajpat Nagar,10.19,Evening Peak,Weekday,Heatwave,Very High,Main Road,12.7,52.4,10.795,56.63733209819361,Central,Other,Central Delhi
TRIP_02143,Rajouri Garden,Karol Bagh,6.66,Afternoon,Weekend,Clear,Medium,Main Road,43.5,9.5,36.975,10.807302231237323,West,Central,Other
TRIP_02144,Janakpuri,Pitampura,10.13,Morning Peak,Weekday,Clear,Very High,Main Road,14.7,43.4,12.495,48.64345738295319,West,North,West Delhi
TRIP_02145,Kalkaji,Connaught Place,11.2,Evening Peak,Weekday,Clear,High,Main Road,20.8,32.0,17.68,38.009049773755656,South,Central,South Delhi
TRIP_02146,Greater Kailash,Rohini,28.43,Afternoon,Weekday,Rain,Low,Highway,45.1,37.2,38.335,44.497195774096774,South,North,South Delhi
TRIP_02147,Rajouri Garden,Kalkaji,17.69,Night,Weekday,Fog,High,Highway,22.0,50.1,18.7,56.75935828877006,West,South,Other
TRIP_02148,Nehru Place,IGI Airport,14.99,Evening Peak,Weekday,Clear,High,Main Road,20.2,44.8,17.169999999999998,52.38206173558533,Other,Other,Other
TRIP_02149,Lajpat Nagar,Karol Bagh,10.19,Night,Weekday,Fog,Low,Highway,49.4,12.7,41.989999999999995,14.560609668968803,Other,Central,Other
TRIP_02150,Mayur Vihar,Vasant Kunj,17.08,Morning Peak,Weekday,Clear,Medium,Main Road,28.7,37.2,24.395,42.00860832137733,Other,South,Other
TRIP_02151,Saket,Okhla,6.33,Night,Weekday,Heatwave,Medium,Main Road,26.8,14.0,22.78,16.672519754170324,South,Other,South Delhi
TRIP_02152,Pitampura,Model Town,5.98,Morning Peak,Weekend,Clear,Medium,Main Road,40.1,10.0,34.085,10.526624614933255,North,North,Other
TRIP_02153,Model Town,AIIMS,16.52,Evening Peak,Weekday,Fog,High,Main Road,16.3,62.3,13.855,71.54095994225911,North,Other,North Delhi
TRIP_02154,IGI Airport,Dwarka,6.61,Evening Peak,Weekend,Clear,Very High,Main Road,12.0,34.5,10.2,38.88235294117647,Other,West,Other
TRIP_02155,Nehru Place,Kalkaji,1.51,Afternoon,Weekday,Clear,Medium,Inner Road,25.2,3.8,21.419999999999998,4.229691876750701,Other,South,Other
TRIP_02156,Karol Bagh,Hauz Khas,11.44,Evening Peak,Weekday,Clear,Very High,Main Road,14.6,47.9,12.41,55.310233682514095,Central,Other,Central Delhi
TRIP_02157,Hauz Khas,Kalkaji,5.29,Evening Peak,Weekday,Fog,Very High,Main Road,6.1,51.4,5.185,61.215043394406955,Other,South,Other
TRIP_02158,Rohini,Civil Lines,18.15,Afternoon,Weekday,Clear,High,Highway,41.9,26.8,35.614999999999995,30.577004071318264,North,Other,North Delhi
TRIP_02159,Pitampura,AIIMS,17.0,Morning Peak,Weekday,Fog,High,Highway,20.6,58.6,17.51,58.252427184466015,North,Other,Other
TRIP_02160,Lajpat Nagar,Preet Vihar,9.58,Afternoon,Weekday,Heatwave,Low,Main Road,42.3,14.2,35.955,15.986649979140594,Other,Other,Other
TRIP_02161,Mayur Vihar,Okhla,9.53,Evening Peak,Weekday,Clear,High,Inner Road,13.0,45.2,11.049999999999999,51.74660633484163,Other,Other,Other
TRIP_02162,IGI Airport,Lajpat Nagar,13.5,Morning Peak,Weekend,Clear,Medium,Highway,49.0,16.1,41.65,19.44777911164466,Other,Other,Other
TRIP_02163,Lajpat Nagar,Connaught Place,7.13,Afternoon,Weekend,Clear,High,Inner Road,8.4,50.5,7.14,59.91596638655462,Other,Central,Other
TRIP_02164,Pitampura,Shahdara,15.65,Afternoon,Weekday,Clear,High,Main Road,25.0,39.6,21.25,44.188235294117646,North,Other,Other
TRIP_02165,Punjabi Bagh,AIIMS,13.63,Evening Peak,Weekday,Clear,High,Highway,31.6,27.4,26.86,30.446760982874167,West,Other,West Delhi
TRIP_02166,Rohini,Karol Bagh,16.99,Evening Peak,Weekend,Fog,Medium,Inner Road,13.4,78.8,11.39,89.4995610184372,North,Central,North Delhi
TRIP_02167,Vasant Kunj,AIIMS,7.41,Morning Peak,Weekday,Fog,High,Main Road,12.1,36.9,10.285,43.22800194457949,South,Other,South Delhi
TRIP_02168,Saket,IGI Airport,11.0,Evening Peak,Weekday,Clear,Very High,Main Road,13.1,53.2,11.135,59.272563987427034,South,Other,South Delhi
TRIP_02169,Janakpuri,Karol Bagh,10.56,Evening Peak,Weekday,Fog,Medium,Main Road,17.1,37.2,14.535,43.591331269349844,West,Central,West Delhi
TRIP_02170,Saket,Vasant Kunj,4.88,Evening Peak,Weekday,Clear,High,Main Road,20.8,14.3,17.68,16.56108597285068,South,South,South Delhi
TRIP_02171,IGI Airport,Greater Kailash,13.13,Morning Peak,Weekday,Clear,High,Highway,36.1,22.3,30.685,25.67378197816523,Other,South,Other
TRIP_02172,AIIMS,Janakpuri,13.39,Morning Peak,Weekend,Clear,Medium,Highway,61.3,13.6,52.105,15.418865751847232,Other,West,Other
TRIP_02173,Dwarka,Shahdara,25.37,Evening Peak,Weekday,Clear,High,Main Road,31.4,50.4,26.689999999999998,57.032596478081686,West,Other,West Delhi
TRIP_02174,AIIMS,Hauz Khas,2.2,Afternoon,Weekend,Clear,Medium,Main Road,42.4,3.3,36.04,3.662597114317425,Other,Other,Other
TRIP_02175,Vasant Kunj,Pitampura,20.67,Evening Peak,Weekend,Clear,High,Main Road,30.1,43.1,25.585,48.47371506742232,South,North,South Delhi
TRIP_02176,Pitampura,AIIMS,17.0,Morning Peak,Weekday,Clear,High,Main Road,28.6,37.3,24.310000000000002,41.95804195804195,North,Other,Other
TRIP_02177,Chandni Chowk,Dwarka,19.18,Night,Weekday,Clear,High,Main Road,22.3,52.0,18.955000000000002,60.71221313637562,Central,West,Central Delhi
TRIP_02178,Civil Lines,Hauz Khas,14.76,Evening Peak,Weekend,Fog,High,Main Road,12.3,75.7,10.455,84.70588235294117,Other,Other,Other
TRIP_02179,Lajpat Nagar,Mayur Vihar,7.45,Evening Peak,Weekday,Heatwave,Very High,Main Road,13.4,36.9,11.39,39.24495171202809,Other,Other,Other
TRIP_02180,Dwarka,IGI Airport,6.61,Morning Peak,Weekend,Rain,High,Main Road,16.7,24.0,14.194999999999999,27.93941528707292,West,Other,West Delhi
TRIP_02181,Janakpuri,Saket,15.88,Evening Peak,Weekday,Clear,High,Inner Road,8.8,122.7,7.48,127.37967914438502,West,South,West Delhi
TRIP_02182,Chandni Chowk,Model Town,8.08,Morning Peak,Weekday,Fog,Medium,Main Road,15.9,30.1,13.515,35.87125416204217,Central,North,Central Delhi
TRIP_02183,Model Town,Rajouri Garden,10.2,Morning Peak,Weekend,Clear,Low,Main Road,37.0,17.7,31.45,19.459459459459456,North,West,North Delhi
TRIP_02184,Punjabi Bagh,Civil Lines,9.27,Afternoon,Weekend,Rain,Low,Highway,54.9,10.0,46.665,11.918997107039537,West,Other,West Delhi
TRIP_02185,Nehru Place,Preet Vihar,10.93,Morning Peak,Weekday,Fog,High,Main Road,10.4,64.6,8.84,74.18552036199095,Other,Other,Other
TRIP_02186,Mayur Vihar,Karol Bagh,11.04,Evening Peak,Weekday,Rain,Very High,Inner Road,5.8,116.1,4.93,134.36105476673427,Other,Central,Other
TRIP_02187,Model Town,Shahdara,10.5,Evening Peak,Weekday,Clear,Very High,Main Road,13.1,49.5,11.135,56.578356533453075,North,Other,North Delhi
TRIP_02188,IGI Airport,Rajouri Garden,10.32,Morning Peak,Weekday,Rain,Medium,Main Road,32.0,19.2,27.2,22.764705882352942,Other,West,Other
TRIP_02189,Okhla,Mayur Vihar,9.53,Night,Weekend,Clear,Low,Main Road,54.1,10.9,45.985,12.434489507448081,Other,Other,Other
TRIP_02190,Okhla,Preet Vihar,12.45,Night,Weekday,Rain,Medium,Main Road,18.9,39.5,16.064999999999998,46.49859943977591,Other,Other,Other
TRIP_02191,Chandni Chowk,Greater Kailash,11.55,Evening Peak,Weekday,Clear,Very High,Main Road,11.3,62.7,9.605,72.14992191566893,Central,South,Central Delhi
TRIP_02192,Karol Bagh,Civil Lines,4.62,Morning Peak,Weekday,Clear,High,Main Road,25.1,11.6,21.335,12.99273494258261,Central,Other,Central Delhi
TRIP_02193,Connaught Place,Greater Kailash,9.57,Afternoon,Weekday,Heatwave,Medium,Main Road,43.4,13.1,36.89,15.56519381946327,Central,South,Central Delhi
TRIP_02194,Civil Lines,Hauz Khas,14.76,Morning Peak,Weekend,Fog,Medium,Highway,28.0,33.4,23.8,37.21008403361345,Other,Other,Other
TRIP_02195,Kalkaji,Mayur Vihar,9.67,Afternoon,Weekday,Fog,Low,Main Road,30.5,19.8,25.925,22.379942140790742,South,Other,South Delhi
TRIP_02196,Chandni Chowk,Lajpat Nagar,8.98,Evening Peak,Weekday,Fog,Very High,Highway,8.9,65.5,7.565,71.22273628552544,Central,Other,Central Delhi
TRIP_02197,Preet Vihar,Karol Bagh,10.02,Night,Weekday,Fog,Medium,Highway,28.5,23.5,24.224999999999998,24.817337461300312,Other,Central,Other
TRIP_02198,Chandni Chowk,Rajouri Garden,10.59,Afternoon,Weekday,Heatwave,Medium,Main Road,35.3,18.7,30.004999999999995,21.176470588235297,Central,West,Central Delhi
TRIP_02199,Noida Sector 18,Karol Bagh,16.06,Morning Peak,Weekday,Rain,Very High,Main Road,7.2,139.0,6.12,157.45098039215685,Other,Central,Other
TRIP_02200,Rajouri Garden,Saket,15.91,Morning Peak,Weekday,Clear,High,Inner Road,20.3,48.0,17.255,55.323094755143444,West,South,Other
TRIP_02201,Kalkaji,Rohini,30.48,Afternoon,Weekday,Fog,High,Highway,17.9,108.0,15.214999999999998,120.19717384160371,South,North,South Delhi
TRIP_02202,Nehru Place,IGI Airport,14.99,Morning Peak,Weekend,Clear,High,Main Road,27.4,32.4,23.29,38.61743237440962,Other,Other,Other
TRIP_02203,Chandni Chowk,Okhla,13.88,Afternoon,Weekend,Clear,Low,Highway,75.9,11.0,64.515,12.908625900953266,Central,Other,Central Delhi
TRIP_02204,Punjabi Bagh,Preet Vihar,16.03,Morning Peak,Weekday,Clear,Very High,Highway,19.8,48.9,16.830000000000002,57.14795008912656,West,Other,West Delhi
TRIP_02205,Vasant Kunj,Hauz Khas,5.36,Evening Peak,Weekday,Clear,Very High,Main Road,13.0,26.1,11.049999999999999,29.10407239819005,South,Other,South Delhi
TRIP_02206,IGI Airport,Nehru Place,14.99,Morning Peak,Weekday,Heatwave,Low,Main Road,46.3,20.2,39.355,22.853512895438953,Other,Other,Other
TRIP_02207,Dwarka,Saket,17.4,Morning Peak,Weekday,Clear,High,Highway,44.2,24.1,37.57,27.78812882619111,West,South,West Delhi
TRIP_02208,Chandni Chowk,Noida Sector 18,12.9,Evening Peak,Weekend,Rain,Medium,Highway,36.2,22.4,30.770000000000003,25.15437114072148,Central,Other,Central Delhi
TRIP_02209,IGI Airport,Lajpat Nagar,13.5,Afternoon,Weekday,Rain,High,Main Road,14.9,58.3,12.665,63.955783655744185,Other,Other,Other
TRIP_02210,IGI Airport,Okhla,16.94,Afternoon,Weekday,Heatwave,High,Highway,29.5,36.4,25.075,40.53439680957129,Other,Other,Other
TRIP_02211,AIIMS,Saket,4.77,Afternoon,Weekend,Clear,Medium,Inner Road,29.0,10.1,24.65,11.610547667342798,Other,South,Other
TRIP_02212,Chandni Chowk,Noida Sector 18,12.9,Night,Weekday,Fog,Low,Main Road,25.7,31.5,21.845,35.43144884412909,Central,Other,Central Delhi
TRIP_02213,Mayur Vihar,Saket,13.17,Afternoon,Weekend,Clear,High,Highway,43.2,21.3,36.72,21.519607843137255,Other,South,Other
TRIP_02214,Lajpat Nagar,Janakpuri,15.7,Evening Peak,Weekday,Rain,Very High,Main Road,7.6,123.6,6.46,145.8204334365325,Other,West,Other
TRIP_02215,Mayur Vihar,Preet Vihar,3.05,Afternoon,Weekday,Clear,Low,Inner Road,34.5,5.2,29.325,6.240409207161125,Other,Other,Other
TRIP_02216,Kalkaji,Nehru Place,1.51,Morning Peak,Weekday,Clear,High,Main Road,22.4,4.6,19.04,4.758403361344539,South,Other,South Delhi
TRIP_02217,Rohini,Greater Kailash,28.43,Night,Weekday,Rain,Medium,Highway,45.7,41.4,38.845,43.912987514480626,North,South,North Delhi
TRIP_02218,Lajpat Nagar,Model Town,16.71,Afternoon,Weekday,Clear,High,Main Road,17.8,56.8,15.13,66.26569729015202,Other,North,Other
TRIP_02219,Punjabi Bagh,Kalkaji,18.89,Morning Peak,Weekday,Heatwave,High,Highway,29.2,39.7,24.82,45.66478646253022,West,South,West Delhi
TRIP_02220,Connaught Place,Punjabi Bagh,9.3,Morning Peak,Weekend,Heatwave,High,Main Road,20.7,28.4,17.595,31.713554987212277,Central,West,Central Delhi
TRIP_02221,Saket,Kalkaji,4.6,Evening Peak,Weekday,Clear,Very High,Inner Road,9.1,30.0,7.734999999999999,35.6819650937298,South,South,South Delhi
TRIP_02222,AIIMS,Janakpuri,13.39,Evening Peak,Weekday,Clear,Medium,Main Road,42.9,18.9,36.464999999999996,22.03208556149733,Other,West,Other
TRIP_02223,Pitampura,Mayur Vihar,18.76,Morning Peak,Weekday,Clear,High,Main Road,22.8,50.4,19.38,58.08049535603716,North,Other,Other
TRIP_02224,Model Town,Punjabi Bagh,7.93,Morning Peak,Weekday,Rain,High,Main Road,14.2,35.4,12.069999999999999,39.420049710024855,North,West,North Delhi
TRIP_02225,Rohini,Okhla,32.09,Evening Peak,Weekday,Clear,Very High,Highway,21.0,93.6,17.849999999999998,107.86554621848742,North,Other,North Delhi
TRIP_02226,Dwarka,Civil Lines,20.04,Afternoon,Weekday,Clear,Low,Highway,76.1,16.3,64.68499999999999,18.58854448481101,West,Other,West Delhi
TRIP_02227,Preet Vihar,Rajouri Garden,16.6,Evening Peak,Weekend,Heatwave,High,Highway,36.1,27.3,30.685,32.458856118624745,Other,West,Other
TRIP_02228,Preet Vihar,Dwarka,24.67,Morning Peak,Weekday,Clear,Low,Main Road,47.5,31.0,40.375,36.66130030959753,Other,West,Other
TRIP_02229,Okhla,Hauz Khas,7.23,Evening Peak,Weekend,Heatwave,Low,Main Road,50.5,8.4,42.925,10.105998835177635,Other,Other,Other
TRIP_02230,Noida Sector 18,Pitampura,24.06,Afternoon,Weekday,Clear,Medium,Highway,55.3,27.0,47.004999999999995,30.71162642272099,Other,North,Other
TRIP_02231,AIIMS,Connaught Place,7.18,Afternoon,Weekday,Clear,Medium,Main Road,36.5,13.4,31.025,13.885576148267527,Other,Central,Other
TRIP_02232,IGI Airport,Preet Vihar,21.04,Morning Peak,Weekend,Heatwave,High,Highway,33.2,39.7,28.220000000000002,44.73423104181431,Other,Other,Other
TRIP_02233,Model Town,Saket,21.24,Morning Peak,Weekday,Rain,Low,Inner Road,14.0,89.6,11.9,107.0924369747899,North,South,North Delhi
TRIP_02234,Model Town,Janakpuri,14.54,Evening Peak,Weekday,Clear,Very High,Main Road,15.1,64.6,12.834999999999999,67.9703934553954,North,West,North Delhi
TRIP_02235,Civil Lines,Punjabi Bagh,9.27,Morning Peak,Weekend,Clear,High,Inner Road,16.9,33.1,14.364999999999998,38.71910894535329,Other,West,Other
TRIP_02236,Lajpat Nagar,Karol Bagh,10.19,Afternoon,Weekday,Clear,High,Main Road,20.7,30.8,17.595,34.74850809889173,Other,Central,Other
TRIP_02237,Punjabi Bagh,Janakpuri,6.67,Night,Weekday,Clear,Low,Inner Road,23.9,17.3,20.314999999999998,19.699729264090575,West,West,West Delhi
TRIP_02238,Janakpuri,Civil Lines,14.89,Morning Peak,Weekday,Fog,Very High,Main Road,5.0,175.0,4.25,210.2117647058824,West,Other,West Delhi
TRIP_02239,Lajpat Nagar,Rajouri Garden,14.1,Afternoon,Weekend,Clear,Medium,Main Road,28.3,29.2,24.055,35.1694034504261,Other,West,Other
TRIP_02240,Nehru Place,Kalkaji,1.51,Evening Peak,Weekend,Fog,Very High,Inner Road,5.0,18.9,4.25,21.31764705882353,Other,South,Other
TRIP_02241,Janakpuri,Nehru Place,18.07,Night,Weekday,Heatwave,Medium,Highway,59.5,18.1,50.574999999999996,21.43746910528918,West,Other,West Delhi
TRIP_02242,Janakpuri,Civil Lines,14.89,Morning Peak,Weekday,Clear,High,Highway,40.4,23.2,34.339999999999996,26.016307513104255,West,Other,West Delhi
TRIP_02243,Punjabi Bagh,Mayur Vihar,17.1,Afternoon,Weekend,Clear,High,Inner Road,10.5,99.5,8.924999999999999,114.95798319327733,West,Other,West Delhi
TRIP_02244,Janakpuri,Preet Vihar,20.09,Evening Peak,Weekend,Fog,Very High,Main Road,7.7,161.9,6.545,184.1711229946524,West,Other,West Delhi
TRIP_02245,Dwarka,Punjabi Bagh,11.86,Afternoon,Weekend,Clear,High,Main Road,27.6,26.8,23.46,30.33248081841432,West,West,West Delhi
TRIP_02246,Lajpat Nagar,Kalkaji,4.08,Evening Peak,Weekend,Fog,Medium,Inner Road,10.8,23.8,9.18,26.666666666666668,Other,South,Other
TRIP_02247,Saket,Nehru Place,5.32,Morning Peak,Weekday,Clear,High,Main Road,28.7,11.6,24.395,13.08464849354376,South,Other,South Delhi
TRIP_02248,Nehru Place,Saket,5.32,Afternoon,Weekday,Heatwave,Very High,Main Road,14.3,22.2,12.155000000000001,26.260798025503906,Other,South,Other
TRIP_02249,Pitampura,Kalkaji,22.07,Evening Peak,Weekday,Clear,Very High,Highway,22.2,63.0,18.869999999999997,70.17488076311606,North,South,Other
TRIP_02250,Saket,Rohini,29.0,Evening Peak,Weekend,Heatwave,Medium,Main Road,29.9,57.3,25.415,68.46350580365926,South,North,South Delhi
TRIP_02251,Civil Lines,IGI Airport,18.43,Morning Peak,Weekday,Clear,Medium,Highway,54.9,21.0,46.665,23.696560591449696,Other,Other,Other
TRIP_02252,Chandni Chowk,Karol Bagh,3.94,Afternoon,Weekday,Clear,Medium,Inner Road,16.5,14.7,14.025,16.855614973262032,Central,Central,Central Delhi
TRIP_02253,Karol Bagh,Vasant Kunj,15.08,Morning Peak,Weekend,Clear,High,Main Road,27.6,32.9,23.46,38.56777493606138,Central,South,Central Delhi
TRIP_02254,Shahdara,Civil Lines,6.29,Evening Peak,Weekend,Clear,High,Main Road,19.0,19.7,16.15,23.368421052631582,Other,Other,Other
TRIP_02255,Dwarka,Civil Lines,20.04,Morning Peak,Weekday,Clear,Medium,Main Road,42.1,29.7,35.785000000000004,33.6006706720693,West,Other,West Delhi
TRIP_02256,Saket,Rohini,29.0,Morning Peak,Weekday,Clear,Medium,Highway,52.1,34.6,44.285,39.29095630574687,South,North,South Delhi
TRIP_02257,Rajouri Garden,Saket,15.91,Morning Peak,Weekend,Clear,High,Main Road,28.9,32.6,24.564999999999998,38.8601669041319,West,South,Other
TRIP_02258,Nehru Place,Karol Bagh,12.97,Evening Peak,Weekday,Clear,Very High,Inner Road,9.8,87.5,8.33,93.42136854741898,Other,Central,Other
TRIP_02259,Saket,Mayur Vihar,13.17,Night,Weekday,Heatwave,Medium,Main Road,37.4,21.7,31.79,24.85687323057565,South,Other,South Delhi
TRIP_02260,Rajouri Garden,Punjabi Bagh,2.52,Evening Peak,Weekday,Fog,Very High,Inner Road,5.0,29.4,4.25,35.57647058823529,West,West,Other
TRIP_02261,AIIMS,Model Town,16.52,Evening Peak,Weekday,Heatwave,High,Inner Road,14.9,68.0,12.665,78.26292933280695,Other,North,Other
TRIP_02262,Hauz Khas,Mayur Vihar,11.72,Night,Weekday,Clear,Medium,Highway,57.9,12.5,49.214999999999996,14.288326729655594,Other,Other,Other
TRIP_02263,Mayur Vihar,IGI Airport,20.09,Evening Peak,Weekday,Fog,High,Main Road,15.2,80.5,12.92,93.29721362229103,Other,Other,Other
TRIP_02264,Janakpuri,Rajouri Garden,4.38,Evening Peak,Weekday,Clear,Very High,Inner Road,8.4,30.6,7.14,36.806722689075634,West,West,West Delhi
TRIP_02265,Connaught Place,AIIMS,7.18,Morning Peak,Weekend,Clear,Low,Main Road,54.0,8.1,45.9,9.38562091503268,Central,Other,Central Delhi
TRIP_02266,Rohini,IGI Airport,21.91,Evening Peak,Weekday,Heatwave,Very High,Main Road,14.1,91.7,11.985,109.68710888610765,North,Other,North Delhi
TRIP_02267,Hauz Khas,Saket,2.85,Afternoon,Weekday,Clear,Medium,Highway,50.9,3.4,43.265,3.952386455564544,Other,South,Other
TRIP_02268,Chandni Chowk,Rohini,20.26,Evening Peak,Weekday,Clear,Very High,Main Road,14.4,87.9,12.24,99.31372549019609,Central,North,Central Delhi
TRIP_02269,Noida Sector 18,Hauz Khas,12.51,Afternoon,Weekday,Clear,Medium,Highway,47.0,16.8,39.949999999999996,18.788485607008763,Other,Other,Other
TRIP_02270,Janakpuri,Vasant Kunj,13.24,Evening Peak,Weekday,Heatwave,High,Highway,29.9,25.9,25.415,31.257131615187884,West,South,West Delhi
TRIP_02271,Karol Bagh,Model Town,7.02,Morning Peak,Weekday,Heatwave,High,Main Road,25.7,16.5,21.845,19.2813000686656,Central,North,Central Delhi
TRIP_02272,Rajouri Garden,Shahdara,16.5,Morning Peak,Weekday,Rain,High,Main Road,17.7,54.8,15.044999999999998,65.80259222333001,West,Other,Other
TRIP_02273,Saket,Preet Vihar,15.46,Afternoon,Weekend,Fog,High,Main Road,15.0,64.1,12.75,72.7529411764706,South,Other,South Delhi
TRIP_02274,Dwarka,Lajpat Nagar,18.84,Afternoon,Weekday,Clear,High,Highway,37.7,30.8,32.045,35.27539397721954,West,Other,West Delhi
TRIP_02275,Nehru Place,Lajpat Nagar,2.8,Afternoon,Weekday,Clear,High,Inner Road,9.1,18.3,7.734999999999999,21.71945701357466,Other,Other,Other
TRIP_02276,Janakpuri,Chandni Chowk,14.33,Evening Peak,Weekday,Heatwave,High,Highway,39.4,21.9,33.489999999999995,25.673335323977312,West,Central,West Delhi
TRIP_02277,Lajpat Nagar,Vasant Kunj,9.65,Evening Peak,Weekday,Fog,Very High,Main Road,7.8,82.1,6.63,87.33031674208146,Other,South,Other
TRIP_02278,Pitampura,Shahdara,15.65,Morning Peak,Weekday,Clear,Very High,Main Road,11.8,77.8,10.030000000000001,93.61914257228315,North,Other,Other
TRIP_02279,Rohini,Noida Sector 18,33.01,Afternoon,Weekday,Clear,High,Main Road,21.8,89.3,18.53,106.88613059902859,North,Other,North Delhi
TRIP_02280,Janakpuri,Punjabi Bagh,6.67,Morning Peak,Weekend,Fog,Very High,Main Road,5.3,78.2,4.505,88.834628190899,West,West,West Delhi
TRIP_02281,Pitampura,Rajouri Garden,6.43,Evening Peak,Weekday,Rain,Very High,Main Road,8.3,45.4,7.055000000000001,54.684620836286314,North,West,Other
TRIP_02282,Dwarka,Preet Vihar,24.67,Evening Peak,Weekday,Rain,Very High,Highway,12.2,121.9,10.37,142.7386692381871,West,Other,West Delhi
TRIP_02283,Mayur Vihar,Saket,13.17,Afternoon,Weekday,Rain,Medium,Main Road,24.4,32.3,20.74,38.10028929604629,Other,South,Other
TRIP_02284,Model Town,Dwarka,19.78,Evening Peak,Weekend,Heatwave,High,Main Road,16.6,70.6,14.110000000000001,84.11055988660524,North,West,North Delhi
TRIP_02285,Shahdara,Rohini,24.21,Morning Peak,Weekday,Clear,Low,Highway,67.9,21.1,57.715,25.16850038984666,Other,North,Other
TRIP_02286,Greater Kailash,Chandni Chowk,11.55,Afternoon,Weekday,Clear,Medium,Highway,52.1,13.5,44.285,15.64863949418539,South,Central,South Delhi
TRIP_02287,Karol Bagh,Mayur Vihar,11.04,Evening Peak,Weekend,Clear,Low,Highway,82.0,8.3,69.7,9.503586800573888,Central,Other,Central Delhi
TRIP_02288,Mayur Vihar,Vasant Kunj,17.08,Morning Peak,Weekday,Fog,Very High,Highway,8.0,133.0,6.8,150.70588235294116,Other,South,Other
TRIP_02289,AIIMS,Nehru Place,4.68,Morning Peak,Weekday,Fog,Very High,Inner Road,5.0,56.6,4.25,66.07058823529411,Other,Other,Other
TRIP_02290,Preet Vihar,AIIMS,11.51,Evening Peak,Weekday,Clear,Very High,Main Road,11.4,63.2,9.69,71.26934984520123,Other,Other,Other
TRIP_02291,Okhla,Civil Lines,17.22,Morning Peak,Weekend,Clear,Medium,Main Road,44.9,22.5,38.165,27.07192453818944,Other,Other,Other
TRIP_02292,IGI Airport,Rohini,21.91,Morning Peak,Weekend,Heatwave,Medium,Highway,42.8,29.9,36.379999999999995,36.13523914238593,Other,North,Other
TRIP_02293,Pitampura,Hauz Khas,18.42,Evening Peak,Weekday,Clear,Very High,Main Road,8.8,131.0,7.48,147.7540106951872,North,Other,Other
TRIP_02294,Vasant Kunj,Greater Kailash,8.11,Evening Peak,Weekday,Clear,Medium,Inner Road,29.4,17.0,24.99,19.471788715486195,South,South,South Delhi
TRIP_02295,Connaught Place,Civil Lines,5.49,Morning Peak,Weekday,Fog,Low,Main Road,30.5,10.7,25.925,12.705882352941176,Central,Other,Central Delhi
TRIP_02296,Connaught Place,Dwarka,17.23,Morning Peak,Weekday,Clear,Very High,Main Road,11.3,103.4,9.605,107.6314419573139,Central,West,Central Delhi
TRIP_02297,Nehru Place,Lajpat Nagar,2.8,Night,Weekday,Clear,Low,Highway,76.3,2.1,64.85499999999999,2.590393955747437,Other,Other,Other
TRIP_02298,Nehru Place,Karol Bagh,12.97,Evening Peak,Weekday,Heatwave,High,Highway,38.8,21.3,32.98,23.5961188599151,Other,Central,Other
TRIP_02299,Civil Lines,Mayur Vihar,10.05,Evening Peak,Weekend,Clear,Medium,Highway,53.4,11.3,45.39,13.284864507600794,Other,Other,Other
TRIP_02300,Lajpat Nagar,Punjabi Bagh,15.06,Evening Peak,Weekday,Rain,Medium,Main Road,19.8,48.1,16.830000000000002,53.68983957219251,Other,West,Other
TRIP_02301,Janakpuri,Kalkaji,18.68,Evening Peak,Weekday,Clear,Very High,Highway,16.4,66.7,13.939999999999998,80.40172166427548,West,South,West Delhi
TRIP_02302,Rajouri Garden,Kalkaji,17.69,Evening Peak,Weekday,Heatwave,Medium,Main Road,32.0,32.2,27.2,39.02205882352941,West,South,Other
TRIP_02303,Civil Lines,Dwarka,20.04,Evening Peak,Weekday,Clear,Very High,Highway,20.3,60.4,17.255,69.68414952187771,Other,West,Other
TRIP_02304,Rohini,Model Town,13.8,Evening Peak,Weekday,Rain,Very High,Main Road,6.2,138.5,5.27,157.11574952561674,North,North,North Delhi
TRIP_02305,Okhla,Rajouri Garden,19.41,Morning Peak,Weekday,Clear,High,Inner Road,14.8,80.9,12.58,92.57551669316375,Other,West,Other
TRIP_02306,IGI Airport,Saket,11.0,Morning Peak,Weekday,Clear,Low,Main Road,58.8,13.3,49.98,13.20528211284514,Other,South,Other
TRIP_02307,Mayur Vihar,IGI Airport,20.09,Morning Peak,Weekday,Clear,Very High,Highway,20.3,60.0,17.255,69.8580121703854,Other,Other,Other
TRIP_02308,Pitampura,Mayur Vihar,18.76,Afternoon,Weekday,Clear,Low,Highway,75.6,14.7,64.25999999999999,17.51633986928105,North,Other,Other
TRIP_02309,IGI Airport,Connaught Place,14.14,Afternoon,Weekday,Clear,Very High,Highway,23.6,41.3,20.060000000000002,42.29312063808574,Other,Central,Other
TRIP_02310,IGI Airport,Connaught Place,14.14,Evening Peak,Weekend,Rain,High,Main Road,15.6,55.9,13.26,63.98190045248869,Other,Central,Other
TRIP_02311,Dwarka,Rajouri Garden,9.64,Afternoon,Weekend,Fog,Low,Inner Road,10.2,59.3,8.67,66.7128027681661,West,West,West Delhi
TRIP_02312,Dwarka,Saket,17.4,Evening Peak,Weekend,Clear,Medium,Main Road,40.8,25.2,34.68,30.1038062283737,West,South,West Delhi
TRIP_02313,Janakpuri,Hauz Khas,13.61,Afternoon,Weekday,Fog,High,Main Road,16.5,52.3,14.025,58.22459893048128,West,Other,West Delhi
TRIP_02314,Pitampura,Noida Sector 18,24.06,Afternoon,Weekday,Heatwave,High,Highway,41.5,35.6,35.275,40.92416725726435,North,Other,Other
TRIP_02315,Punjabi Bagh,AIIMS,13.63,Evening Peak,Weekday,Fog,High,Highway,23.8,36.1,20.23,40.425111220958975,West,Other,West Delhi
TRIP_02316,Dwarka,Civil Lines,20.04,Afternoon,Weekday,Clear,Medium,Main Road,38.8,30.8,32.98,36.45845967252881,West,Other,West Delhi
TRIP_02317,Chandni Chowk,Nehru Place,11.5,Afternoon,Weekday,Clear,Very High,Main Road,10.4,66.4,8.84,78.05429864253394,Central,Other,Central Delhi
TRIP_02318,IGI Airport,Rohini,21.91,Night,Weekday,Heatwave,Medium,Highway,54.4,28.2,46.239999999999995,28.429930795847753,Other,North,Other
TRIP_02319,Mayur Vihar,Vasant Kunj,17.08,Night,Weekday,Clear,Medium,Main Road,36.1,29.7,30.685,33.39742545217533,Other,South,Other
TRIP_02320,Okhla,Vasant Kunj,11.21,Morning Peak,Weekday,Heatwave,High,Main Road,23.2,33.7,19.72,34.10750507099392,Other,South,Other
TRIP_02321,Okhla,Shahdara,15.92,Afternoon,Weekday,Clear,Medium,Highway,56.0,16.8,47.6,20.067226890756302,Other,Other,Other
TRIP_02322,Chandni Chowk,Shahdara,6.2,Afternoon,Weekday,Clear,Medium,Main Road,43.2,8.8,36.72,10.130718954248367,Central,Other,Central Delhi
TRIP_02323,Civil Lines,Janakpuri,14.89,Morning Peak,Weekday,Clear,Very High,Main Road,12.9,69.9,10.965,81.47742818057455,Other,West,Other
TRIP_02324,Okhla,Preet Vihar,12.45,Afternoon,Weekday,Clear,Low,Main Road,48.3,15.2,41.055,18.195104128607966,Other,Other,Other
TRIP_02325,Karol Bagh,Janakpuri,10.56,Evening Peak,Weekday,Clear,Very High,Highway,16.8,39.2,14.28,44.36974789915966,Central,West,Central Delhi
TRIP_02326,Greater Kailash,Model Town,19.14,Evening Peak,Weekday,Clear,Very High,Main Road,13.4,89.1,11.39,100.8252853380158,South,North,South Delhi
TRIP_02327,Dwarka,Hauz Khas,15.78,Afternoon,Weekend,Clear,Medium,Main Road,28.2,35.0,23.97,39.499374217772214,West,Other,West Delhi
TRIP_02328,Lajpat Nagar,Pitampura,18.08,Night,Weekday,Clear,Low,Main Road,57.4,19.7,48.79,22.234064357450293,Other,North,Other
TRIP_02329,Mayur Vihar,Noida Sector 18,5.74,Morning Peak,Weekday,Rain,Low,Main Road,38.7,8.7,32.895,10.469676242590058,Other,Other,Other
TRIP_02330,Kalkaji,Noida Sector 18,8.19,Evening Peak,Weekday,Heatwave,High,Highway,35.6,13.9,30.26,16.239259748843356,South,Other,South Delhi
TRIP_02331,Nehru Place,Dwarka,20.8,Night,Weekend,Heatwave,Medium,Main Road,35.3,37.4,30.004999999999995,41.59306782202967,Other,West,Other
TRIP_02332,Civil Lines,Hauz Khas,14.76,Morning Peak,Weekend,Fog,Low,Highway,47.9,19.5,40.714999999999996,21.75119734741496,Other,Other,Other
TRIP_02333,Civil Lines,Rohini,18.15,Afternoon,Weekday,Fog,Medium,Main Road,20.5,52.8,17.425,62.49641319942611,Other,North,Other
TRIP_02334,Rohini,Okhla,32.09,Morning Peak,Weekday,Clear,Very High,Highway,19.9,97.8,16.915,113.8279633461425,North,Other,North Delhi
TRIP_02335,Punjabi Bagh,Model Town,7.93,Morning Peak,Weekday,Clear,Medium,Main Road,30.3,15.9,25.755,18.474082702387886,West,North,West Delhi
TRIP_02336,Dwarka,Connaught Place,17.23,Afternoon,Weekday,Clear,Low,Highway,67.5,16.4,57.375,18.01830065359477,West,Central,West Delhi
TRIP_02337,Rohini,Pitampura,8.97,Evening Peak,Weekday,Clear,Very High,Main Road,14.6,37.1,12.41,43.3682514101531,North,North,North Delhi
TRIP_02338,Hauz Khas,Saket,2.85,Night,Weekday,Heatwave,Low,Inner Road,34.2,4.9,29.07,5.88235294117647,Other,South,Other
TRIP_02339,Punjabi Bagh,Saket,17.62,Afternoon,Weekday,Clear,High,Main Road,17.1,63.6,14.535,72.73477812177502,West,South,West Delhi
TRIP_02340,Chandni Chowk,Karol Bagh,3.94,Evening Peak,Weekday,Heatwave,Very High,Highway,21.0,11.4,17.849999999999998,13.243697478991598,Central,Central,Central Delhi
TRIP_02341,Greater Kailash,IGI Airport,13.13,Morning Peak,Weekday,Clear,Medium,Main Road,31.9,25.4,27.115,29.05402913516504,South,Other,South Delhi
TRIP_02342,Rohini,Janakpuri,14.51,Evening Peak,Weekday,Heatwave,Very High,Highway,15.4,59.2,13.09,66.50878533231474,North,West,North Delhi
TRIP_02343,Rajouri Garden,Mayur Vihar,17.23,Night,Weekday,Heatwave,High,Main Road,21.1,48.7,17.935000000000002,57.64148313353777,West,Other,Other
TRIP_02344,Lajpat Nagar,Rohini,26.64,Evening Peak,Weekend,Clear,High,Highway,41.4,38.1,35.19,45.42199488491049,Other,North,Other
TRIP_02345,Vasant Kunj,IGI Airport,6.9,Afternoon,Weekday,Rain,Medium,Inner Road,15.1,27.0,12.834999999999999,32.255551227113365,South,Other,South Delhi
TRIP_02346,Civil Lines,Greater Kailash,14.87,Evening Peak,Weekday,Fog,High,Main Road,17.2,52.3,14.62,61.02599179206566,Other,South,Other
TRIP_02347,Rohini,Preet Vihar,25.98,Morning Peak,Weekend,Clear,Low,Main Road,60.4,26.4,51.339999999999996,30.362290611608884,North,Other,North Delhi
TRIP_02348,Janakpuri,Civil Lines,14.89,Afternoon,Weekday,Heatwave,Medium,Highway,66.8,14.3,56.779999999999994,15.7344135258894,West,Other,West Delhi
TRIP_02349,Lajpat Nagar,Okhla,5.46,Afternoon,Weekday,Heatwave,Medium,Inner Road,11.8,30.7,10.030000000000001,32.66201395812562,Other,Other,Other
TRIP_02350,Nehru Place,Okhla,2.67,Afternoon,Weekday,Heatwave,High,Highway,39.9,4.2,33.915,4.723573639982309,Other,Other,Other
TRIP_02351,Vasant Kunj,Model Town,22.01,Evening Peak,Weekend,Clear,Low,Highway,59.5,22.2,50.574999999999996,26.111715274345034,South,North,South Delhi
TRIP_02352,Saket,Vasant Kunj,4.88,Afternoon,Weekday,Clear,Low,Inner Road,19.9,14.9,16.915,17.3100798108188,South,South,South Delhi
TRIP_02353,Punjabi Bagh,Preet Vihar,16.03,Morning Peak,Weekday,Clear,Medium,Main Road,34.1,30.5,28.985,33.1826806969122,West,Other,West Delhi
TRIP_02354,Rohini,Rajouri Garden,13.1,Night,Weekday,Clear,High,Highway,30.8,25.9,26.18,30.02291825821237,North,West,North Delhi
TRIP_02355,Civil Lines,Pitampura,9.41,Evening Peak,Weekday,Clear,Very High,Main Road,13.9,40.1,11.815,47.78671180702497,Other,North,Other
TRIP_02356,IGI Airport,Rohini,21.91,Morning Peak,Weekday,Rain,High,Highway,31.2,45.7,26.52,49.57013574660634,Other,North,Other
TRIP_02357,Dwarka,IGI Airport,6.61,Afternoon,Weekend,Clear,High,Inner Road,13.4,30.2,11.39,34.82001755926251,West,Other,West Delhi
TRIP_02358,Vasant Kunj,Punjabi Bagh,16.74,Morning Peak,Weekend,Fog,Medium,Inner Road,13.8,74.1,11.73,85.62659846547314,South,West,South Delhi
TRIP_02359,Civil Lines,Okhla,17.22,Night,Weekday,Heatwave,Medium,Main Road,35.0,34.8,29.75,34.72941176470588,Other,Other,Other
TRIP_02360,Mayur Vihar,Nehru Place,8.28,Morning Peak,Weekday,Rain,Very High,Highway,12.6,41.3,10.709999999999999,46.38655462184874,Other,Other,Other
TRIP_02361,Connaught Place,Kalkaji,11.2,Afternoon,Weekday,Rain,High,Main Road,15.6,44.0,13.26,50.678733031674206,Central,South,Central Delhi
TRIP_02362,Model Town,Connaught Place,9.58,Evening Peak,Weekday,Heatwave,Low,Main Road,36.5,16.7,31.025,18.52699435938759,North,Central,North Delhi
TRIP_02363,Chandni Chowk,Rajouri Garden,10.59,Afternoon,Weekend,Clear,Medium,Main Road,32.1,20.1,27.285,23.287520615722926,Central,West,Central Delhi
TRIP_02364,Punjabi Bagh,AIIMS,13.63,Morning Peak,Weekday,Clear,High,Main Road,19.1,44.5,16.235,50.37265167847244,West,Other,West Delhi
TRIP_02365,Karol Bagh,Kalkaji,14.25,Morning Peak,Weekend,Rain,Very High,Main Road,7.4,113.9,6.29,135.93004769475357,Central,South,Central Delhi
TRIP_02366,Saket,Connaught Place,11.95,Morning Peak,Weekend,Clear,Medium,Main Road,39.1,18.5,33.235,21.573642244621634,South,Central,South Delhi
TRIP_02367,AIIMS,Mayur Vihar,9.79,Evening Peak,Weekday,Heatwave,High,Highway,34.6,16.5,29.41,19.972798367902072,Other,Other,Other
TRIP_02368,IGI Airport,Punjabi Bagh,12.83,Morning Peak,Weekend,Fog,Medium,Main Road,14.8,52.0,12.58,61.19236883942767,Other,West,Other
TRIP_02369,Rohini,Kalkaji,30.48,Evening Peak,Weekday,Fog,High,Highway,19.5,102.1,16.575,110.33484162895928,North,South,North Delhi
TRIP_02370,Janakpuri,Mayur Vihar,20.24,Evening Peak,Weekday,Clear,High,Highway,35.9,33.0,30.514999999999997,39.79682123545797,West,Other,West Delhi
TRIP_02371,Janakpuri,Okhla,20.56,Afternoon,Weekday,Heatwave,High,Highway,32.3,38.4,27.455,44.93170642870151,West,Other,West Delhi
TRIP_02372,Noida Sector 18,Vasant Kunj,17.44,Afternoon,Weekday,Rain,Medium,Main Road,20.0,58.7,17.0,61.55294117647059,Other,South,Other
TRIP_02373,Connaught Place,Nehru Place,9.83,Evening Peak,Weekday,Clear,Very High,Inner Road,8.3,70.7,7.055000000000001,83.60028348688873,Central,Other,Central Delhi
TRIP_02374,Model Town,Kalkaji,20.77,Evening Peak,Weekday,Clear,Very High,Highway,14.7,89.2,12.495,99.7358943577431,North,South,North Delhi
TRIP_02375,Dwarka,Chandni Chowk,19.18,Afternoon,Weekday,Fog,Low,Main Road,26.9,43.5,22.865,50.33019899409578,West,Central,West Delhi
TRIP_02376,Rajouri Garden,Hauz Khas,13.23,Morning Peak,Weekday,Clear,Very High,Highway,22.9,39.1,19.465,40.78088877472386,West,Other,Other
TRIP_02377,Mayur Vihar,Hauz Khas,11.72,Afternoon,Weekday,Clear,Low,Highway,68.1,11.5,57.88499999999999,12.148224928738017,Other,Other,Other
TRIP_02378,Vasant Kunj,Punjabi Bagh,16.74,Morning Peak,Weekend,Clear,High,Main Road,19.5,50.6,16.575,60.5972850678733,South,West,South Delhi
TRIP_02379,Hauz Khas,Pitampura,18.42,Afternoon,Weekday,Rain,Low,Highway,51.8,21.7,44.029999999999994,25.101067454008636,Other,North,Other
TRIP_02380,Noida Sector 18,IGI Airport,22.12,Afternoon,Weekday,Rain,Low,Highway,44.4,30.3,37.739999999999995,35.16693163751988,Other,Other,Other
TRIP_02381,IGI Airport,Hauz Khas,9.81,Evening Peak,Weekday,Heatwave,High,Highway,40.6,14.8,34.51,17.055925818603306,Other,Other,Other
TRIP_02382,Vasant Kunj,Punjabi Bagh,16.74,Evening Peak,Weekday,Clear,Very High,Highway,17.5,59.9,14.875,67.52268907563024,South,West,South Delhi
TRIP_02383,Hauz Khas,AIIMS,2.2,Morning Peak,Weekend,Rain,High,Inner Road,8.4,15.5,7.14,18.487394957983195,Other,Other,Other
TRIP_02384,Vasant Kunj,Kalkaji,9.44,Afternoon,Weekend,Heatwave,High,Main Road,17.0,33.6,14.45,39.19723183391004,South,South,South Delhi
TRIP_02385,Noida Sector 18,Civil Lines,15.73,Evening Peak,Weekend,Clear,High,Main Road,17.4,53.2,14.79,63.81338742393509,Other,Other,Other
TRIP_02386,Preet Vihar,Connaught Place,7.48,Evening Peak,Weekday,Clear,High,Main Road,18.0,26.1,15.299999999999999,29.333333333333336,Other,Central,Other
TRIP_02387,Kalkaji,Model Town,20.77,Evening Peak,Weekday,Clear,Very High,Main Road,11.6,113.1,9.86,126.38945233265719,South,North,South Delhi
TRIP_02388,Civil Lines,Punjabi Bagh,9.27,Night,Weekday,Clear,Low,Main Road,58.9,10.5,50.065,11.109557575152301,Other,West,Other
TRIP_02389,Rajouri Garden,Mayur Vihar,17.23,Evening Peak,Weekend,Clear,Medium,Main Road,29.8,34.7,25.33,40.813264903276746,West,Other,Other
TRIP_02390,Saket,Preet Vihar,15.46,Morning Peak,Weekday,Heatwave,High,Main Road,25.1,36.5,21.335,43.47785329271151,South,Other,South Delhi
TRIP_02391,IGI Airport,Connaught Place,14.14,Morning Peak,Weekday,Clear,Very High,Highway,17.2,50.9,14.62,58.03009575923393,Other,Central,Other
TRIP_02392,Rajouri Garden,Pitampura,6.43,Evening Peak,Weekday,Clear,Very High,Inner Road,9.9,41.9,8.415000000000001,45.84670231729054,West,North,Other
TRIP_02393,Greater Kailash,Dwarka,19.04,Morning Peak,Weekday,Clear,High,Main Road,24.9,45.6,21.165,53.97590361445783,South,West,South Delhi
TRIP_02394,Chandni Chowk,Okhla,13.88,Night,Weekday,Clear,Low,Highway,74.6,11.1,63.41,13.133575145876046,Central,Other,Central Delhi
TRIP_02395,IGI Airport,Nehru Place,14.99,Afternoon,Weekend,Heatwave,Medium,Highway,49.0,18.1,41.65,21.594237695078032,Other,Other,Other
TRIP_02396,Okhla,Preet Vihar,12.45,Afternoon,Weekday,Rain,Very High,Inner Road,5.9,129.2,5.015000000000001,148.95314057826516,Other,Other,Other
TRIP_02397,Connaught Place,Mayur Vihar,7.89,Afternoon,Weekday,Clear,Medium,Inner Road,17.4,27.5,14.79,32.00811359026369,Central,Other,Central Delhi
TRIP_02398,Okhla,Noida Sector 18,6.92,Night,Weekday,Heatwave,Low,Inner Road,27.2,15.7,23.119999999999997,17.95847750865052,Other,Other,Other
TRIP_02399,Chandni Chowk,AIIMS,9.5,Evening Peak,Weekend,Clear,High,Main Road,22.1,25.1,18.785,30.34335906308225,Central,Other,Central Delhi
TRIP_02400,Nehru Place,Dwarka,20.8,Afternoon,Weekday,Clear,Medium,Main Road,45.4,28.0,38.589999999999996,32.339984451930555,Other,West,Other
TRIP_02401,Mayur Vihar,Greater Kailash,9.55,Morning Peak,Weekday,Clear,Very High,Main Road,12.4,45.4,10.54,54.364326375711585,Other,South,Other
TRIP_02402,Punjabi Bagh,Saket,17.62,Evening Peak,Weekday,Rain,Very High,Highway,12.0,92.2,10.2,103.64705882352943,West,South,West Delhi
TRIP_02403,Rohini,Civil Lines,18.15,Afternoon,Weekday,Clear,Very High,Highway,18.6,57.9,15.81,68.88045540796963,North,Other,North Delhi
TRIP_02404,Rohini,Janakpuri,14.51,Evening Peak,Weekday,Rain,High,Highway,29.5,30.6,25.075,34.71984047856431,North,West,North Delhi
TRIP_02405,AIIMS,Punjabi Bagh,13.63,Morning Peak,Weekday,Clear,Low,Main Road,52.5,16.5,44.625,18.326050420168066,Other,West,Other
TRIP_02406,Dwarka,Pitampura,15.04,Evening Peak,Weekday,Rain,High,Inner Road,12.6,78.9,10.709999999999999,84.2577030812325,West,North,West Delhi
TRIP_02407,Noida Sector 18,Connaught Place,12.67,Morning Peak,Weekday,Rain,High,Highway,25.4,31.2,21.59,35.21074571560908,Other,Central,Other
TRIP_02408,Model Town,Shahdara,10.5,Evening Peak,Weekday,Clear,Low,Main Road,44.2,14.6,37.57,16.768698429598086,North,Other,North Delhi
TRIP_02409,Janakpuri,IGI Airport,7.4,Morning Peak,Weekday,Clear,Medium,Main Road,39.7,11.3,33.745000000000005,13.157504815528226,West,Other,West Delhi
TRIP_02410,AIIMS,Nehru Place,4.68,Evening Peak,Weekday,Clear,High,Main Road,25.7,10.9,21.845,12.854200045777064,Other,Other,Other
TRIP_02411,Saket,Mayur Vihar,13.17,Afternoon,Weekend,Clear,Medium,Main Road,28.4,28.8,24.139999999999997,32.734051367025685,South,Other,South Delhi
TRIP_02412,Janakpuri,Hauz Khas,13.61,Night,Weekend,Rain,Low,Highway,43.2,19.3,36.72,22.23856209150327,West,Other,West Delhi
TRIP_02413,Saket,Lajpat Nagar,5.89,Morning Peak,Weekend,Rain,High,Highway,27.4,12.9,23.29,15.173894375268356,South,Other,South Delhi
TRIP_02414,Shahdara,Kalkaji,15.71,Evening Peak,Weekday,Clear,High,Highway,38.6,24.7,32.81,28.729046022554098,Other,South,Other
TRIP_02415,Civil Lines,Rajouri Garden,10.68,Afternoon,Weekend,Clear,High,Highway,37.8,16.9,32.129999999999995,19.94397759103642,Other,West,Other
TRIP_02416,Connaught Place,AIIMS,7.18,Morning Peak,Weekday,Rain,Very High,Main Road,7.5,56.9,6.375,67.5764705882353,Central,Other,Central Delhi
TRIP_02417,Kalkaji,Dwarka,21.07,Night,Weekday,Fog,Medium,Main Road,16.3,86.2,13.855,91.2450378924576,South,West,South Delhi
TRIP_02418,Rohini,IGI Airport,21.91,Morning Peak,Weekday,Rain,High,Highway,31.1,41.9,26.435000000000002,49.729525250614714,North,Other,North Delhi
TRIP_02419,Noida Sector 18,AIIMS,11.33,Evening Peak,Weekday,Heatwave,Very High,Main Road,8.8,81.6,7.48,90.88235294117646,Other,Other,Other
TRIP_02420,Dwarka,Connaught Place,17.23,Evening Peak,Weekday,Clear,Very High,Highway,19.3,56.6,16.405,63.017372752209695,West,Central,West Delhi
TRIP_02421,Model Town,Okhla,21.87,Evening Peak,Weekday,Heatwave,High,Main Road,21.9,59.5,18.615,70.491539081386,North,Other,North Delhi
TRIP_02422,IGI Airport,Hauz Khas,9.81,Morning Peak,Weekday,Rain,Very High,Highway,11.5,51.4,9.775,60.214833759590796,Other,Other,Other
TRIP_02423,Hauz Khas,Greater Kailash,3.32,Afternoon,Weekday,Clear,High,Main Road,28.2,7.3,23.97,8.310387984981226,Other,South,Other
TRIP_02424,Karol Bagh,Rohini,16.99,Afternoon,Weekday,Fog,Medium,Main Road,23.5,43.6,19.974999999999998,51.03379224030038,Central,North,Central Delhi
TRIP_02425,Dwarka,IGI Airport,6.61,Evening Peak,Weekday,Clear,High,Inner Road,9.4,42.5,7.99,49.63704630788486,West,Other,West Delhi
TRIP_02426,Rohini,Dwarka,17.53,Night,Weekday,Rain,Medium,Main Road,19.8,56.1,16.830000000000002,62.49554367201426,North,West,North Delhi
TRIP_02427,Shahdara,Janakpuri,20.44,Evening Peak,Weekday,Heatwave,High,Main Road,21.2,63.6,18.02,68.05771365149833,Other,West,Other
TRIP_02428,Vasant Kunj,Rajouri Garden,14.56,Morning Peak,Weekday,Fog,High,Main Road,14.4,63.9,12.24,71.37254901960785,South,West,South Delhi
TRIP_02429,Dwarka,Okhla,23.01,Night,Weekend,Clear,High,Highway,29.2,47.3,24.82,55.62449637389202,West,Other,West Delhi
TRIP_02430,Greater Kailash,Noida Sector 18,9.35,Morning Peak,Weekday,Clear,Very High,Main Road,9.9,56.5,8.415000000000001,66.66666666666666,South,Other,South Delhi
TRIP_02431,IGI Airport,Punjabi Bagh,12.83,Afternoon,Weekday,Heatwave,Medium,Main Road,35.7,22.8,30.345000000000002,25.36826495304004,Other,West,Other
TRIP_02432,Janakpuri,Preet Vihar,20.09,Afternoon,Weekday,Clear,Low,Highway,89.7,14.2,76.245,15.809561282707064,West,Other,West Delhi
TRIP_02433,Greater Kailash,Punjabi Bagh,16.84,Afternoon,Weekend,Fog,Low,Main Road,30.6,32.5,26.01,38.84659746251442,South,West,South Delhi
TRIP_02434,Kalkaji,Karol Bagh,14.25,Afternoon,Weekday,Fog,Low,Main Road,22.4,40.1,19.04,44.90546218487395,South,Central,South Delhi
TRIP_02435,Okhla,Punjabi Bagh,20.5,Evening Peak,Weekday,Rain,Very High,Highway,11.9,106.1,10.115,121.60158180919426,Other,West,Other
TRIP_02436,Preet Vihar,Civil Lines,7.88,Afternoon,Weekday,Clear,High,Main Road,25.4,19.7,21.59,21.89902732746642,Other,Other,Other
TRIP_02437,Model Town,Saket,21.24,Afternoon,Weekday,Clear,Low,Main Road,45.1,29.0,38.335,33.243772009912604,North,South,North Delhi
TRIP_02438,Vasant Kunj,Okhla,11.21,Morning Peak,Weekend,Clear,Medium,Main Road,35.2,18.9,29.92,22.47994652406417,South,Other,South Delhi
TRIP_02439,Lajpat Nagar,Vasant Kunj,9.65,Evening Peak,Weekday,Heatwave,High,Main Road,25.9,25.0,22.014999999999997,26.3002498296616,Other,South,Other
TRIP_02440,Rohini,Shahdara,24.21,Evening Peak,Weekday,Clear,Very High,Highway,20.1,71.1,17.085,85.02194907813872,North,Other,North Delhi
TRIP_02441,Nehru Place,Shahdara,14.22,Night,Weekend,Clear,Low,Highway,90.4,9.2,76.84,11.103591879229567,Other,Other,Other
TRIP_02442,Greater Kailash,Vasant Kunj,8.11,Evening Peak,Weekday,Clear,Very High,Inner Road,9.6,53.0,8.16,59.632352941176464,South,South,South Delhi
TRIP_02443,Shahdara,Connaught Place,8.44,Afternoon,Weekday,Rain,High,Main Road,14.4,34.5,12.24,41.372549019607845,Other,Central,Other
TRIP_02444,AIIMS,Saket,4.77,Evening Peak,Weekend,Clear,High,Main Road,26.2,12.4,22.27,12.851369555455769,Other,South,Other
TRIP_02445,Civil Lines,AIIMS,12.66,Afternoon,Weekend,Fog,High,Main Road,15.6,47.9,13.26,57.28506787330317,Other,Other,Other
TRIP_02446,Mayur Vihar,Connaught Place,7.89,Morning Peak,Weekday,Heatwave,Very High,Highway,17.2,28.5,14.62,32.38030095759234,Other,Central,Other
TRIP_02447,AIIMS,Mayur Vihar,9.79,Evening Peak,Weekday,Clear,Very High,Main Road,12.2,50.0,10.37,56.64416586306654,Other,Other,Other
TRIP_02448,Greater Kailash,Chandni Chowk,11.55,Morning Peak,Weekday,Clear,Very High,Highway,15.3,46.7,13.005,53.287197231833915,South,Central,South Delhi
TRIP_02449,Mayur Vihar,Pitampura,18.76,Morning Peak,Weekday,Clear,Very High,Main Road,11.5,97.9,9.775,115.15089514066497,Other,North,Other
TRIP_02450,Saket,Nehru Place,5.32,Morning Peak,Weekday,Rain,High,Inner Road,13.0,25.7,11.049999999999999,28.886877828054303,South,Other,South Delhi
TRIP_02451,Punjabi Bagh,Rohini,11.6,Evening Peak,Weekday,Heatwave,Very High,Main Road,14.2,48.0,12.069999999999999,57.66362883181442,West,North,West Delhi
TRIP_02452,Greater Kailash,Hauz Khas,3.32,Morning Peak,Weekend,Clear,Very High,Inner Road,8.0,25.2,6.8,29.294117647058822,South,Other,South Delhi
TRIP_02453,Okhla,Pitampura,23.54,Morning Peak,Weekend,Clear,High,Highway,35.7,39.9,30.345000000000002,46.54473554127533,Other,North,Other
TRIP_02454,Civil Lines,Shahdara,6.29,Evening Peak,Weekday,Clear,Low,Inner Road,33.6,12.2,28.56,13.214285714285715,Other,Other,Other
TRIP_02455,Noida Sector 18,AIIMS,11.33,Morning Peak,Weekday,Rain,High,Main Road,19.3,34.3,16.405,41.438585797013104,Other,Other,Other
TRIP_02456,Preet Vihar,Rohini,25.98,Afternoon,Weekday,Rain,Low,Highway,48.3,31.6,41.055,37.968578735842165,Other,North,Other
TRIP_02457,Rohini,Shahdara,24.21,Afternoon,Weekend,Clear,Medium,Highway,59.9,24.0,50.915,28.529902779141707,North,Other,North Delhi
TRIP_02458,Civil Lines,Saket,17.43,Evening Peak,Weekday,Clear,High,Highway,41.9,25.6,35.614999999999995,29.36403200898498,Other,South,Other
TRIP_02459,Kalkaji,Rohini,30.48,Morning Peak,Weekday,Rain,Medium,Highway,43.2,48.3,36.72,49.80392156862745,South,North,South Delhi
TRIP_02460,Mayur Vihar,Punjabi Bagh,17.1,Morning Peak,Weekend,Heatwave,Low,Main Road,48.5,20.9,41.225,24.88781079442086,Other,West,Other
TRIP_02461,Chandni Chowk,Lajpat Nagar,8.98,Evening Peak,Weekday,Clear,Very High,Main Road,10.9,51.6,9.265,58.15434430652995,Central,Other,Central Delhi
TRIP_02462,Shahdara,Rohini,24.21,Night,Weekday,Clear,Low,Main Road,41.0,42.1,34.85,41.681492109038736,Other,North,Other
TRIP_02463,Janakpuri,Greater Kailash,16.54,Evening Peak,Weekday,Rain,Very High,Main Road,9.5,104.2,8.075,122.89783281733747,West,South,West Delhi
TRIP_02464,Vasant Kunj,Shahdara,21.4,Morning Peak,Weekday,Heatwave,Very High,Main Road,10.5,124.2,8.924999999999999,143.8655462184874,South,Other,South Delhi
TRIP_02465,Chandni Chowk,Saket,14.23,Evening Peak,Weekday,Clear,Very High,Highway,16.5,53.8,14.025,60.87700534759358,Central,South,Central Delhi
TRIP_02466,Vasant Kunj,Greater Kailash,8.11,Evening Peak,Weekday,Heatwave,High,Main Road,26.5,21.4,22.525,21.60266370699223,South,South,South Delhi
TRIP_02467,Rohini,Kalkaji,30.48,Afternoon,Weekday,Clear,High,Highway,34.1,53.5,28.985,63.09470415732275,North,South,North Delhi
TRIP_02468,IGI Airport,Dwarka,6.61,Evening Peak,Weekday,Clear,High,Inner Road,18.2,21.9,15.469999999999999,25.63671622495152,Other,West,Other
TRIP_02469,Kalkaji,Dwarka,21.07,Night,Weekend,Heatwave,Medium,Main Road,38.8,32.3,32.98,38.33232261976956,South,West,South Delhi
TRIP_02470,Shahdara,Connaught Place,8.44,Afternoon,Weekend,Fog,Low,Main Road,25.4,21.0,21.59,23.455303381194998,Other,Central,Other
TRIP_02471,Kalkaji,Punjabi Bagh,18.89,Morning Peak,Weekday,Clear,Medium,Main Road,38.8,28.9,32.98,34.36628259551244,South,West,South Delhi
TRIP_02472,Greater Kailash,Chandni Chowk,11.55,Evening Peak,Weekday,Clear,Very High,Highway,19.2,37.0,16.32,42.46323529411765,South,Central,South Delhi
TRIP_02473,Shahdara,Lajpat Nagar,12.53,Morning Peak,Weekday,Rain,High,Highway,22.1,36.0,18.785,40.021293585307426,Other,Other,Other
TRIP_02474,Lajpat Nagar,Preet Vihar,9.58,Afternoon,Weekday,Heatwave,Medium,Highway,51.3,11.5,43.605,13.181974544203648,Other,Other,Other
TRIP_02475,Pitampura,Okhla,23.54,Evening Peak,Weekday,Fog,Very High,Highway,9.3,149.5,7.905,178.6717267552182,North,Other,Other
TRIP_02476,Saket,Noida Sector 18,12.72,Night,Weekend,Clear,Low,Inner Road,28.5,28.2,24.224999999999998,31.5046439628483,South,Other,South Delhi
TRIP_02477,Lajpat Nagar,Model Town,16.71,Evening Peak,Weekday,Clear,High,Main Road,29.1,38.4,24.735,40.53365676167375,Other,North,Other
TRIP_02478,Kalkaji,Preet Vihar,12.39,Afternoon,Weekday,Rain,Medium,Highway,37.6,20.9,31.96,23.260325406758447,South,Other,South Delhi
TRIP_02479,Greater Kailash,Rajouri Garden,15.57,Evening Peak,Weekday,Heatwave,Medium,Main Road,38.6,23.9,32.81,28.473026516306003,South,West,South Delhi
TRIP_02480,Mayur Vihar,Punjabi Bagh,17.1,Morning Peak,Weekday,Clear,Very High,Main Road,14.5,71.3,12.325,83.24543610547668,Other,West,Other
TRIP_02481,Okhla,Kalkaji,1.94,Night,Weekday,Rain,Low,Inner Road,18.4,6.3,15.639999999999999,7.442455242966752,Other,South,Other
TRIP_02482,Chandni Chowk,Preet Vihar,6.1,Night,Weekday,Heatwave,Medium,Inner Road,18.2,19.9,15.469999999999999,23.65869424692954,Central,Other,Central Delhi
TRIP_02483,Pitampura,Kalkaji,22.07,Evening Peak,Weekday,Clear,Very High,Highway,21.0,63.5,17.849999999999998,74.18487394957985,North,South,Other
TRIP_02484,Dwarka,Karol Bagh,15.59,Night,Weekday,Fog,Medium,Highway,27.2,34.5,23.119999999999997,40.45847750865052,West,Central,West Delhi
TRIP_02485,Civil Lines,Lajpat Nagar,12.32,Evening Peak,Weekday,Clear,Medium,Highway,58.9,12.7,50.065,14.764805752521724,Other,Other,Other
TRIP_02486,Greater Kailash,Civil Lines,14.87,Evening Peak,Weekend,Heatwave,Very High,Main Road,12.5,71.2,10.625,83.97176470588235,South,Other,South Delhi
TRIP_02487,Punjabi Bagh,Vasant Kunj,16.74,Evening Peak,Weekend,Heatwave,Medium,Highway,58.3,18.0,49.555,20.268388659065685,West,South,West Delhi
TRIP_02488,Lajpat Nagar,Punjabi Bagh,15.06,Morning Peak,Weekday,Clear,High,Inner Road,8.0,115.9,6.8,132.88235294117646,Other,West,Other
TRIP_02489,Hauz Khas,Nehru Place,5.2,Afternoon,Weekday,Clear,Medium,Main Road,30.2,10.1,25.669999999999998,12.154265679781847,Other,Other,Other
TRIP_02490,Connaught Place,Lajpat Nagar,7.13,Morning Peak,Weekday,Clear,Very High,Highway,18.8,22.4,15.98,26.770963704630788,Central,Other,Central Delhi
TRIP_02491,Okhla,Dwarka,23.01,Afternoon,Weekday,Clear,Medium,Main Road,43.3,32.1,36.805,37.511207716342895,Other,West,Other
TRIP_02492,Civil Lines,Rajouri Garden,10.68,Afternoon,Weekday,Clear,High,Main Road,18.0,37.1,15.299999999999999,41.88235294117648,Other,West,Other
TRIP_02493,Karol Bagh,Civil Lines,4.62,Afternoon,Weekend,Clear,Very High,Inner Road,8.0,36.6,6.8,40.76470588235294,Central,Other,Central Delhi
TRIP_02494,Punjabi Bagh,Rohini,11.6,Afternoon,Weekend,Clear,Medium,Main Road,27.3,25.4,23.205,29.993535875888817,West,North,West Delhi
TRIP_02495,Rajouri Garden,Punjabi Bagh,2.52,Evening Peak,Weekday,Heatwave,High,Highway,40.6,3.7,34.51,4.381338742393509,West,West,Other
TRIP_02496,Preet Vihar,Model Town,12.75,Night,Weekday,Clear,Low,Main Road,58.4,13.8,49.64,15.410958904109588,Other,North,Other
TRIP_02497,Okhla,Rajouri Garden,19.41,Morning Peak,Weekday,Clear,High,Highway,32.2,36.8,27.37,42.55023748629886,Other,West,Other
TRIP_02498,Shahdara,Rohini,24.21,Evening Peak,Weekday,Rain,Very High,Main Road,7.0,203.0,5.95,244.1344537815126,Other,North,Other
TRIP_02499,Lajpat Nagar,Rajouri Garden,14.1,Afternoon,Weekday,Clear,Medium,Highway,59.4,15.1,50.489999999999995,16.755793226381464,Other,West,Other
TRIP_02500,Rohini,Dwarka,17.53,Afternoon,Weekday,Clear,Medium,Highway,64.5,16.5,54.824999999999996,19.184678522571822,North,West,North Delhi
TRIP_02501,Rajouri Garden,Dwarka,9.64,Morning Peak,Weekday,Rain,High,Inner Road,11.1,53.2,9.434999999999999,61.30365659777426,West,West,Other
TRIP_02502,Rohini,Kalkaji,30.48,Evening Peak,Weekday,Clear,Very High,Highway,18.8,101.7,15.98,114.44305381727159,North,South,North Delhi
TRIP_02503,Pitampura,Nehru Place,20.88,Afternoon,Weekday,Clear,Low,Highway,88.3,13.8,75.05499999999999,16.691759376457266,North,Other,Other
TRIP_02504,Rajouri Garden,Janakpuri,4.38,Evening Peak,Weekday,Clear,High,Inner Road,8.1,34.2,6.885,38.169934640522875,West,West,Other
TRIP_02505,Rajouri Garden,Connaught Place,9.35,Afternoon,Weekday,Clear,High,Main Road,28.5,20.2,24.224999999999998,23.157894736842106,West,Central,Other
TRIP_02506,Mayur Vihar,Lajpat Nagar,7.45,Evening Peak,Weekday,Clear,Very High,Main Road,12.2,38.2,10.37,43.10511089681775,Other,Other,Other
TRIP_02507,Punjabi Bagh,AIIMS,13.63,Night,Weekend,Clear,Medium,Highway,62.7,15.1,53.295,15.34477905994934,West,Other,West Delhi
TRIP_02508,Chandni Chowk,IGI Airport,16.54,Afternoon,Weekend,Rain,Low,Main Road,25.7,40.8,21.845,45.42915999084458,Central,Other,Central Delhi
TRIP_02509,Shahdara,Mayur Vihar,6.61,Afternoon,Weekday,Rain,Medium,Main Road,26.9,15.1,22.865,17.345287557402145,Other,Other,Other
TRIP_02510,Lajpat Nagar,Hauz Khas,4.29,Evening Peak,Weekday,Heatwave,Very High,Main Road,12.9,20.5,10.965,23.474692202462382,Other,Other,Other
TRIP_02511,Mayur Vihar,Okhla,9.53,Evening Peak,Weekend,Fog,Medium,Inner Road,10.2,56.5,8.67,65.9515570934256,Other,Other,Other
TRIP_02512,Karol Bagh,Noida Sector 18,16.06,Evening Peak,Weekday,Clear,High,Highway,29.1,33.3,24.735,38.95694360218314,Central,Other,Central Delhi
TRIP_02513,Civil Lines,Connaught Place,5.49,Afternoon,Weekday,Rain,Medium,Highway,35.8,9.2,30.429999999999996,10.824843904042066,Other,Central,Other
TRIP_02514,Janakpuri,Karol Bagh,10.56,Night,Weekday,Rain,Low,Main Road,40.9,16.2,34.765,18.22522652092622,West,Central,West Delhi
TRIP_02515,Mayur Vihar,Model Town,15.05,Evening Peak,Weekend,Clear,Medium,Highway,53.2,17.1,45.22,19.96904024767802,Other,North,Other
TRIP_02516,Kalkaji,IGI Airport,15.01,Morning Peak,Weekday,Clear,High,Highway,30.9,30.4,26.264999999999997,34.28897772701314,South,Other,South Delhi
TRIP_02517,Greater Kailash,Noida Sector 18,9.35,Morning Peak,Weekend,Clear,High,Main Road,27.9,19.7,23.715,23.655913978494624,South,Other,South Delhi
TRIP_02518,Pitampura,Dwarka,15.04,Evening Peak,Weekday,Clear,Very High,Main Road,9.5,98.4,8.075,111.75232198142415,North,West,Other
TRIP_02519,Hauz Khas,Noida Sector 18,12.51,Morning Peak,Weekday,Fog,Very High,Highway,9.9,76.3,8.415000000000001,89.19786096256684,Other,Other,Other
TRIP_02520,Civil Lines,Pitampura,9.41,Morning Peak,Weekday,Clear,Medium,Main Road,35.1,16.8,29.835,18.924082453494215,Other,North,Other
TRIP_02521,Kalkaji,Civil Lines,16.3,Morning Peak,Weekend,Clear,Medium,Highway,50.9,18.9,43.265,22.60487692129897,South,Other,South Delhi
TRIP_02522,Preet Vihar,Hauz Khas,13.62,Evening Peak,Weekday,Rain,Very High,Highway,12.0,70.0,10.2,80.11764705882352,Other,Other,Other
TRIP_02523,Shahdara,Okhla,15.92,Afternoon,Weekday,Clear,Medium,Main Road,39.0,25.1,33.15,28.81447963800905,Other,Other,Other
TRIP_02524,Rajouri Garden,Vasant Kunj,14.56,Evening Peak,Weekend,Heatwave,Very High,Main Road,10.7,82.1,9.094999999999999,96.0527762506872,West,South,Other
TRIP_02525,AIIMS,Okhla,7.2,Morning Peak,Weekday,Clear,High,Main Road,23.8,18.3,20.23,21.354424122590213,Other,Other,Other
TRIP_02526,IGI Airport,Rajouri Garden,10.32,Morning Peak,Weekday,Heatwave,High,Main Road,23.0,27.8,19.55,31.672634271099746,Other,West,Other
TRIP_02527,Nehru Place,Kalkaji,1.51,Evening Peak,Weekday,Clear,Very High,Main Road,13.6,6.8,11.559999999999999,7.837370242214533,Other,South,Other
TRIP_02528,Vasant Kunj,Hauz Khas,5.36,Evening Peak,Weekday,Clear,Very High,Main Road,13.2,27.7,11.219999999999999,28.66310160427808,South,Other,South Delhi
TRIP_02529,Karol Bagh,Nehru Place,12.97,Afternoon,Weekend,Clear,High,Highway,33.6,23.2,28.56,27.24789915966387,Central,Other,Central Delhi
TRIP_02530,Okhla,Kalkaji,1.94,Evening Peak,Weekday,Clear,High,Inner Road,9.7,11.8,8.245,14.11764705882353,Other,South,Other
TRIP_02531,Kalkaji,Lajpat Nagar,4.08,Morning Peak,Weekend,Clear,Low,Highway,69.9,3.7,59.415000000000006,4.120171673819742,South,Other,South Delhi
TRIP_02532,Karol Bagh,Chandni Chowk,3.94,Evening Peak,Weekday,Heatwave,High,Main Road,25.3,9.6,21.505,10.992792373866543,Central,Central,Central Delhi
TRIP_02533,Connaught Place,Janakpuri,12.63,Afternoon,Weekday,Rain,Medium,Main Road,31.7,24.6,26.945,28.123956207088515,Central,West,Central Delhi
TRIP_02534,Dwarka,Rajouri Garden,9.64,Evening Peak,Weekday,Rain,High,Highway,22.7,25.5,19.294999999999998,29.976677895827937,West,West,West Delhi
TRIP_02535,Hauz Khas,Kalkaji,5.29,Morning Peak,Weekday,Clear,Very High,Main Road,13.9,26.1,11.815,26.864155734236142,Other,South,Other
TRIP_02536,Rajouri Garden,IGI Airport,10.32,Afternoon,Weekend,Clear,Medium,Main Road,41.8,15.4,35.529999999999994,17.42752603433718,West,Other,Other
TRIP_02537,Punjabi Bagh,Kalkaji,18.89,Afternoon,Weekend,Fog,High,Highway,22.9,53.8,19.465,58.22758797842281,West,South,West Delhi
TRIP_02538,Civil Lines,Pitampura,9.41,Evening Peak,Weekday,Clear,Very High,Main Road,11.5,51.5,9.775,57.75959079283887,Other,North,Other
TRIP_02539,Lajpat Nagar,Okhla,5.46,Evening Peak,Weekday,Clear,Very High,Highway,22.3,14.6,18.955000000000002,17.283038776048535,Other,Other,Other
TRIP_02540,Vasant Kunj,Kalkaji,9.44,Night,Weekday,Fog,Low,Main Road,20.9,26.5,17.764999999999997,31.882915845764146,South,South,South Delhi
TRIP_02541,Rohini,Kalkaji,30.48,Evening Peak,Weekday,Rain,High,Highway,28.7,64.3,24.395,74.96618159458906,North,South,North Delhi
TRIP_02542,Mayur Vihar,Model Town,15.05,Morning Peak,Weekday,Clear,Medium,Highway,53.0,17.0,45.05,20.04439511653718,Other,North,Other
TRIP_02543,Greater Kailash,Saket,3.66,Morning Peak,Weekday,Rain,Very High,Highway,12.1,17.7,10.285,21.351482741857076,South,South,South Delhi
TRIP_02544,Janakpuri,Hauz Khas,13.61,Morning Peak,Weekend,Clear,High,Highway,40.8,20.1,34.68,23.546712802768166,West,Other,West Delhi
TRIP_02545,Vasant Kunj,Rajouri Garden,14.56,Morning Peak,Weekday,Clear,High,Highway,43.1,20.0,36.635,23.84604886037942,South,West,South Delhi
TRIP_02546,Greater Kailash,IGI Airport,13.13,Afternoon,Weekday,Clear,High,Inner Road,17.8,44.0,15.13,52.06873760740251,South,Other,South Delhi
TRIP_02547,Model Town,Rajouri Garden,10.2,Night,Weekday,Clear,Medium,Highway,64.0,9.6,54.4,11.25,North,West,North Delhi
TRIP_02548,IGI Airport,Okhla,16.94,Evening Peak,Weekday,Clear,Very High,Highway,18.7,60.7,15.895,63.9446366782007,Other,Other,Other
TRIP_02549,Karol Bagh,Janakpuri,10.56,Morning Peak,Weekday,Heatwave,Very High,Inner Road,8.1,76.2,6.885,92.02614379084969,Central,West,Central Delhi
TRIP_02550,Connaught Place,Shahdara,8.44,Morning Peak,Weekday,Clear,Very High,Main Road,13.8,36.9,11.73,43.17135549872122,Central,Other,Central Delhi
TRIP_02551,Pitampura,Dwarka,15.04,Afternoon,Weekday,Clear,Low,Main Road,42.0,22.0,35.699999999999996,25.277310924369747,North,West,Other
TRIP_02552,AIIMS,Mayur Vihar,9.79,Morning Peak,Weekday,Clear,Low,Main Road,42.0,14.1,35.699999999999996,16.453781512605044,Other,Other,Other
TRIP_02553,Chandni Chowk,Rohini,20.26,Night,Weekday,Clear,Low,Main Road,38.5,31.8,32.725,37.14591291061879,Central,North,Central Delhi
TRIP_02554,Rajouri Garden,Nehru Place,16.77,Night,Weekday,Clear,Medium,Main Road,35.5,29.0,30.175,33.34548467274233,West,Other,Other
TRIP_02555,Punjabi Bagh,IGI Airport,12.83,Afternoon,Weekend,Rain,Medium,Inner Road,15.8,50.3,13.43,57.319434102755025,West,Other,West Delhi
TRIP_02556,Okhla,Rohini,32.09,Afternoon,Weekday,Clear,High,Highway,43.8,43.0,37.23,51.71635777598711,Other,North,Other
TRIP_02557,Vasant Kunj,Karol Bagh,15.08,Afternoon,Weekday,Rain,Medium,Main Road,29.3,31.0,24.905,36.330054205982734,South,Central,South Delhi
TRIP_02558,Karol Bagh,IGI Airport,13.83,Evening Peak,Weekday,Clear,High,Highway,39.1,21.2,33.235,24.967654581013992,Central,Other,Central Delhi
TRIP_02559,AIIMS,Connaught Place,7.18,Evening Peak,Weekday,Clear,High,Inner Road,11.8,37.4,10.030000000000001,42.95114656031903,Other,Central,Other
TRIP_02560,Preet Vihar,Karol Bagh,10.02,Morning Peak,Weekday,Clear,High,Main Road,19.1,32.5,16.235,37.03110563597167,Other,Central,Other
TRIP_02561,Lajpat Nagar,Nehru Place,2.8,Evening Peak,Weekday,Clear,High,Main Road,28.9,6.0,24.564999999999998,6.83899857520863,Other,Other,Other
TRIP_02562,Punjabi Bagh,Mayur Vihar,17.1,Morning Peak,Weekday,Heatwave,High,Main Road,26.0,39.8,22.099999999999998,46.42533936651584,West,Other,West Delhi
TRIP_02563,Dwarka,Hauz Khas,15.78,Morning Peak,Weekday,Clear,Very High,Highway,18.2,51.1,15.469999999999999,61.20232708468002,West,Other,West Delhi
TRIP_02564,Chandni Chowk,Rohini,20.26,Morning Peak,Weekday,Clear,Very High,Highway,21.2,58.5,18.02,67.4583795782464,Central,North,Central Delhi
TRIP_02565,Mayur Vihar,Janakpuri,20.24,Evening Peak,Weekend,Fog,Medium,Inner Road,15.7,81.3,13.344999999999999,91.00037467216187,Other,West,Other
TRIP_02566,Pitampura,Janakpuri,10.13,Evening Peak,Weekday,Fog,Very High,Highway,8.5,71.3,7.225,84.12456747404845,North,West,Other
TRIP_02567,Shahdara,Mayur Vihar,6.61,Afternoon,Weekend,Rain,Medium,Main Road,28.7,15.5,24.395,16.25742980118877,Other,Other,Other
TRIP_02568,Pitampura,Saket,21.25,Evening Peak,Weekday,Clear,Very High,Highway,16.6,89.0,14.110000000000001,90.36144578313252,North,South,Other
TRIP_02569,Hauz Khas,Chandni Chowk,11.65,Evening Peak,Weekday,Rain,Medium,Highway,39.3,18.3,33.404999999999994,20.925011225864395,Other,Central,Other
TRIP_02570,Okhla,Model Town,21.87,Evening Peak,Weekday,Clear,High,Main Road,23.1,58.5,19.635,66.829640947288,Other,North,Other
TRIP_02571,Nehru Place,Karol Bagh,12.97,Morning Peak,Weekday,Clear,High,Main Road,21.8,35.7,18.53,41.99676200755531,Other,Central,Other
TRIP_02572,Rajouri Garden,Rohini,13.1,Evening Peak,Weekend,Clear,High,Main Road,27.5,28.0,23.375,33.62566844919786,West,North,Other
TRIP_02573,Greater Kailash,Karol Bagh,12.43,Evening Peak,Weekday,Clear,High,Main Road,19.0,38.7,16.15,46.179566563467496,South,Central,South Delhi
TRIP_02574,Model Town,Civil Lines,5.0,Evening Peak,Weekday,Clear,Medium,Main Road,40.4,7.7,34.339999999999996,8.736167734420501,North,Other,North Delhi
TRIP_02575,Vasant Kunj,Connaught Place,13.75,Morning Peak,Weekday,Fog,High,Highway,20.7,40.8,17.595,46.88832054560955,South,Central,South Delhi
TRIP_02576,Janakpuri,Mayur Vihar,20.24,Evening Peak,Weekday,Clear,Very High,Highway,20.1,59.9,17.085,71.07989464442493,West,Other,West Delhi
TRIP_02577,Rohini,Model Town,13.8,Morning Peak,Weekday,Clear,High,Inner Road,18.0,46.1,15.299999999999999,54.117647058823536,North,North,North Delhi
TRIP_02578,Punjabi Bagh,Dwarka,11.86,Evening Peak,Weekday,Rain,Very High,Main Road,10.2,79.0,8.67,82.07612456747405,West,West,West Delhi
TRIP_02579,Shahdara,Greater Kailash,15.04,Evening Peak,Weekday,Fog,Very High,Highway,11.6,91.0,9.86,91.5212981744422,Other,South,Other
TRIP_02580,Punjabi Bagh,Rohini,11.6,Afternoon,Weekday,Clear,High,Highway,32.7,20.7,27.795,25.04047490555855,West,North,West Delhi
TRIP_02581,Hauz Khas,Preet Vihar,13.62,Afternoon,Weekend,Clear,Low,Highway,84.7,10.0,71.995,11.35078824918397,Other,Other,Other
TRIP_02582,Civil Lines,Preet Vihar,7.88,Evening Peak,Weekday,Clear,High,Main Road,30.4,16.1,25.84,18.29721362229102,Other,Other,Other
TRIP_02583,IGI Airport,Okhla,16.94,Evening Peak,Weekday,Clear,Very High,Main Road,13.3,75.5,11.305,89.90712074303407,Other,Other,Other
TRIP_02584,Vasant Kunj,Connaught Place,13.75,Afternoon,Weekday,Clear,Medium,Inner Road,16.2,51.9,13.77,59.91285403050109,South,Central,South Delhi
TRIP_02585,Noida Sector 18,AIIMS,11.33,Afternoon,Weekday,Clear,Low,Highway,67.4,10.6,57.290000000000006,11.865945191132832,Other,Other,Other
TRIP_02586,Connaught Place,Greater Kailash,9.57,Evening Peak,Weekend,Clear,High,Main Road,18.4,34.6,15.639999999999999,36.71355498721228,Central,South,Central Delhi
TRIP_02587,Saket,Rohini,29.0,Evening Peak,Weekday,Fog,High,Highway,21.4,81.7,18.189999999999998,95.65695437053327,South,North,South Delhi
TRIP_02588,Okhla,Kalkaji,1.94,Evening Peak,Weekend,Heatwave,Medium,Inner Road,11.4,11.4,9.69,12.012383900928793,Other,South,Other
TRIP_02589,Greater Kailash,Janakpuri,16.54,Evening Peak,Weekend,Heatwave,High,Highway,35.7,27.7,30.345000000000002,32.703905091448334,South,West,South Delhi
TRIP_02590,Vasant Kunj,Connaught Place,13.75,Morning Peak,Weekday,Clear,Very High,Main Road,12.3,69.0,10.455,78.90961262553802,South,Central,South Delhi
TRIP_02591,Rajouri Garden,Pitampura,6.43,Night,Weekend,Heatwave,Medium,Inner Road,18.5,21.9,15.725,24.534181240063592,West,North,Other
TRIP_02592,Civil Lines,Nehru Place,14.85,Evening Peak,Weekday,Clear,High,Highway,44.5,21.5,37.824999999999996,23.555849306014544,Other,Other,Other
TRIP_02593,Connaught Place,Vasant Kunj,13.75,Evening Peak,Weekday,Clear,High,Highway,38.5,21.2,32.725,25.210084033613445,Central,South,Central Delhi
TRIP_02594,Karol Bagh,Punjabi Bagh,6.08,Evening Peak,Weekday,Rain,High,Highway,25.2,15.5,21.419999999999998,17.030812324929975,Central,West,Central Delhi
TRIP_02595,Noida Sector 18,Rajouri Garden,21.63,Afternoon,Weekend,Clear,High,Inner Road,9.2,145.3,7.819999999999999,165.9590792838875,Other,West,Other
TRIP_02596,Rajouri Garden,AIIMS,12.31,Evening Peak,Weekend,Fog,High,Main Road,13.3,56.4,11.305,65.33392304290138,West,Other,Other
TRIP_02597,Lajpat Nagar,Preet Vihar,9.58,Evening Peak,Weekday,Heatwave,High,Highway,42.3,15.7,35.955,15.986649979140594,Other,Other,Other
TRIP_02598,Model Town,Karol Bagh,7.02,Afternoon,Weekday,Heatwave,Medium,Inner Road,15.8,28.1,13.43,31.362620997766193,North,Central,North Delhi
TRIP_02599,IGI Airport,Chandni Chowk,16.54,Afternoon,Weekend,Clear,Medium,Main Road,32.4,31.7,27.54,36.03485838779956,Other,Central,Other
TRIP_02600,Shahdara,Okhla,15.92,Evening Peak,Weekend,Clear,High,Main Road,17.5,55.2,14.875,64.21512605042017,Other,Other,Other
TRIP_02601,Preet Vihar,Mayur Vihar,3.05,Evening Peak,Weekday,Clear,Very High,Main Road,12.0,15.8,10.2,17.941176470588236,Other,Other,Other
TRIP_02602,Pitampura,Rajouri Garden,6.43,Morning Peak,Weekend,Heatwave,Low,Main Road,32.6,11.8,27.71,13.922771562612773,North,West,Other
TRIP_02603,Punjabi Bagh,IGI Airport,12.83,Afternoon,Weekday,Clear,Low,Main Road,38.8,19.5,32.98,23.341419041843544,West,Other,West Delhi
TRIP_02604,Greater Kailash,Connaught Place,9.57,Afternoon,Weekend,Clear,Medium,Highway,48.6,12.4,41.31,13.899782135076252,South,Central,South Delhi
TRIP_02605,Greater Kailash,Vasant Kunj,8.11,Afternoon,Weekday,Clear,Low,Main Road,37.2,14.6,31.62,15.38899430740038,South,South,South Delhi
TRIP_02606,Vasant Kunj,Karol Bagh,15.08,Night,Weekday,Fog,Low,Main Road,26.0,35.8,22.099999999999998,40.94117647058824,South,Central,South Delhi
TRIP_02607,AIIMS,Nehru Place,4.68,Afternoon,Weekend,Heatwave,Medium,Inner Road,10.3,26.5,8.755,32.07310108509423,Other,Other,Other
TRIP_02608,Hauz Khas,Janakpuri,13.61,Morning Peak,Weekday,Clear,High,Highway,36.5,22.3,31.025,26.320709105560034,Other,West,Other
TRIP_02609,Pitampura,Civil Lines,9.41,Afternoon,Weekday,Heatwave,Medium,Main Road,31.3,18.6,26.605,21.221574891937607,North,Other,Other
TRIP_02610,Karol Bagh,Kalkaji,14.25,Morning Peak,Weekend,Clear,High,Highway,36.0,24.4,30.599999999999998,27.941176470588236,Central,South,Central Delhi
TRIP_02611,Karol Bagh,Kalkaji,14.25,Afternoon,Weekend,Heatwave,High,Inner Road,8.9,94.1,7.565,113.0204890945142,Central,South,Central Delhi
TRIP_02612,Rajouri Garden,Greater Kailash,15.57,Morning Peak,Weekday,Heatwave,Very High,Highway,15.6,58.3,13.26,70.4524886877828,West,South,Other
TRIP_02613,Greater Kailash,Shahdara,15.04,Evening Peak,Weekday,Clear,Very High,Main Road,13.0,68.5,11.049999999999999,81.66515837104073,South,Other,South Delhi
TRIP_02614,Rohini,Noida Sector 18,33.01,Afternoon,Weekday,Rain,Medium,Main Road,25.9,74.6,22.014999999999997,89.9659323188735,North,Other,North Delhi
TRIP_02615,Connaught Place,Kalkaji,11.2,Morning Peak,Weekday,Clear,Very High,Main Road,12.6,54.7,10.709999999999999,62.74509803921569,Central,South,Central Delhi
TRIP_02616,Greater Kailash,Shahdara,15.04,Evening Peak,Weekday,Clear,Medium,Highway,46.2,20.4,39.27,22.979373567608857,South,Other,South Delhi
TRIP_02617,Kalkaji,AIIMS,5.39,Night,Weekday,Heatwave,Medium,Main Road,26.5,11.9,22.525,14.357380688124307,South,Other,South Delhi
TRIP_02618,Dwarka,Punjabi Bagh,11.86,Morning Peak,Weekday,Clear,Very High,Main Road,13.4,55.1,11.39,62.47585601404741,West,West,West Delhi
TRIP_02619,Saket,Karol Bagh,14.26,Evening Peak,Weekday,Clear,Very High,Main Road,9.9,86.4,8.415000000000001,101.67557932263813,South,Central,South Delhi
TRIP_02620,Preet Vihar,Lajpat Nagar,9.58,Morning Peak,Weekday,Rain,Very High,Main Road,8.7,68.5,7.395,77.72819472616634,Other,Other,Other
TRIP_02621,Vasant Kunj,IGI Airport,6.9,Morning Peak,Weekday,Clear,Very High,Main Road,13.8,29.2,11.73,35.294117647058826,South,Other,South Delhi
TRIP_02622,Punjabi Bagh,Dwarka,11.86,Evening Peak,Weekday,Clear,Very High,Main Road,13.3,55.3,11.305,62.94559929234852,West,West,West Delhi
TRIP_02623,Shahdara,Lajpat Nagar,12.53,Evening Peak,Weekday,Clear,Very High,Highway,14.6,50.5,12.41,60.58017727639001,Other,Other,Other
TRIP_02624,Saket,Hauz Khas,2.85,Morning Peak,Weekend,Clear,High,Inner Road,9.7,17.9,8.245,20.739842328684055,South,Other,South Delhi
TRIP_02625,Janakpuri,Preet Vihar,20.09,Evening Peak,Weekday,Clear,Very High,Highway,18.4,69.3,15.639999999999999,77.07161125319693,West,Other,West Delhi
TRIP_02626,Vasant Kunj,Nehru Place,9.97,Morning Peak,Weekday,Clear,Medium,Inner Road,25.4,22.9,21.59,27.70727188513201,South,Other,South Delhi
TRIP_02627,Civil Lines,AIIMS,12.66,Evening Peak,Weekday,Clear,High,Highway,38.6,22.2,32.81,23.151478207863455,Other,Other,Other
TRIP_02628,Okhla,Connaught Place,12.39,Afternoon,Weekday,Clear,Medium,Highway,55.4,14.2,47.089999999999996,15.78679125079635,Other,Central,Other
TRIP_02629,Punjabi Bagh,Model Town,7.93,Morning Peak,Weekday,Clear,Very High,Inner Road,7.8,62.3,6.63,71.76470588235294,West,North,West Delhi
TRIP_02630,Karol Bagh,Rajouri Garden,6.66,Evening Peak,Weekday,Rain,High,Main Road,19.9,21.1,16.915,23.624002364765005,Central,West,Central Delhi
TRIP_02631,Greater Kailash,Okhla,4.03,Afternoon,Weekday,Clear,Low,Inner Road,24.2,10.3,20.57,11.75498298492951,South,Other,South Delhi
TRIP_02632,Preet Vihar,Hauz Khas,13.62,Evening Peak,Weekday,Clear,Very High,Highway,19.0,45.3,16.15,50.60061919504644,Other,Other,Other
TRIP_02633,Hauz Khas,Vasant Kunj,5.36,Evening Peak,Weekday,Clear,Very High,Highway,19.6,17.0,16.66,19.30372148859544,Other,South,Other
TRIP_02634,Karol Bagh,Vasant Kunj,15.08,Evening Peak,Weekday,Clear,High,Highway,33.8,28.0,28.729999999999997,31.49321266968326,Central,South,Central Delhi
TRIP_02635,Punjabi Bagh,Civil Lines,9.27,Night,Weekday,Clear,Low,Main Road,60.5,9.3,51.425,10.815751093825961,West,Other,West Delhi
TRIP_02636,IGI Airport,Lajpat Nagar,13.5,Morning Peak,Weekday,Heatwave,High,Highway,37.5,22.3,31.875,25.41176470588235,Other,Other,Other
TRIP_02637,Punjabi Bagh,Dwarka,11.86,Evening Peak,Weekday,Heatwave,High,Main Road,27.0,26.0,22.95,31.00653594771242,West,West,West Delhi
TRIP_02638,Mayur Vihar,Pitampura,18.76,Morning Peak,Weekday,Clear,Very High,Inner Road,8.0,145.3,6.8,165.5294117647059,Other,North,Other
TRIP_02639,Civil Lines,Rohini,18.15,Evening Peak,Weekday,Heatwave,Very High,Main Road,10.1,111.4,8.584999999999999,126.84915550378568,Other,North,Other
TRIP_02640,Civil Lines,Vasant Kunj,19.08,Evening Peak,Weekday,Fog,Medium,Main Road,16.6,68.8,14.110000000000001,81.13394755492557,Other,South,Other
TRIP_02641,Connaught Place,Punjabi Bagh,9.3,Morning Peak,Weekday,Heatwave,Medium,Main Road,32.0,18.4,27.2,20.514705882352946,Central,West,Central Delhi
TRIP_02642,Mayur Vihar,Rajouri Garden,17.23,Morning Peak,Weekday,Clear,High,Main Road,18.2,57.7,15.469999999999999,66.82611506140918,Other,West,Other
TRIP_02643,Dwarka,AIIMS,16.25,Afternoon,Weekend,Heatwave,High,Highway,34.5,29.1,29.325,33.248081841432224,West,Other,West Delhi
TRIP_02644,Janakpuri,Preet Vihar,20.09,Afternoon,Weekday,Heatwave,Medium,Highway,50.1,24.6,42.585,28.30574145825995,West,Other,West Delhi
TRIP_02645,Lajpat Nagar,Janakpuri,15.7,Evening Peak,Weekday,Rain,Very High,Highway,11.9,79.2,10.115,93.12901631240732,Other,West,Other
TRIP_02646,Vasant Kunj,Rajouri Garden,14.56,Morning Peak,Weekday,Heatwave,High,Highway,27.8,30.8,23.63,36.96995344900551,South,West,South Delhi
TRIP_02647,Mayur Vihar,Preet Vihar,3.05,Morning Peak,Weekday,Clear,High,Main Road,25.6,7.0,21.76,8.409926470588234,Other,Other,Other
TRIP_02648,Karol Bagh,Shahdara,9.9,Evening Peak,Weekend,Fog,Low,Inner Road,17.5,35.8,14.875,39.932773109243705,Central,Other,Central Delhi
TRIP_02649,Shahdara,Civil Lines,6.29,Evening Peak,Weekday,Rain,High,Inner Road,10.7,35.5,9.094999999999999,41.49532710280374,Other,Other,Other
TRIP_02650,Model Town,Chandni Chowk,8.08,Morning Peak,Weekday,Clear,High,Main Road,21.5,22.2,18.275,26.5280437756498,North,Central,North Delhi
TRIP_02651,Preet Vihar,Nehru Place,10.93,Evening Peak,Weekday,Fog,High,Main Road,12.1,55.9,10.285,63.76276130286825,Other,Other,Other
TRIP_02652,Preet Vihar,Vasant Kunj,18.93,Evening Peak,Weekend,Clear,Low,Highway,88.0,13.8,74.8,15.184491978609625,Other,South,Other
TRIP_02653,Connaught Place,Vasant Kunj,13.75,Afternoon,Weekday,Clear,Very High,Main Road,13.8,61.9,11.73,70.33248081841433,Central,South,Central Delhi
TRIP_02654,Greater Kailash,Shahdara,15.04,Afternoon,Weekday,Fog,Medium,Highway,27.6,37.2,23.46,38.46547314578005,South,Other,South Delhi
TRIP_02655,Hauz Khas,Rohini,26.29,Evening Peak,Weekend,Rain,High,Highway,27.6,58.0,23.46,67.23785166240408,Other,North,Other
TRIP_02656,Lajpat Nagar,Shahdara,12.53,Afternoon,Weekday,Rain,Medium,Main Road,27.1,31.1,23.035,32.63729107879314,Other,Other,Other
TRIP_02657,Janakpuri,Mayur Vihar,20.24,Afternoon,Weekday,Heatwave,Medium,Main Road,28.7,44.1,24.395,49.78069276491084,West,Other,West Delhi
TRIP_02658,Chandni Chowk,Saket,14.23,Afternoon,Weekday,Clear,Low,Main Road,52.8,16.6,44.879999999999995,19.024064171122998,Central,South,Central Delhi
TRIP_02659,Rohini,Okhla,32.09,Evening Peak,Weekend,Fog,Medium,Highway,25.8,74.0,21.93,87.79753761969904,North,Other,North Delhi
TRIP_02660,Rohini,Civil Lines,18.15,Evening Peak,Weekday,Clear,Very High,Highway,21.9,49.8,18.615,58.50120870265915,North,Other,North Delhi
TRIP_02661,Greater Kailash,Nehru Place,1.9,Evening Peak,Weekday,Clear,Very High,Inner Road,8.0,14.7,6.8,16.764705882352942,South,Other,South Delhi
TRIP_02662,Noida Sector 18,Pitampura,24.06,Evening Peak,Weekday,Clear,Medium,Highway,65.4,22.6,55.59,25.96869940636805,Other,North,Other
TRIP_02663,Hauz Khas,Janakpuri,13.61,Afternoon,Weekday,Clear,Very High,Highway,18.6,46.5,15.81,51.650853889943065,Other,West,Other
TRIP_02664,Kalkaji,Connaught Place,11.2,Night,Weekday,Clear,Low,Highway,82.5,8.5,70.125,9.582887700534759,South,Central,South Delhi
TRIP_02665,Karol Bagh,Punjabi Bagh,6.08,Morning Peak,Weekday,Clear,High,Main Road,25.7,14.2,21.845,16.699473563744565,Central,West,Central Delhi
TRIP_02666,Lajpat Nagar,Hauz Khas,4.29,Evening Peak,Weekend,Heatwave,High,Main Road,17.8,16.1,15.13,17.01255783212161,Other,Other,Other
TRIP_02667,Shahdara,Kalkaji,15.71,Morning Peak,Weekday,Heatwave,Medium,Highway,56.3,16.8,47.855,19.697001358269777,Other,South,Other
TRIP_02668,IGI Airport,Janakpuri,7.4,Afternoon,Weekday,Clear,Medium,Inner Road,26.2,20.1,22.27,19.937135159407276,Other,West,Other
TRIP_02669,Pitampura,Rohini,8.97,Afternoon,Weekday,Clear,Medium,Main Road,38.7,15.5,32.895,16.361149110807112,North,North,Other
TRIP_02670,Nehru Place,Janakpuri,18.07,Evening Peak,Weekday,Rain,Low,Main Road,42.0,27.2,35.699999999999996,30.36974789915967,Other,West,Other
TRIP_02671,Nehru Place,Vasant Kunj,9.97,Morning Peak,Weekday,Clear,High,Main Road,27.6,22.2,23.46,25.498721227621484,Other,South,Other
TRIP_02672,IGI Airport,Punjabi Bagh,12.83,Evening Peak,Weekend,Heatwave,High,Main Road,23.3,33.6,19.805,38.86897248169654,Other,West,Other
TRIP_02673,Dwarka,Pitampura,15.04,Evening Peak,Weekday,Heatwave,High,Main Road,28.3,33.1,24.055,37.51403034712118,West,North,West Delhi
TRIP_02674,Hauz Khas,Pitampura,18.42,Evening Peak,Weekday,Clear,Very High,Highway,20.1,56.3,17.085,64.6883230904302,Other,North,Other
TRIP_02675,Saket,Nehru Place,5.32,Afternoon,Weekend,Clear,High,Main Road,17.2,19.2,14.62,21.83310533515732,South,Other,South Delhi
TRIP_02676,Punjabi Bagh,Vasant Kunj,16.74,Afternoon,Weekday,Clear,Very High,Highway,16.2,63.9,13.77,72.94117647058823,West,South,West Delhi
TRIP_02677,Preet Vihar,Civil Lines,7.88,Evening Peak,Weekday,Clear,Very High,Main Road,15.0,33.0,12.75,37.082352941176474,Other,Other,Other
TRIP_02678,Hauz Khas,Noida Sector 18,12.51,Evening Peak,Weekday,Rain,Very High,Main Road,6.9,114.3,5.865,127.97953964194375,Other,Other,Other
TRIP_02679,Greater Kailash,Nehru Place,1.9,Afternoon,Weekday,Rain,Medium,Inner Road,8.4,13.7,7.14,15.966386554621849,South,Other,South Delhi
TRIP_02680,Nehru Place,Civil Lines,14.85,Afternoon,Weekday,Clear,High,Main Road,26.5,35.0,22.525,39.55604883462819,Other,Other,Other
TRIP_02681,Model Town,Hauz Khas,18.43,Morning Peak,Weekday,Fog,High,Highway,18.6,57.8,15.81,69.94307400379508,North,Other,North Delhi
TRIP_02682,Karol Bagh,Okhla,15.59,Afternoon,Weekday,Clear,Medium,Main Road,43.3,21.5,36.805,25.41502513245483,Central,Other,Central Delhi
TRIP_02683,Hauz Khas,Nehru Place,5.2,Evening Peak,Weekend,Clear,High,Main Road,24.7,12.9,20.994999999999997,14.860681114551085,Other,Other,Other
TRIP_02684,Dwarka,Preet Vihar,24.67,Morning Peak,Weekday,Heatwave,Medium,Highway,42.9,36.3,36.464999999999996,40.59234882764295,West,Other,West Delhi
TRIP_02685,Punjabi Bagh,Lajpat Nagar,15.06,Morning Peak,Weekday,Heatwave,High,Highway,42.6,21.5,36.21,24.954432477216237,West,Other,West Delhi
TRIP_02686,Saket,Noida Sector 18,12.72,Evening Peak,Weekday,Clear,Very High,Highway,19.7,40.8,16.744999999999997,45.577784413257696,South,Other,South Delhi
TRIP_02687,Nehru Place,IGI Airport,14.99,Night,Weekday,Rain,Medium,Highway,33.5,27.2,28.474999999999998,31.585601404741006,Other,Other,Other
TRIP_02688,Hauz Khas,Model Town,18.43,Morning Peak,Weekend,Clear,Medium,Highway,52.6,22.3,44.71,24.732721986132855,Other,North,Other
TRIP_02689,Preet Vihar,Kalkaji,12.39,Evening Peak,Weekday,Clear,Medium,Highway,54.3,13.5,46.154999999999994,16.106597335066624,Other,South,Other
TRIP_02690,Lajpat Nagar,Connaught Place,7.13,Night,Weekday,Clear,High,Main Road,22.6,19.6,19.21,22.269651223321183,Other,Central,Other
TRIP_02691,Rajouri Garden,IGI Airport,10.32,Morning Peak,Weekday,Clear,Medium,Main Road,40.4,15.2,34.339999999999996,18.031450203843917,West,Other,Other
TRIP_02692,Connaught Place,Chandni Chowk,2.54,Evening Peak,Weekend,Fog,Low,Main Road,22.2,7.3,18.869999999999997,8.07631160572337,Central,Central,Central Delhi
TRIP_02693,Janakpuri,Nehru Place,18.07,Evening Peak,Weekday,Clear,Low,Main Road,59.8,17.8,50.83,21.32992327365729,West,Other,West Delhi
TRIP_02694,Okhla,Connaught Place,12.39,Evening Peak,Weekday,Clear,Very High,Highway,19.5,37.3,16.575,44.85067873303168,Other,Central,Other
TRIP_02695,Janakpuri,Punjabi Bagh,6.67,Afternoon,Weekday,Clear,High,Main Road,22.8,18.3,19.38,20.65015479876161,West,West,West Delhi
TRIP_02696,Chandni Chowk,Janakpuri,14.33,Morning Peak,Weekday,Fog,Very High,Main Road,8.1,112.3,6.885,124.88017429193901,Central,West,Central Delhi
TRIP_02697,Kalkaji,Chandni Chowk,12.95,Afternoon,Weekday,Clear,Medium,Highway,52.9,14.6,44.964999999999996,17.280106749694205,South,Central,South Delhi
TRIP_02698,Karol Bagh,Saket,14.26,Evening Peak,Weekday,Clear,High,Main Road,22.9,44.6,19.465,43.95581813511431,Central,South,Central Delhi
TRIP_02699,AIIMS,Hauz Khas,2.2,Evening Peak,Weekday,Heatwave,Medium,Main Road,32.4,4.3,27.54,4.793028322440088,Other,Other,Other
TRIP_02700,Model Town,AIIMS,16.52,Afternoon,Weekday,Clear,Very High,Main Road,9.3,106.0,7.905,125.38899430740038,North,Other,North Delhi
TRIP_02701,Janakpuri,Mayur Vihar,20.24,Morning Peak,Weekday,Clear,High,Highway,43.8,29.0,37.23,32.61885576148268,West,Other,West Delhi
TRIP_02702,Chandni Chowk,Connaught Place,2.54,Evening Peak,Weekend,Fog,Medium,Inner Road,12.4,12.6,10.54,14.45920303605313,Central,Central,Central Delhi
TRIP_02703,Nehru Place,Shahdara,14.22,Afternoon,Weekday,Clear,Medium,Highway,67.6,12.4,57.459999999999994,14.848590323703448,Other,Other,Other
TRIP_02704,Pitampura,Connaught Place,11.52,Evening Peak,Weekday,Rain,Very High,Main Road,7.0,107.5,5.95,116.16806722689074,North,Central,Other
TRIP_02705,Noida Sector 18,Lajpat Nagar,8.66,Evening Peak,Weekday,Clear,Very High,Inner Road,7.6,70.6,6.46,80.43343653250774,Other,Other,Other
TRIP_02706,Civil Lines,Preet Vihar,7.88,Evening Peak,Weekday,Clear,Very High,Main Road,13.0,36.1,11.049999999999999,42.787330316742086,Other,Other,Other
TRIP_02707,Dwarka,Connaught Place,17.23,Night,Weekday,Clear,Very High,Main Road,14.1,83.2,11.985,86.25782227784731,West,Central,West Delhi
TRIP_02708,Civil Lines,Saket,17.43,Afternoon,Weekday,Clear,Medium,Main Road,38.5,30.4,32.725,31.9572192513369,Other,South,Other
TRIP_02709,Rohini,Dwarka,17.53,Night,Weekday,Clear,Low,Inner Road,15.1,73.5,12.834999999999999,81.94779898714454,North,West,North Delhi
TRIP_02710,IGI Airport,Okhla,16.94,Morning Peak,Weekend,Clear,Medium,Highway,50.8,20.5,43.18,23.53867531264474,Other,Other,Other
TRIP_02711,Hauz Khas,Preet Vihar,13.62,Morning Peak,Weekday,Clear,High,Main Road,18.2,44.7,15.469999999999999,52.82482223658694,Other,Other,Other
TRIP_02712,Pitampura,Karol Bagh,8.11,Afternoon,Weekday,Clear,Very High,Inner Road,8.4,61.4,7.14,68.15126050420167,North,Central,Other
TRIP_02713,Rohini,Kalkaji,30.48,Evening Peak,Weekday,Clear,Medium,Highway,48.9,38.2,41.565,43.99855647780585,North,South,North Delhi
TRIP_02714,Hauz Khas,Dwarka,15.78,Night,Weekend,Fog,Low,Highway,32.9,27.9,27.964999999999996,33.856606472376185,Other,West,Other
TRIP_02715,Civil Lines,Lajpat Nagar,12.32,Afternoon,Weekend,Clear,Low,Main Road,53.7,14.6,45.645,16.194544857048964,Other,Other,Other
TRIP_02716,Mayur Vihar,Model Town,15.05,Afternoon,Weekday,Clear,Medium,Main Road,41.2,21.9,35.02,25.78526556253569,Other,North,Other
TRIP_02717,Kalkaji,Lajpat Nagar,4.08,Evening Peak,Weekday,Clear,High,Inner Road,9.3,26.5,7.905,30.967741935483872,South,Other,South Delhi
TRIP_02718,Janakpuri,Mayur Vihar,20.24,Night,Weekday,Clear,Low,Highway,87.2,14.3,74.12,16.384241770102534,West,Other,West Delhi
TRIP_02719,Civil Lines,Rohini,18.15,Afternoon,Weekend,Heatwave,Medium,Main Road,30.6,36.4,26.01,41.868512110726634,Other,North,Other
TRIP_02720,Noida Sector 18,Rajouri Garden,21.63,Morning Peak,Weekday,Clear,High,Highway,29.7,45.9,25.244999999999997,51.40819964349377,Other,West,Other
TRIP_02721,Vasant Kunj,Model Town,22.01,Night,Weekend,Clear,Low,Main Road,53.8,24.8,45.73,28.878198119396462,South,North,South Delhi
TRIP_02722,Hauz Khas,Greater Kailash,3.32,Evening Peak,Weekday,Fog,Medium,Highway,29.3,6.7,24.905,7.998393896807869,Other,South,Other
TRIP_02723,Dwarka,Janakpuri,5.26,Evening Peak,Weekday,Rain,High,Main Road,12.6,26.2,10.709999999999999,29.46778711484594,West,West,West Delhi
TRIP_02724,Greater Kailash,Okhla,4.03,Evening Peak,Weekday,Rain,Very High,Main Road,6.3,37.7,5.3549999999999995,45.15406162464986,South,Other,South Delhi
TRIP_02725,Greater Kailash,Preet Vihar,11.95,Evening Peak,Weekday,Clear,High,Main Road,24.8,30.5,21.08,34.01328273244782,South,Other,South Delhi
TRIP_02726,IGI Airport,Vasant Kunj,6.9,Afternoon,Weekday,Clear,High,Inner Road,19.7,22.3,16.744999999999997,24.72379814870111,Other,South,Other
TRIP_02727,Chandni Chowk,AIIMS,9.5,Morning Peak,Weekday,Clear,High,Inner Road,13.4,45.4,11.39,50.043898156277436,Central,Other,Central Delhi
TRIP_02728,Saket,Preet Vihar,15.46,Morning Peak,Weekday,Clear,Medium,Main Road,32.7,29.1,27.795,33.37290879654614,South,Other,South Delhi
TRIP_02729,Okhla,Saket,6.33,Evening Peak,Weekend,Clear,Medium,Highway,57.1,6.8,48.535,7.82528072524982,Other,South,Other
TRIP_02730,Mayur Vihar,Kalkaji,9.67,Morning Peak,Weekday,Rain,Medium,Main Road,26.8,22.6,22.78,25.469710272168566,Other,South,Other
TRIP_02731,AIIMS,Rohini,25.2,Morning Peak,Weekday,Rain,High,Highway,23.5,64.0,19.974999999999998,75.69461827284105,Other,North,Other
TRIP_02732,Dwarka,Lajpat Nagar,18.84,Afternoon,Weekday,Clear,High,Main Road,24.6,47.2,20.91,54.06025824964132,West,Other,West Delhi
TRIP_02733,IGI Airport,Karol Bagh,13.83,Afternoon,Weekend,Rain,Medium,Main Road,24.0,33.8,20.4,40.6764705882353,Other,Central,Other
TRIP_02734,Karol Bagh,Saket,14.26,Evening Peak,Weekday,Clear,High,Main Road,28.8,30.9,24.48,34.95098039215686,Central,South,Central Delhi
TRIP_02735,Greater Kailash,Chandni Chowk,11.55,Morning Peak,Weekend,Clear,Low,Highway,84.4,8.6,71.74000000000001,9.659882910510175,South,Central,South Delhi
TRIP_02736,Punjabi Bagh,Chandni Chowk,9.93,Evening Peak,Weekday,Fog,Medium,Main Road,22.5,26.2,19.125,31.152941176470584,West,Central,West Delhi
TRIP_02737,Model Town,Janakpuri,14.54,Afternoon,Weekday,Clear,High,Main Road,23.0,37.1,19.55,44.62404092071611,North,West,North Delhi
TRIP_02738,Dwarka,Lajpat Nagar,18.84,Morning Peak,Weekday,Clear,High,Main Road,18.0,62.4,15.299999999999999,73.88235294117648,West,Other,West Delhi
TRIP_02739,Nehru Place,Vasant Kunj,9.97,Evening Peak,Weekday,Clear,Very High,Main Road,14.6,41.7,12.41,48.203062046736505,Other,South,Other
TRIP_02740,Vasant Kunj,Civil Lines,19.08,Afternoon,Weekday,Clear,Medium,Main Road,30.4,40.8,25.84,44.303405572755416,South,Other,South Delhi
TRIP_02741,Civil Lines,Pitampura,9.41,Night,Weekday,Clear,Low,Inner Road,19.4,29.3,16.49,34.23893268647666,Other,North,Other
TRIP_02742,Noida Sector 18,Mayur Vihar,5.74,Evening Peak,Weekday,Clear,Very High,Main Road,9.6,38.6,8.16,42.20588235294118,Other,Other,Other
TRIP_02743,Greater Kailash,Noida Sector 18,9.35,Afternoon,Weekday,Clear,High,Inner Road,8.2,69.8,6.969999999999999,80.48780487804879,South,Other,South Delhi
TRIP_02744,Dwarka,AIIMS,16.25,Evening Peak,Weekday,Clear,Very High,Inner Road,8.2,135.6,6.969999999999999,139.88522238163563,West,Other,West Delhi
TRIP_02745,Karol Bagh,Janakpuri,10.56,Night,Weekday,Clear,Low,Main Road,43.6,14.7,37.06,17.09660010793308,Central,West,Central Delhi
TRIP_02746,Model Town,Nehru Place,19.38,Afternoon,Weekday,Fog,High,Highway,17.2,67.7,14.62,79.53488372093022,North,Other,North Delhi
TRIP_02747,Karol Bagh,Rohini,16.99,Evening Peak,Weekday,Rain,High,Highway,22.5,48.0,19.125,53.30196078431372,Central,North,Central Delhi
TRIP_02748,Pitampura,Punjabi Bagh,3.98,Morning Peak,Weekday,Clear,High,Inner Road,12.2,20.1,10.37,23.027965284474448,North,West,Other
TRIP_02749,Kalkaji,Civil Lines,16.3,Night,Weekday,Clear,High,Inner Road,13.2,72.3,11.219999999999999,87.16577540106952,South,Other,South Delhi
TRIP_02750,Chandni Chowk,Okhla,13.88,Evening Peak,Weekday,Heatwave,Medium,Main Road,36.4,23.7,30.939999999999998,26.916612798965744,Central,Other,Central Delhi
TRIP_02751,Lajpat Nagar,Shahdara,12.53,Morning Peak,Weekday,Clear,Very High,Main Road,10.3,73.6,8.755,85.87093089663048,Other,Other,Other
TRIP_02752,Noida Sector 18,Okhla,6.92,Night,Weekday,Rain,Medium,Main Road,26.1,15.6,22.185000000000002,18.715348208248816,Other,Other,Other
TRIP_02753,Dwarka,AIIMS,16.25,Afternoon,Weekday,Fog,High,Inner Road,8.1,126.4,6.885,141.61220043572985,West,Other,West Delhi
TRIP_02754,Connaught Place,Greater Kailash,9.57,Afternoon,Weekday,Fog,Very High,Inner Road,4.9,118.4,4.165,137.86314525810326,Central,South,Central Delhi
TRIP_02755,Pitampura,Rajouri Garden,6.43,Evening Peak,Weekend,Clear,High,Highway,30.6,12.4,26.01,14.832756632064589,North,West,Other
TRIP_02756,Preet Vihar,Vasant Kunj,18.93,Evening Peak,Weekday,Heatwave,Very High,Main Road,10.3,114.3,8.755,129.7315819531696,Other,South,Other
TRIP_02757,Kalkaji,Chandni Chowk,12.95,Evening Peak,Weekday,Rain,Medium,Main Road,25.7,29.5,21.845,35.56878004119936,South,Central,South Delhi
TRIP_02758,Rohini,Preet Vihar,25.98,Afternoon,Weekday,Clear,High,Highway,36.2,43.2,30.770000000000003,50.659733506662334,North,Other,North Delhi
TRIP_02759,Dwarka,Kalkaji,21.07,Afternoon,Weekday,Heatwave,High,Main Road,21.2,60.8,18.02,70.15538290788012,West,South,West Delhi
TRIP_02760,Vasant Kunj,Noida Sector 18,17.44,Evening Peak,Weekday,Clear,Very High,Main Road,11.9,91.0,10.115,103.4503213049926,South,Other,South Delhi
TRIP_02761,Kalkaji,IGI Airport,15.01,Evening Peak,Weekday,Heatwave,High,Main Road,18.8,49.7,15.98,56.35794743429286,South,Other,South Delhi
TRIP_02762,Nehru Place,Rajouri Garden,16.77,Morning Peak,Weekday,Rain,Very High,Main Road,10.7,97.5,9.094999999999999,110.63221550302364,Other,West,Other
TRIP_02763,Model Town,Punjabi Bagh,7.93,Night,Weekend,Rain,Low,Main Road,24.7,20.2,20.994999999999997,22.662538699690405,North,West,North Delhi
TRIP_02764,Kalkaji,IGI Airport,15.01,Evening Peak,Weekday,Clear,High,Highway,41.3,22.2,35.105,25.65446517590087,South,Other,South Delhi
TRIP_02765,Model Town,Lajpat Nagar,16.71,Morning Peak,Weekend,Clear,High,Highway,41.1,25.1,34.935,28.699012451696007,North,Other,North Delhi
TRIP_02766,Connaught Place,Chandni Chowk,2.54,Morning Peak,Weekend,Clear,High,Inner Road,11.4,13.2,9.69,15.727554179566564,Central,Central,Central Delhi
TRIP_02767,Lajpat Nagar,Chandni Chowk,8.98,Evening Peak,Weekday,Fog,Medium,Main Road,16.4,34.0,13.939999999999998,38.65136298421808,Other,Central,Other
TRIP_02768,Model Town,AIIMS,16.52,Evening Peak,Weekday,Heatwave,Low,Highway,80.1,12.6,68.085,14.558272747301167,North,Other,North Delhi
TRIP_02769,Dwarka,Vasant Kunj,13.52,Night,Weekday,Heatwave,Low,Main Road,49.8,16.7,42.33,19.16371367824238,West,South,West Delhi
TRIP_02770,Greater Kailash,Lajpat Nagar,2.6,Evening Peak,Weekend,Clear,Low,Main Road,36.2,4.5,30.770000000000003,5.069873253168671,South,Other,South Delhi
TRIP_02771,Nehru Place,IGI Airport,14.99,Morning Peak,Weekday,Clear,Very High,Highway,16.2,57.2,13.77,65.31590413943356,Other,Other,Other
TRIP_02772,IGI Airport,Saket,11.0,Morning Peak,Weekend,Clear,Low,Highway,65.8,10.3,55.92999999999999,11.800464866797785,Other,South,Other
TRIP_02773,Mayur Vihar,Noida Sector 18,5.74,Afternoon,Weekday,Heatwave,High,Highway,35.4,9.6,30.089999999999996,11.445663010967099,Other,Other,Other
TRIP_02774,IGI Airport,Janakpuri,7.4,Morning Peak,Weekday,Fog,High,Main Road,15.0,29.4,12.75,34.82352941176471,Other,West,Other
TRIP_02775,IGI Airport,Janakpuri,7.4,Afternoon,Weekday,Rain,Medium,Main Road,27.1,16.8,23.035,19.27501627957456,Other,West,Other
TRIP_02776,IGI Airport,Kalkaji,15.01,Afternoon,Weekday,Heatwave,Low,Main Road,46.0,22.8,39.1,23.033248081841432,Other,South,Other
TRIP_02777,Preet Vihar,Mayur Vihar,3.05,Morning Peak,Weekday,Fog,High,Inner Road,7.7,23.7,6.545,27.960275019098546,Other,Other,Other
TRIP_02778,Rohini,Nehru Place,29.42,Afternoon,Weekday,Clear,Medium,Highway,55.1,33.8,46.835,37.689761930180424,North,Other,North Delhi
TRIP_02779,Dwarka,Saket,17.4,Morning Peak,Weekend,Heatwave,Medium,Main Road,35.6,30.9,30.26,34.50099140779907,West,South,West Delhi
TRIP_02780,Pitampura,Saket,21.25,Afternoon,Weekday,Clear,Medium,Highway,65.8,20.3,55.92999999999999,22.79635258358663,North,South,Other
TRIP_02781,Chandni Chowk,IGI Airport,16.54,Morning Peak,Weekday,Clear,Very High,Main Road,10.1,100.0,8.584999999999999,115.59697146185208,Central,Other,Central Delhi
TRIP_02782,IGI Airport,Noida Sector 18,22.12,Evening Peak,Weekday,Rain,High,Highway,30.9,41.9,26.264999999999997,50.531125071387784,Other,Other,Other
TRIP_02783,Vasant Kunj,Okhla,11.21,Evening Peak,Weekday,Rain,High,Main Road,16.4,41.0,13.939999999999998,48.24964131994262,South,Other,South Delhi
TRIP_02784,Karol Bagh,Civil Lines,4.62,Evening Peak,Weekday,Clear,Medium,Inner Road,16.9,16.8,14.364999999999998,19.296902192829798,Central,Other,Central Delhi
TRIP_02785,Preet Vihar,Karol Bagh,10.02,Morning Peak,Weekday,Clear,Medium,Main Road,33.3,18.8,28.304999999999996,21.24006359300477,Other,Central,Other
TRIP_02786,IGI Airport,Noida Sector 18,22.12,Evening Peak,Weekday,Heatwave,High,Inner Road,10.8,123.2,9.18,144.5751633986928,Other,Other,Other
TRIP_02787,Okhla,Pitampura,23.54,Afternoon,Weekday,Clear,Medium,Highway,50.6,28.2,43.01,32.8388746803069,Other,North,Other
TRIP_02788,Pitampura,Preet Vihar,17.1,Afternoon,Weekday,Clear,Very High,Main Road,12.9,79.2,10.965,93.57045143638852,North,Other,Other
TRIP_02789,Connaught Place,Nehru Place,9.83,Morning Peak,Weekday,Clear,Very High,Main Road,11.3,51.2,9.605,61.40551795939614,Central,Other,Central Delhi
TRIP_02790,Punjabi Bagh,Lajpat Nagar,15.06,Afternoon,Weekday,Clear,High,Main Road,24.6,36.4,20.91,43.21377331420373,West,Other,West Delhi
TRIP_02791,Okhla,Noida Sector 18,6.92,Morning Peak,Weekend,Clear,Medium,Main Road,40.2,10.2,34.17,12.15100965759438,Other,Other,Other
TRIP_02792,Vasant Kunj,Mayur Vihar,17.08,Morning Peak,Weekday,Clear,Medium,Main Road,45.9,23.7,39.015,26.266820453671663,South,Other,South Delhi
TRIP_02793,IGI Airport,Mayur Vihar,20.09,Afternoon,Weekday,Clear,Medium,Highway,54.1,21.8,45.985,26.21289550940524,Other,Other,Other
TRIP_02794,Dwarka,Rohini,17.53,Afternoon,Weekday,Clear,High,Highway,37.0,30.0,31.45,33.44356120826709,West,North,West Delhi
TRIP_02795,Noida Sector 18,Model Town,20.73,Afternoon,Weekday,Clear,Medium,Highway,49.6,29.2,42.16,29.501897533206833,Other,North,Other
TRIP_02796,Greater Kailash,Nehru Place,1.9,Evening Peak,Weekday,Rain,High,Inner Road,8.9,13.0,7.565,15.069398545935226,South,Other,South Delhi
TRIP_02797,Rohini,Vasant Kunj,27.39,Night,Weekend,Clear,Low,Highway,93.3,17.5,79.30499999999999,20.72252695290335,North,South,North Delhi
TRIP_02798,Nehru Place,Connaught Place,9.83,Afternoon,Weekend,Clear,Medium,Highway,55.6,11.0,47.26,12.479898434193823,Other,Central,Other
TRIP_02799,Noida Sector 18,Greater Kailash,9.35,Evening Peak,Weekday,Heatwave,Medium,Main Road,26.3,21.2,22.355,25.09505703422053,Other,South,Other
TRIP_02800,Noida Sector 18,Okhla,6.92,Afternoon,Weekend,Clear,High,Inner Road,15.9,26.0,13.515,30.72142064372919,Other,Other,Other
TRIP_02801,Punjabi Bagh,Preet Vihar,16.03,Morning Peak,Weekend,Clear,Medium,Highway,56.3,17.9,47.855,20.098213352836694,West,Other,West Delhi
TRIP_02802,Kalkaji,Connaught Place,11.2,Night,Weekday,Clear,Low,Inner Road,33.7,19.4,28.645000000000003,23.45959155175423,South,Central,South Delhi
TRIP_02803,Vasant Kunj,Lajpat Nagar,9.65,Afternoon,Weekday,Clear,High,Inner Road,16.0,38.3,13.6,42.57352941176471,South,Other,South Delhi
TRIP_02804,Civil Lines,Rohini,18.15,Evening Peak,Weekday,Clear,High,Main Road,22.7,48.4,19.294999999999998,56.43949209639803,Other,North,Other
TRIP_02805,Dwarka,Preet Vihar,24.67,Evening Peak,Weekend,Clear,High,Highway,40.0,41.6,34.0,43.535294117647055,West,Other,West Delhi
TRIP_02806,Hauz Khas,Model Town,18.43,Evening Peak,Weekday,Rain,High,Main Road,12.7,88.5,10.795,102.43631310792033,Other,North,Other
TRIP_02807,Preet Vihar,Punjabi Bagh,16.03,Afternoon,Weekday,Clear,High,Highway,36.1,26.0,30.685,31.34430503503341,Other,West,Other
TRIP_02808,Civil Lines,Shahdara,6.29,Morning Peak,Weekday,Clear,High,Main Road,19.8,19.6,16.830000000000002,22.424242424242422,Other,Other,Other
TRIP_02809,Noida Sector 18,Saket,12.72,Evening Peak,Weekday,Clear,Very High,Main Road,14.2,53.6,12.069999999999999,63.231151615575826,Other,South,Other
TRIP_02810,Pitampura,Rohini,8.97,Afternoon,Weekday,Clear,Medium,Main Road,27.5,20.7,23.375,23.024598930481286,North,North,Other
TRIP_02811,Shahdara,Pitampura,15.65,Afternoon,Weekday,Heatwave,Medium,Main Road,24.6,37.3,20.91,44.90674318507891,Other,North,Other
TRIP_02812,Karol Bagh,Model Town,7.02,Evening Peak,Weekday,Fog,Low,Main Road,29.5,14.2,25.075,16.797607178464606,Central,North,Central Delhi
TRIP_02813,Model Town,IGI Airport,19.83,Evening Peak,Weekday,Clear,High,Main Road,26.4,51.9,22.439999999999998,53.02139037433155,North,Other,North Delhi
TRIP_02814,Kalkaji,Vasant Kunj,9.44,Evening Peak,Weekday,Clear,High,Highway,42.0,13.6,35.699999999999996,15.865546218487395,South,South,South Delhi
TRIP_02815,Pitampura,Noida Sector 18,24.06,Evening Peak,Weekday,Clear,Very High,Highway,20.4,70.4,17.34,83.25259515570934,North,Other,Other
TRIP_02816,Civil Lines,Model Town,5.0,Evening Peak,Weekday,Clear,High,Inner Road,11.6,26.3,9.86,30.425963488843813,Other,North,Other
TRIP_02817,Karol Bagh,Kalkaji,14.25,Morning Peak,Weekend,Clear,Medium,Main Road,32.7,26.4,27.795,30.760928224500805,Central,South,Central Delhi
TRIP_02818,Pitampura,Greater Kailash,20.1,Evening Peak,Weekday,Clear,Medium,Highway,68.2,17.3,57.97,20.803864067621184,North,South,Other
TRIP_02819,Shahdara,Chandni Chowk,6.2,Evening Peak,Weekday,Clear,Very High,Main Road,12.1,30.4,10.285,36.16917841516772,Other,Central,Other
TRIP_02820,Pitampura,Chandni Chowk,11.29,Afternoon,Weekday,Clear,High,Highway,38.1,18.0,32.385,20.917091245947194,North,Central,Other
TRIP_02821,Civil Lines,Dwarka,20.04,Morning Peak,Weekday,Clear,Very High,Highway,20.7,57.7,17.595,68.3375959079284,Other,West,Other
TRIP_02822,Saket,Connaught Place,11.95,Afternoon,Weekday,Clear,High,Highway,35.3,20.6,30.004999999999995,23.896017330444927,South,Central,South Delhi
TRIP_02823,Hauz Khas,Greater Kailash,3.32,Evening Peak,Weekday,Clear,High,Inner Road,13.3,15.6,11.305,17.620521892967712,Other,South,Other
TRIP_02824,Karol Bagh,Okhla,15.59,Afternoon,Weekday,Heatwave,Medium,Highway,48.8,22.1,41.48,22.55062680810029,Central,Other,Central Delhi
TRIP_02825,Vasant Kunj,Lajpat Nagar,9.65,Evening Peak,Weekday,Heatwave,High,Inner Road,16.6,40.7,14.110000000000001,41.034727143869596,South,Other,South Delhi
TRIP_02826,Shahdara,Model Town,10.5,Morning Peak,Weekend,Clear,Low,Highway,77.9,8.5,66.215,9.514460469682096,Other,North,Other
TRIP_02827,Noida Sector 18,Nehru Place,7.47,Night,Weekday,Heatwave,High,Inner Road,16.4,27.4,13.939999999999998,32.15208034433286,Other,Other,Other
TRIP_02828,Hauz Khas,Kalkaji,5.29,Afternoon,Weekday,Fog,Medium,Main Road,24.2,13.5,20.57,15.430238210986875,Other,South,Other
TRIP_02829,IGI Airport,Okhla,16.94,Evening Peak,Weekend,Clear,Low,Highway,79.8,12.7,67.83,14.98452012383901,Other,Other,Other
TRIP_02830,Rajouri Garden,Janakpuri,4.38,Evening Peak,Weekday,Rain,High,Inner Road,8.5,31.5,7.225,36.37370242214533,West,West,Other
TRIP_02831,Noida Sector 18,Dwarka,27.45,Afternoon,Weekday,Clear,Medium,Highway,56.6,33.7,48.11,34.234046975680734,Other,West,Other
TRIP_02832,Civil Lines,Shahdara,6.29,Afternoon,Weekend,Clear,High,Inner Road,16.1,24.0,13.685,27.577639751552795,Other,Other,Other
TRIP_02833,Saket,Civil Lines,17.43,Evening Peak,Weekday,Rain,High,Highway,23.0,53.3,19.55,53.49360613810742,South,Other,South Delhi
TRIP_02834,Model Town,Hauz Khas,18.43,Night,Weekday,Rain,Low,Highway,50.3,23.1,42.754999999999995,25.863641679335753,North,Other,North Delhi
TRIP_02835,Chandni Chowk,Hauz Khas,11.65,Afternoon,Weekday,Rain,Very High,Main Road,6.3,115.6,5.3549999999999995,130.53221288515408,Central,Other,Central Delhi
TRIP_02836,IGI Airport,Nehru Place,14.99,Morning Peak,Weekday,Rain,High,Inner Road,8.8,101.2,7.48,120.24064171122994,Other,Other,Other
TRIP_02837,Lajpat Nagar,Mayur Vihar,7.45,Evening Peak,Weekday,Clear,Very High,Inner Road,8.1,54.8,6.885,64.92374727668846,Other,Other,Other
TRIP_02838,Model Town,Civil Lines,5.0,Morning Peak,Weekday,Clear,Medium,Inner Road,20.3,14.4,17.255,17.386264850767894,North,Other,North Delhi
TRIP_02839,Noida Sector 18,Saket,12.72,Morning Peak,Weekday,Clear,Very High,Main Road,11.2,68.0,9.52,80.16806722689077,Other,South,Other
TRIP_02840,Model Town,Chandni Chowk,8.08,Night,Weekday,Rain,Medium,Main Road,27.5,17.4,23.375,20.740106951871656,North,Central,North Delhi
TRIP_02841,Mayur Vihar,Rohini,27.72,Evening Peak,Weekday,Clear,High,Main Road,21.0,78.1,17.849999999999998,93.17647058823529,Other,North,Other
TRIP_02842,Pitampura,Lajpat Nagar,18.08,Afternoon,Weekday,Rain,High,Highway,26.3,41.8,22.355,48.526056810556916,North,Other,Other
TRIP_02843,Lajpat Nagar,Chandni Chowk,8.98,Evening Peak,Weekend,Heatwave,Medium,Main Road,38.4,16.9,32.64,16.50735294117647,Other,Central,Other
TRIP_02844,Saket,Okhla,6.33,Evening Peak,Weekday,Heatwave,High,Main Road,18.0,21.3,15.299999999999999,24.823529411764707,South,Other,South Delhi
TRIP_02845,Hauz Khas,Lajpat Nagar,4.29,Night,Weekday,Clear,Low,Inner Road,28.8,9.2,24.48,10.51470588235294,Other,Other,Other
TRIP_02846,Karol Bagh,Vasant Kunj,15.08,Evening Peak,Weekday,Rain,Very High,Main Road,9.1,98.5,7.734999999999999,116.9747899159664,Central,South,Central Delhi
TRIP_02847,Punjabi Bagh,Saket,17.62,Afternoon,Weekday,Fog,High,Main Road,15.6,70.3,13.26,79.72850678733033,West,South,West Delhi
TRIP_02848,Pitampura,Okhla,23.54,Evening Peak,Weekend,Clear,High,Main Road,26.8,51.2,22.78,62.001755926251086,North,Other,Other
TRIP_02849,Rohini,Lajpat Nagar,26.64,Evening Peak,Weekend,Clear,Very High,Highway,17.6,95.1,14.96,106.84491978609626,North,Other,North Delhi
TRIP_02850,Pitampura,IGI Airport,16.75,Evening Peak,Weekday,Clear,High,Highway,43.9,22.8,37.315,26.93286881950958,North,Other,Other
TRIP_02851,Connaught Place,Civil Lines,5.49,Evening Peak,Weekend,Rain,Medium,Main Road,23.6,14.4,20.060000000000002,16.42073778664008,Central,Other,Central Delhi
TRIP_02852,Okhla,Rohini,32.09,Night,Weekend,Clear,Low,Highway,74.0,25.7,62.9,30.61049284578697,Other,North,Other
TRIP_02853,AIIMS,Greater Kailash,3.26,Morning Peak,Weekday,Clear,High,Main Road,18.5,11.4,15.725,12.43879173290938,Other,South,Other
TRIP_02854,Hauz Khas,Karol Bagh,11.44,Afternoon,Weekday,Clear,Medium,Highway,53.9,14.9,45.815,14.981992797118847,Other,Central,Other
TRIP_02855,Greater Kailash,Model Town,19.14,Evening Peak,Weekday,Clear,Very High,Main Road,15.3,78.0,13.005,88.3044982698962,South,North,South Delhi
TRIP_02856,Okhla,IGI Airport,16.94,Evening Peak,Weekend,Clear,Very High,Highway,16.7,61.6,14.194999999999999,71.60267699894331,Other,Other,Other
TRIP_02857,AIIMS,Lajpat Nagar,2.68,Night,Weekday,Clear,Low,Inner Road,32.9,4.8,27.964999999999996,5.750044698730557,Other,Other,Other
TRIP_02858,Shahdara,Janakpuri,20.44,Evening Peak,Weekday,Clear,Very High,Highway,18.7,64.5,15.895,77.15633847121738,Other,West,Other
TRIP_02859,Greater Kailash,Vasant Kunj,8.11,Afternoon,Weekend,Fog,High,Main Road,12.9,39.1,10.965,44.37756497948016,South,South,South Delhi
TRIP_02860,AIIMS,Shahdara,14.08,Afternoon,Weekend,Heatwave,High,Highway,33.8,25.2,28.729999999999997,29.404803341454926,Other,Other,Other
TRIP_02861,Kalkaji,Lajpat Nagar,4.08,Night,Weekend,Rain,Low,Inner Road,27.5,8.8,23.375,10.472727272727273,South,Other,South Delhi
TRIP_02862,Shahdara,Hauz Khas,16.26,Evening Peak,Weekend,Fog,Very High,Highway,8.5,121.0,7.225,135.03114186851212,Other,Other,Other
TRIP_02863,Rajouri Garden,Janakpuri,4.38,Afternoon,Weekday,Fog,High,Inner Road,8.3,31.3,7.055000000000001,37.25017717930545,West,West,Other
TRIP_02864,AIIMS,Lajpat Nagar,2.68,Morning Peak,Weekday,Clear,High,Main Road,21.9,7.2,18.615,8.638195004029011,Other,Other,Other
TRIP_02865,Mayur Vihar,Kalkaji,9.67,Evening Peak,Weekday,Heatwave,High,Main Road,18.4,31.3,15.639999999999999,37.09718670076727,Other,South,Other
TRIP_02866,Vasant Kunj,Lajpat Nagar,9.65,Afternoon,Weekend,Rain,Medium,Main Road,32.2,18.4,27.37,21.15454877603215,South,Other,South Delhi
TRIP_02867,Kalkaji,Saket,4.6,Night,Weekday,Clear,Low,Main Road,50.2,5.8,42.67,6.468244668385282,South,South,South Delhi
TRIP_02868,Hauz Khas,Connaught Place,9.27,Night,Weekday,Clear,Medium,Inner Road,19.2,28.9,16.32,34.080882352941174,Other,Central,Other
TRIP_02869,AIIMS,Connaught Place,7.18,Night,Weekday,Clear,Medium,Highway,48.1,8.9,40.885,10.536871713342302,Other,Central,Other
TRIP_02870,Vasant Kunj,Janakpuri,13.24,Evening Peak,Weekday,Clear,High,Main Road,18.0,45.2,15.299999999999999,51.92156862745098,South,West,South Delhi
TRIP_02871,Vasant Kunj,AIIMS,7.41,Morning Peak,Weekday,Heatwave,High,Main Road,19.4,23.6,16.49,26.96179502728927,South,Other,South Delhi
TRIP_02872,Nehru Place,Shahdara,14.22,Afternoon,Weekday,Rain,Medium,Main Road,27.1,31.6,23.035,37.03928803993922,Other,Other,Other
TRIP_02873,Pitampura,Rohini,8.97,Night,Weekday,Clear,Medium,Main Road,43.4,12.8,36.89,14.589319598807267,North,North,Other
TRIP_02874,Hauz Khas,Rohini,26.29,Evening Peak,Weekday,Clear,Very High,Highway,15.6,99.3,13.26,118.95927601809956,Other,North,Other
TRIP_02875,Nehru Place,Pitampura,20.88,Afternoon,Weekday,Clear,Medium,Highway,65.8,19.8,55.92999999999999,22.399427856248884,Other,North,Other
TRIP_02876,AIIMS,Dwarka,16.25,Evening Peak,Weekday,Heatwave,High,Main Road,24.2,41.5,20.57,47.39912493923189,Other,West,Other
TRIP_02877,Lajpat Nagar,Karol Bagh,10.19,Evening Peak,Weekday,Heatwave,Very High,Highway,15.0,39.7,12.75,47.95294117647059,Other,Central,Other
TRIP_02878,IGI Airport,Janakpuri,7.4,Night,Weekday,Heatwave,Low,Main Road,50.0,9.0,42.5,10.447058823529412,Other,West,Other
TRIP_02879,Model Town,Pitampura,5.98,Afternoon,Weekday,Clear,Medium,Main Road,38.6,9.7,32.81,10.93569033831149,North,North,North Delhi
TRIP_02880,Civil Lines,Rohini,18.15,Afternoon,Weekend,Clear,Low,Highway,86.5,13.3,73.52499999999999,14.81128867732064,Other,North,Other
TRIP_02881,Karol Bagh,Model Town,7.02,Evening Peak,Weekday,Clear,High,Main Road,21.6,20.4,18.36,22.941176470588232,Central,North,Central Delhi
TRIP_02882,Okhla,Karol Bagh,15.59,Evening Peak,Weekend,Heatwave,High,Main Road,26.4,34.5,22.439999999999998,41.68449197860963,Other,Central,Other
TRIP_02883,Noida Sector 18,Shahdara,12.02,Afternoon,Weekday,Fog,Very High,Highway,8.9,83.5,7.565,95.3337739590218,Other,Other,Other
TRIP_02884,Rohini,Janakpuri,14.51,Morning Peak,Weekday,Clear,High,Highway,38.7,22.5,32.895,26.466028271773823,North,West,North Delhi
TRIP_02885,Okhla,AIIMS,7.2,Evening Peak,Weekend,Clear,Low,Main Road,42.2,10.0,35.870000000000005,12.043490381934763,Other,Other,Other
TRIP_02886,Noida Sector 18,Chandni Chowk,12.9,Evening Peak,Weekday,Clear,Very High,Highway,21.9,37.1,18.615,41.57937147461725,Other,Central,Other
TRIP_02887,Preet Vihar,Chandni Chowk,6.1,Evening Peak,Weekend,Clear,Very High,Main Road,13.5,27.9,11.475,31.895424836601308,Other,Central,Other
TRIP_02888,Dwarka,Lajpat Nagar,18.84,Evening Peak,Weekday,Clear,High,Highway,39.0,33.0,33.15,34.09954751131222,West,Other,West Delhi
TRIP_02889,Kalkaji,Janakpuri,18.68,Evening Peak,Weekend,Clear,Medium,Highway,65.5,20.1,55.675,20.1311180960934,South,West,South Delhi
TRIP_02890,Lajpat Nagar,Noida Sector 18,8.66,Evening Peak,Weekday,Clear,Medium,Main Road,29.9,17.0,25.415,20.444619319299626,Other,Other,Other
TRIP_02891,Mayur Vihar,Vasant Kunj,17.08,Evening Peak,Weekend,Heatwave,Very High,Main Road,9.7,108.6,8.245,124.29351121892057,Other,South,Other
TRIP_02892,Nehru Place,Greater Kailash,1.9,Evening Peak,Weekday,Heatwave,Very High,Inner Road,8.0,16.5,6.8,16.764705882352942,Other,South,Other
TRIP_02893,Connaught Place,Rajouri Garden,9.35,Afternoon,Weekday,Clear,Medium,Main Road,42.6,13.1,36.21,15.492957746478874,Central,West,Central Delhi
TRIP_02894,Rajouri Garden,Preet Vihar,16.6,Evening Peak,Weekday,Clear,High,Highway,35.7,27.1,30.345000000000002,32.82254078101829,West,Other,Other
TRIP_02895,Noida Sector 18,Saket,12.72,Morning Peak,Weekday,Fog,High,Main Road,12.1,62.1,10.285,74.20515313563443,Other,South,Other
TRIP_02896,Kalkaji,Civil Lines,16.3,Evening Peak,Weekday,Clear,Medium,Highway,61.0,15.7,51.85,18.862102217936357,South,Other,South Delhi
TRIP_02897,Mayur Vihar,Vasant Kunj,17.08,Morning Peak,Weekday,Clear,High,Main Road,28.7,39.8,24.395,42.00860832137733,Other,South,Other
TRIP_02898,Connaught Place,Hauz Khas,9.27,Evening Peak,Weekend,Clear,Very High,Main Road,11.7,49.0,9.944999999999999,55.92760180995476,Central,Other,Central Delhi
TRIP_02899,Pitampura,Karol Bagh,8.11,Night,Weekday,Clear,Low,Main Road,41.1,12.2,34.935,13.928724774581363,North,Central,Other
TRIP_02900,Civil Lines,Karol Bagh,4.62,Evening Peak,Weekday,Clear,High,Inner Road,15.1,18.7,12.834999999999999,21.597195169458516,Other,Central,Other
TRIP_02901,Shahdara,Connaught Place,8.44,Afternoon,Weekday,Rain,Medium,Main Road,29.1,17.6,24.735,20.473013947847182,Other,Central,Other
TRIP_02902,Dwarka,Chandni Chowk,19.18,Morning Peak,Weekday,Clear,Low,Highway,61.9,18.6,52.614999999999995,21.872089708258105,West,Central,West Delhi
TRIP_02903,Preet Vihar,Chandni Chowk,6.1,Evening Peak,Weekend,Fog,Medium,Inner Road,11.6,32.6,9.86,37.11967545638945,Other,Central,Other
TRIP_02904,Connaught Place,Rohini,20.4,Morning Peak,Weekday,Clear,Very High,Inner Road,7.8,155.3,6.63,184.61538461538458,Central,North,Central Delhi
TRIP_02905,Punjabi Bagh,Rohini,11.6,Night,Weekday,Heatwave,Low,Main Road,49.6,14.7,42.16,16.50853889943074,West,North,West Delhi
TRIP_02906,Okhla,Noida Sector 18,6.92,Night,Weekend,Rain,Low,Highway,57.5,7.1,48.875,8.495140664961637,Other,Other,Other
TRIP_02907,Mayur Vihar,Hauz Khas,11.72,Evening Peak,Weekday,Clear,Very High,Inner Road,7.7,93.9,6.545,107.44079449961804,Other,Other,Other
TRIP_02908,Vasant Kunj,Punjabi Bagh,16.74,Evening Peak,Weekend,Fog,Low,Main Road,33.0,31.8,28.05,35.80748663101603,South,West,South Delhi
TRIP_02909,Rohini,Connaught Place,20.4,Evening Peak,Weekday,Heatwave,Very High,Main Road,14.0,91.9,11.9,102.85714285714285,North,Central,North Delhi
TRIP_02910,Saket,Mayur Vihar,13.17,Evening Peak,Weekend,Clear,Medium,Highway,68.6,12.9,58.309999999999995,13.551706396844454,South,Other,South Delhi
TRIP_02911,Noida Sector 18,Rohini,33.01,Evening Peak,Weekday,Heatwave,High,Highway,33.5,62.3,28.474999999999998,69.55575065847235,Other,North,Other
TRIP_02912,Connaught Place,AIIMS,7.18,Morning Peak,Weekday,Clear,Very High,Inner Road,7.7,56.2,6.545,65.82123758594346,Central,Other,Central Delhi
TRIP_02913,Rajouri Garden,Hauz Khas,13.23,Afternoon,Weekday,Clear,Medium,Main Road,44.4,17.6,37.739999999999995,21.03338632750398,West,Other,Other
TRIP_02914,Rohini,Chandni Chowk,20.26,Afternoon,Weekday,Heatwave,High,Highway,35.8,34.2,30.429999999999996,39.94742030890569,North,Central,North Delhi
TRIP_02915,Shahdara,Chandni Chowk,6.2,Afternoon,Weekday,Fog,Medium,Main Road,18.8,19.8,15.98,23.27909887359199,Other,Central,Other
TRIP_02916,Preet Vihar,Kalkaji,12.39,Morning Peak,Weekend,Fog,Low,Highway,38.6,19.7,32.81,22.657726302956412,Other,South,Other
TRIP_02917,Vasant Kunj,Dwarka,13.52,Morning Peak,Weekday,Clear,Very High,Main Road,11.0,81.3,9.35,86.75935828877006,South,West,South Delhi
TRIP_02918,Vasant Kunj,IGI Airport,6.9,Afternoon,Weekend,Clear,Low,Main Road,59.1,7.0,50.235,8.241266049567034,South,Other,South Delhi
TRIP_02919,Kalkaji,Hauz Khas,5.29,Morning Peak,Weekday,Clear,High,Highway,44.8,7.4,38.08,8.335084033613446,South,Other,South Delhi
TRIP_02920,Karol Bagh,Shahdara,9.9,Afternoon,Weekday,Heatwave,High,Main Road,20.9,28.0,17.764999999999997,33.43653250773995,Central,Other,Central Delhi
TRIP_02921,Civil Lines,Hauz Khas,14.76,Afternoon,Weekday,Clear,Medium,Highway,57.4,15.1,48.79,18.15126050420168,Other,Other,Other
TRIP_02922,Kalkaji,Hauz Khas,5.29,Morning Peak,Weekday,Clear,High,Inner Road,16.3,21.4,13.855,22.90869722121978,South,Other,South Delhi
TRIP_02923,Punjabi Bagh,Civil Lines,9.27,Afternoon,Weekend,Clear,Low,Main Road,45.2,12.6,38.42,14.476834981780321,West,Other,West Delhi
TRIP_02924,Shahdara,IGI Airport,22.57,Evening Peak,Weekday,Fog,High,Main Road,14.9,92.6,12.665,106.9245953414923,Other,Other,Other
TRIP_02925,Dwarka,Saket,17.4,Evening Peak,Weekday,Rain,Very High,Main Road,7.9,128.7,6.715,155.47282204020848,West,South,West Delhi
TRIP_02926,Kalkaji,Hauz Khas,5.29,Night,Weekday,Fog,Medium,Main Road,22.4,14.3,19.04,16.670168067226893,South,Other,South Delhi
TRIP_02927,Pitampura,Rohini,8.97,Morning Peak,Weekday,Clear,Very High,Inner Road,8.2,69.2,6.969999999999999,77.21664275466286,North,North,Other
TRIP_02928,Pitampura,Punjabi Bagh,3.98,Evening Peak,Weekday,Heatwave,High,Inner Road,14.1,17.4,11.985,19.924906132665832,North,West,Other
TRIP_02929,AIIMS,Lajpat Nagar,2.68,Evening Peak,Weekday,Clear,High,Inner Road,8.1,20.3,6.885,23.355119825708062,Other,Other,Other
TRIP_02930,Janakpuri,Rajouri Garden,4.38,Morning Peak,Weekend,Clear,Medium,Main Road,36.3,7.2,30.854999999999997,8.517258142926593,West,West,West Delhi
TRIP_02931,Mayur Vihar,Chandni Chowk,7.47,Morning Peak,Weekday,Clear,Very High,Highway,22.8,20.3,19.38,23.126934984520126,Other,Central,Other
TRIP_02932,Noida Sector 18,Model Town,20.73,Afternoon,Weekday,Heatwave,High,Highway,39.8,30.5,33.83,36.76618386047887,Other,North,Other
TRIP_02933,Hauz Khas,Preet Vihar,13.62,Afternoon,Weekday,Fog,Low,Inner Road,13.7,63.1,11.645,70.17604121940747,Other,Other,Other
TRIP_02934,Civil Lines,Pitampura,9.41,Evening Peak,Weekend,Fog,Medium,Inner Road,14.1,46.1,11.985,47.10888610763455,Other,North,Other
TRIP_02935,Mayur Vihar,Connaught Place,7.89,Morning Peak,Weekday,Heatwave,Low,Inner Road,36.8,15.1,31.279999999999998,15.134271099744245,Other,Central,Other
TRIP_02936,Civil Lines,Preet Vihar,7.88,Evening Peak,Weekday,Rain,Very High,Main Road,10.1,48.0,8.584999999999999,55.07280139778684,Other,Other,Other
TRIP_02937,Rajouri Garden,Kalkaji,17.69,Morning Peak,Weekday,Fog,Very High,Highway,10.5,98.3,8.924999999999999,118.92436974789918,West,South,Other
TRIP_02938,Punjabi Bagh,Mayur Vihar,17.1,Afternoon,Weekend,Heatwave,Low,Highway,86.5,11.7,73.52499999999999,13.954437266235976,West,Other,West Delhi
TRIP_02939,Saket,IGI Airport,11.0,Afternoon,Weekday,Heatwave,High,Highway,37.5,17.2,31.875,20.705882352941178,South,Other,South Delhi
TRIP_02940,Nehru Place,Chandni Chowk,11.5,Afternoon,Weekday,Rain,Medium,Highway,36.2,19.6,30.770000000000003,22.424439389015273,Other,Central,Other
TRIP_02941,Lajpat Nagar,Vasant Kunj,9.65,Evening Peak,Weekday,Clear,High,Main Road,28.9,19.5,24.564999999999998,23.570120089558316,Other,South,Other
TRIP_02942,IGI Airport,Hauz Khas,9.81,Afternoon,Weekend,Clear,High,Main Road,26.1,22.5,22.185000000000002,26.531440162271803,Other,Other,Other
TRIP_02943,Pitampura,Connaught Place,11.52,Morning Peak,Weekday,Clear,Medium,Inner Road,17.4,39.2,14.79,46.7342799188641,North,Central,Other
TRIP_02944,Preet Vihar,Dwarka,24.67,Evening Peak,Weekend,Clear,High,Highway,42.2,34.1,35.870000000000005,41.265681628101476,Other,West,Other
TRIP_02945,Janakpuri,Saket,15.88,Night,Weekday,Rain,Low,Main Road,35.8,30.1,30.429999999999996,31.31120604666448,West,South,West Delhi
TRIP_02946,Dwarka,Lajpat Nagar,18.84,Morning Peak,Weekday,Rain,Very High,Highway,11.8,94.5,10.030000000000001,112.70189431704884,West,Other,West Delhi
TRIP_02947,Preet Vihar,Rohini,25.98,Afternoon,Weekday,Heatwave,Medium,Highway,64.0,29.2,54.4,28.654411764705884,Other,North,Other
TRIP_02948,Rohini,Greater Kailash,28.43,Morning Peak,Weekday,Clear,High,Highway,40.5,41.4,34.425,49.551198257080614,North,South,North Delhi
TRIP_02949,Pitampura,IGI Airport,16.75,Morning Peak,Weekday,Clear,High,Highway,41.2,25.4,35.02,28.697886921758993,North,Other,Other
TRIP_02950,Dwarka,Nehru Place,20.8,Morning Peak,Weekday,Clear,Medium,Highway,44.5,27.2,37.824999999999996,32.99405155320555,West,Other,West Delhi
TRIP_02951,Rohini,Connaught Place,20.4,Night,Weekday,Clear,Low,Highway,81.4,16.1,69.19,17.69041769041769,North,Central,North Delhi
TRIP_02952,Model Town,Lajpat Nagar,16.71,Afternoon,Weekday,Clear,Medium,Main Road,30.7,31.8,26.095,38.42115347767772,North,Other,North Delhi
TRIP_02953,Dwarka,Vasant Kunj,13.52,Morning Peak,Weekday,Heatwave,Very High,Highway,18.0,43.9,15.299999999999999,53.01960784313726,West,South,West Delhi
TRIP_02954,Hauz Khas,IGI Airport,9.81,Afternoon,Weekend,Clear,Low,Main Road,44.7,14.4,37.995000000000005,15.491512041058034,Other,Other,Other
TRIP_02955,Karol Bagh,Shahdara,9.9,Night,Weekday,Rain,Medium,Main Road,20.6,29.4,17.51,33.92347230154198,Central,Other,Central Delhi
TRIP_02956,Karol Bagh,Kalkaji,14.25,Evening Peak,Weekday,Clear,High,Highway,43.2,20.7,36.72,23.284313725490197,Central,South,Central Delhi
TRIP_02957,Punjabi Bagh,IGI Airport,12.83,Evening Peak,Weekday,Clear,High,Inner Road,17.8,42.1,15.13,50.87904824851288,West,Other,West Delhi
TRIP_02958,Dwarka,Greater Kailash,19.04,Evening Peak,Weekday,Rain,Very High,Main Road,9.2,121.3,7.819999999999999,146.08695652173913,West,South,West Delhi
TRIP_02959,Shahdara,Vasant Kunj,21.4,Afternoon,Weekday,Clear,Medium,Highway,50.9,25.9,43.265,29.677568473361838,Other,South,Other
TRIP_02960,Kalkaji,Chandni Chowk,12.95,Evening Peak,Weekday,Clear,Medium,Main Road,30.2,25.3,25.669999999999998,30.268796260225944,South,Central,South Delhi
TRIP_02961,Okhla,Dwarka,23.01,Morning Peak,Weekend,Clear,High,Highway,33.4,42.9,28.389999999999997,48.62979922507927,Other,West,Other
TRIP_02962,Karol Bagh,Lajpat Nagar,10.19,Morning Peak,Weekday,Clear,Medium,Highway,52.1,12.3,44.285,13.80602912950209,Central,Other,Central Delhi
TRIP_02963,Lajpat Nagar,Preet Vihar,9.58,Evening Peak,Weekend,Heatwave,High,Inner Road,12.3,49.3,10.455,54.97847919655667,Other,Other,Other
TRIP_02964,Okhla,Shahdara,15.92,Evening Peak,Weekday,Fog,Medium,Main Road,17.7,52.9,15.044999999999998,63.48953140578266,Other,Other,Other
TRIP_02965,IGI Airport,Chandni Chowk,16.54,Morning Peak,Weekday,Clear,High,Highway,35.5,31.8,30.175,32.88815244407622,Other,Central,Other
TRIP_02966,Pitampura,Mayur Vihar,18.76,Evening Peak,Weekday,Clear,High,Main Road,21.9,59.1,18.615,60.467365028203076,North,Other,Other
TRIP_02967,Pitampura,Chandni Chowk,11.29,Evening Peak,Weekday,Clear,High,Main Road,20.8,32.6,17.68,38.31447963800905,North,Central,Other
TRIP_02968,Rohini,Civil Lines,18.15,Morning Peak,Weekday,Clear,High,Highway,36.8,29.5,31.279999999999998,34.81457800511509,North,Other,North Delhi
TRIP_02969,Lajpat Nagar,Karol Bagh,10.19,Morning Peak,Weekday,Clear,Medium,Main Road,38.4,16.5,32.64,18.731617647058822,Other,Central,Other
TRIP_02970,Okhla,Kalkaji,1.94,Evening Peak,Weekday,Rain,High,Highway,29.4,4.6,24.99,4.657863145258103,Other,South,Other
TRIP_02971,Greater Kailash,Saket,3.66,Evening Peak,Weekday,Clear,High,Inner Road,15.2,14.5,12.92,16.9969040247678,South,South,South Delhi
TRIP_02972,Saket,Janakpuri,15.88,Evening Peak,Weekday,Clear,High,Main Road,21.6,44.8,18.36,51.895424836601315,South,West,South Delhi
TRIP_02973,Punjabi Bagh,Greater Kailash,16.84,Evening Peak,Weekday,Clear,Very High,Highway,18.9,55.9,16.064999999999998,62.89449112978525,West,South,West Delhi
TRIP_02974,Greater Kailash,Shahdara,15.04,Afternoon,Weekday,Fog,High,Main Road,12.8,76.7,10.88,82.94117647058822,South,Other,South Delhi
TRIP_02975,Preet Vihar,IGI Airport,21.04,Evening Peak,Weekday,Heatwave,Very High,Highway,18.6,70.8,15.81,79.8481973434535,Other,Other,Other
TRIP_02976,Chandni Chowk,Mayur Vihar,7.47,Evening Peak,Weekday,Fog,Low,Inner Road,16.5,27.4,14.025,31.9572192513369,Central,Other,Central Delhi
TRIP_02977,Shahdara,Punjabi Bagh,15.41,Morning Peak,Weekday,Fog,High,Main Road,15.9,57.3,13.515,68.41287458379578,Other,West,Other
TRIP_02978,AIIMS,IGI Airport,10.81,Morning Peak,Weekday,Clear,High,Highway,35.3,19.9,30.004999999999995,21.61639726712215,Other,Other,Other
TRIP_02979,Hauz Khas,Lajpat Nagar,4.29,Morning Peak,Weekday,Heatwave,High,Inner Road,14.3,18.1,12.155000000000001,21.176470588235293,Other,Other,Other
TRIP_02980,Dwarka,Preet Vihar,24.67,Morning Peak,Weekend,Rain,Medium,Highway,34.3,43.8,29.154999999999998,50.77002229463214,West,Other,West Delhi
TRIP_02981,Mayur Vihar,Janakpuri,20.24,Evening Peak,Weekday,Clear,High,Main Road,27.1,47.3,23.035,52.71977425656609,Other,West,Other
TRIP_02982,Okhla,Connaught Place,12.39,Evening Peak,Weekday,Fog,Very High,Main Road,5.9,129.6,5.015000000000001,148.23529411764704,Other,Central,Other
TRIP_02983,Dwarka,Greater Kailash,19.04,Night,Weekday,Fog,Low,Main Road,21.8,53.2,18.53,61.651376146788984,West,South,West Delhi
TRIP_02984,Model Town,Connaught Place,9.58,Morning Peak,Weekday,Clear,High,Main Road,21.0,27.5,17.849999999999998,32.201680672268914,North,Central,North Delhi
TRIP_02985,Model Town,Connaught Place,9.58,Evening Peak,Weekday,Clear,High,Inner Road,13.1,51.4,11.135,51.621014818141,North,Central,North Delhi
TRIP_02986,Preet Vihar,IGI Airport,21.04,Evening Peak,Weekday,Clear,Medium,Main Road,41.5,29.9,35.275,35.787384833451455,Other,Other,Other
TRIP_02987,Preet Vihar,Janakpuri,20.09,Morning Peak,Weekend,Fog,High,Highway,21.2,59.0,18.02,66.89234184239734,Other,West,Other
TRIP_02988,Okhla,Vasant Kunj,11.21,Morning Peak,Weekday,Clear,Very High,Main Road,12.8,55.2,10.88,61.819852941176464,Other,South,Other
TRIP_02989,Hauz Khas,AIIMS,2.2,Afternoon,Weekday,Clear,Medium,Main Road,35.0,3.9,29.75,4.436974789915967,Other,Other,Other
TRIP_02990,Janakpuri,Noida Sector 18,23.96,Evening Peak,Weekend,Fog,Medium,Highway,33.2,43.1,28.220000000000002,50.94259390503189,West,Other,West Delhi
TRIP_02991,Civil Lines,Chandni Chowk,3.35,Afternoon,Weekday,Clear,High,Inner Road,16.0,13.1,13.6,14.779411764705884,Other,Central,Other
TRIP_02992,Nehru Place,Okhla,2.67,Afternoon,Weekday,Heatwave,High,Inner Road,11.4,14.0,9.69,16.532507739938083,Other,Other,Other
TRIP_02993,Preet Vihar,Lajpat Nagar,9.58,Evening Peak,Weekend,Clear,Medium,Inner Road,25.4,24.8,21.59,26.623436776285317,Other,Other,Other
TRIP_02994,Pitampura,Janakpuri,10.13,Morning Peak,Weekday,Clear,Very High,Main Road,10.6,66.0,9.01,67.4583795782464,North,West,Other
TRIP_02995,Connaught Place,Kalkaji,11.2,Afternoon,Weekday,Fog,Medium,Highway,31.9,21.0,27.115,24.783330260003687,Central,South,Central Delhi
TRIP_02996,AIIMS,Connaught Place,7.18,Morning Peak,Weekday,Clear,High,Highway,34.2,13.1,29.07,14.819401444788442,Other,Central,Other
TRIP_02997,AIIMS,Nehru Place,4.68,Evening Peak,Weekday,Heatwave,High,Main Road,24.7,12.0,20.994999999999997,13.374613003095977,Other,Other,Other
TRIP_02998,Shahdara,IGI Airport,22.57,Evening Peak,Weekday,Heatwave,Very High,Highway,14.7,93.6,12.495,108.37935174069628,Other,Other,Other
TRIP_02999,Lajpat Nagar,Karol Bagh,10.19,Morning Peak,Weekday,Clear,Very High,Highway,16.9,37.8,14.364999999999998,42.561782109293425,Other,Central,Other
TRIP_03000,Pitampura,Shahdara,15.65,Afternoon,Weekend,Clear,Low,Main Road,55.8,16.8,47.43,19.797596457938013,North,Other,Other
TRIP_03001,Noida Sector 18,Dwarka,27.45,Evening Peak,Weekend,Clear,Low,Highway,89.4,17.9,75.99000000000001,21.673904461113302,Other,West,Other
TRIP_03002,Civil Lines,Dwarka,20.04,Evening Peak,Weekday,Clear,Very High,Inner Road,8.3,143.6,7.055000000000001,170.43231750531535,Other,West,Other
TRIP_03003,Rajouri Garden,Hauz Khas,13.23,Evening Peak,Weekday,Clear,Very High,Highway,14.9,55.0,12.665,62.676667982629304,West,Other,Other
TRIP_03004,Rohini,IGI Airport,21.91,Morning Peak,Weekday,Rain,High,Inner Road,7.9,168.4,6.715,195.77066269545793,North,Other,North Delhi
TRIP_03005,Kalkaji,Civil Lines,16.3,Morning Peak,Weekday,Rain,Very High,Highway,11.5,85.9,9.775,100.05115089514067,South,Other,South Delhi
TRIP_03006,Punjabi Bagh,Shahdara,15.41,Morning Peak,Weekend,Heatwave,Very High,Main Road,12.1,80.4,10.285,89.89790957705397,West,Other,West Delhi
TRIP_03007,Okhla,Hauz Khas,7.23,Afternoon,Weekday,Clear,High,Main Road,20.6,23.2,17.51,24.77441462021702,Other,Other,Other
TRIP_03008,Chandni Chowk,Shahdara,6.2,Evening Peak,Weekday,Rain,High,Main Road,18.8,19.4,15.98,23.27909887359199,Central,Other,Central Delhi
TRIP_03009,Vasant Kunj,Mayur Vihar,17.08,Afternoon,Weekday,Clear,High,Main Road,21.5,48.4,18.275,56.0766073871409,South,Other,South Delhi
TRIP_03010,Kalkaji,Shahdara,15.71,Morning Peak,Weekday,Fog,High,Main Road,13.7,72.7,11.645,80.94461142121084,South,Other,South Delhi
TRIP_03011,Okhla,Preet Vihar,12.45,Evening Peak,Weekend,Heatwave,High,Main Road,20.9,37.4,17.764999999999997,42.0489726991275,Other,Other,Other
TRIP_03012,Noida Sector 18,Shahdara,12.02,Evening Peak,Weekday,Clear,Very High,Main Road,10.6,68.2,9.01,80.04439511653719,Other,Other,Other
TRIP_03013,Rajouri Garden,AIIMS,12.31,Evening Peak,Weekday,Rain,Very High,Inner Road,6.3,116.0,5.3549999999999995,137.92717086834736,West,Other,Other
TRIP_03014,Pitampura,Rajouri Garden,6.43,Afternoon,Weekday,Clear,Very High,Inner Road,8.6,47.3,7.31,52.77701778385773,North,West,Other
TRIP_03015,Rajouri Garden,AIIMS,12.31,Night,Weekday,Clear,Low,Main Road,54.8,14.2,46.58,15.856590811507086,West,Other,Other
TRIP_03016,Model Town,Okhla,21.87,Evening Peak,Weekday,Rain,Very High,Highway,11.2,118.5,9.52,137.83613445378154,North,Other,North Delhi
TRIP_03017,Mayur Vihar,Vasant Kunj,17.08,Afternoon,Weekday,Heatwave,Medium,Highway,55.0,21.0,46.75,21.92085561497326,Other,South,Other
TRIP_03018,Nehru Place,Rohini,29.42,Morning Peak,Weekday,Rain,Very High,Highway,12.1,153.7,10.285,171.62858531842488,Other,North,Other
TRIP_03019,Kalkaji,Janakpuri,18.68,Afternoon,Weekday,Clear,High,Main Road,24.4,45.3,20.74,54.040501446480235,South,West,South Delhi
TRIP_03020,IGI Airport,Pitampura,16.75,Afternoon,Weekday,Rain,High,Main Road,13.1,86.7,11.135,90.25594970812753,Other,North,Other
TRIP_03021,Preet Vihar,Rohini,25.98,Evening Peak,Weekday,Rain,Medium,Highway,35.1,49.7,29.835,52.2473604826546,Other,North,Other
TRIP_03022,Vasant Kunj,Saket,4.88,Morning Peak,Weekend,Clear,Very High,Inner Road,7.8,38.5,6.63,44.16289592760181,South,South,South Delhi
TRIP_03023,Okhla,Punjabi Bagh,20.5,Evening Peak,Weekday,Heatwave,Medium,Main Road,43.9,32.7,37.315,32.962615570146056,Other,West,Other
TRIP_03024,Civil Lines,Pitampura,9.41,Evening Peak,Weekday,Clear,Very High,Highway,16.3,35.8,13.855,40.750631540959944,Other,North,Other
TRIP_03025,Dwarka,Model Town,19.78,Night,Weekday,Clear,Low,Main Road,57.2,21.4,48.620000000000005,24.409707939119702,West,North,West Delhi
TRIP_03026,Okhla,AIIMS,7.2,Morning Peak,Weekday,Fog,Very High,Main Road,7.3,58.7,6.205,69.62127316680096,Other,Other,Other
TRIP_03027,Okhla,Dwarka,23.01,Morning Peak,Weekend,Heatwave,Medium,Inner Road,13.4,101.7,11.39,121.21158911325723,Other,West,Other
TRIP_03028,Pitampura,Karol Bagh,8.11,Afternoon,Weekday,Clear,Medium,Main Road,30.9,15.7,26.264999999999997,18.52655625356939,North,Central,Other
TRIP_03029,Chandni Chowk,Karol Bagh,3.94,Evening Peak,Weekday,Clear,High,Inner Road,12.7,19.0,10.795,21.89902732746642,Central,Central,Central Delhi
TRIP_03030,IGI Airport,Rohini,21.91,Morning Peak,Weekend,Fog,Low,Highway,39.3,34.9,33.404999999999994,39.35339021104626,Other,North,Other
TRIP_03031,Connaught Place,Kalkaji,11.2,Morning Peak,Weekday,Clear,High,Highway,31.1,25.4,26.435000000000002,25.420843578588986,Central,South,Central Delhi
TRIP_03032,Mayur Vihar,Rohini,27.72,Evening Peak,Weekday,Clear,Very High,Highway,19.4,86.0,16.49,100.86112795633717,Other,North,Other
TRIP_03033,Lajpat Nagar,Hauz Khas,4.29,Morning Peak,Weekday,Fog,Very High,Main Road,5.7,45.7,4.845,53.126934984520126,Other,Other,Other
TRIP_03034,Lajpat Nagar,IGI Airport,13.5,Afternoon,Weekday,Fog,Very High,Highway,9.4,96.4,7.99,101.3767209011264,Other,Other,Other
TRIP_03035,Shahdara,Civil Lines,6.29,Afternoon,Weekday,Heatwave,Very High,Inner Road,8.3,47.1,7.055000000000001,53.493975903614455,Other,Other,Other
TRIP_03036,Okhla,Rohini,32.09,Morning Peak,Weekday,Rain,Very High,Highway,11.6,175.1,9.86,195.27383367139961,Other,North,Other
TRIP_03037,Dwarka,Punjabi Bagh,11.86,Night,Weekend,Heatwave,Medium,Main Road,25.6,30.9,21.76,32.702205882352935,West,West,West Delhi
TRIP_03038,Rajouri Garden,Saket,15.91,Evening Peak,Weekday,Clear,Very High,Main Road,12.0,83.8,10.2,93.58823529411767,West,South,Other
TRIP_03039,Shahdara,Karol Bagh,9.9,Evening Peak,Weekday,Clear,High,Main Road,24.3,24.7,20.655,28.758169934640524,Other,Central,Other
TRIP_03040,Punjabi Bagh,Karol Bagh,6.08,Morning Peak,Weekend,Clear,Low,Inner Road,19.8,19.5,16.830000000000002,21.675579322638146,West,Central,West Delhi
TRIP_03041,Okhla,Lajpat Nagar,5.46,Afternoon,Weekday,Fog,High,Main Road,10.6,33.2,9.01,36.359600443951166,Other,Other,Other
TRIP_03042,AIIMS,IGI Airport,10.81,Evening Peak,Weekday,Clear,High,Highway,39.1,16.9,33.235,19.515570934256058,Other,Other,Other
TRIP_03043,Civil Lines,Pitampura,9.41,Night,Weekday,Clear,Medium,Main Road,26.7,20.8,22.695,24.877726371447455,Other,North,Other
TRIP_03044,Saket,Dwarka,17.4,Morning Peak,Weekend,Clear,Very High,Highway,14.8,70.2,12.58,82.98887122416534,South,West,South Delhi
TRIP_03045,Connaught Place,Dwarka,17.23,Afternoon,Weekday,Clear,Medium,Main Road,33.8,31.9,28.729999999999997,35.983292725374184,Central,West,Central Delhi
TRIP_03046,Shahdara,Karol Bagh,9.9,Evening Peak,Weekday,Clear,Very High,Inner Road,8.2,77.6,6.969999999999999,85.22238163558107,Other,Central,Other
TRIP_03047,Punjabi Bagh,Karol Bagh,6.08,Night,Weekend,Rain,Low,Main Road,30.9,11.6,26.264999999999997,13.889206167904057,West,Central,West Delhi
TRIP_03048,Dwarka,Connaught Place,17.23,Morning Peak,Weekday,Clear,Very High,Main Road,12.8,83.2,10.88,95.01838235294117,West,Central,West Delhi
TRIP_03049,Janakpuri,Chandni Chowk,14.33,Morning Peak,Weekday,Rain,High,Main Road,13.2,66.7,11.219999999999999,76.63101604278076,West,Central,West Delhi
TRIP_03050,Okhla,Civil Lines,17.22,Afternoon,Weekday,Clear,Medium,Highway,63.5,16.4,53.975,19.142195460861508,Other,Other,Other
TRIP_03051,Model Town,Kalkaji,20.77,Evening Peak,Weekday,Clear,High,Highway,32.1,39.4,27.285,45.67344694887301,North,South,North Delhi
TRIP_03052,Shahdara,Hauz Khas,16.26,Evening Peak,Weekend,Rain,High,Highway,30.8,32.4,26.18,37.26508785332315,Other,Other,Other
TRIP_03053,Greater Kailash,IGI Airport,13.13,Afternoon,Weekday,Clear,Medium,Highway,56.6,13.9,48.11,16.374974017875704,South,Other,South Delhi
TRIP_03054,Mayur Vihar,Chandni Chowk,7.47,Evening Peak,Weekday,Fog,High,Main Road,11.7,37.7,9.944999999999999,45.067873303167424,Other,Central,Other
TRIP_03055,IGI Airport,Civil Lines,18.43,Afternoon,Weekend,Clear,High,Inner Road,15.4,75.0,13.09,84.47669977081742,Other,Other,Other
TRIP_03056,Greater Kailash,Janakpuri,16.54,Evening Peak,Weekday,Heatwave,Very High,Main Road,12.9,80.3,10.965,90.50615595075239,South,West,South Delhi
TRIP_03057,Nehru Place,Pitampura,20.88,Evening Peak,Weekday,Rain,High,Highway,27.8,50.3,23.63,53.017350825222174,Other,North,Other
TRIP_03058,AIIMS,Okhla,7.2,Evening Peak,Weekday,Heatwave,Medium,Highway,58.9,7.1,50.065,8.628782582642565,Other,Other,Other
TRIP_03059,Karol Bagh,Model Town,7.02,Evening Peak,Weekday,Heatwave,High,Inner Road,7.7,61.5,6.545,64.35446906035142,Central,North,Central Delhi
TRIP_03060,Dwarka,Pitampura,15.04,Evening Peak,Weekday,Clear,Very High,Main Road,13.8,65.3,11.73,76.9309462915601,West,North,West Delhi
TRIP_03061,Shahdara,Saket,18.39,Night,Weekday,Clear,Low,Main Road,48.5,27.1,41.225,26.765312310491208,Other,South,Other
TRIP_03062,Greater Kailash,Vasant Kunj,8.11,Afternoon,Weekday,Fog,High,Main Road,13.8,34.6,11.73,41.48337595907928,South,South,South Delhi
TRIP_03063,AIIMS,Rajouri Garden,12.31,Evening Peak,Weekday,Heatwave,High,Highway,39.8,18.2,33.83,21.832692876145437,Other,West,Other
TRIP_03064,Nehru Place,Preet Vihar,10.93,Afternoon,Weekend,Clear,Low,Highway,60.6,10.9,51.51,12.731508444962143,Other,Other,Other
TRIP_03065,Rohini,Preet Vihar,25.98,Afternoon,Weekday,Clear,High,Highway,40.9,40.2,34.765,44.83819933841507,North,Other,North Delhi
TRIP_03066,Model Town,Nehru Place,19.38,Evening Peak,Weekday,Rain,Very High,Inner Road,5.8,204.1,4.93,235.86206896551724,North,Other,North Delhi
TRIP_03067,Nehru Place,Rajouri Garden,16.77,Afternoon,Weekday,Clear,High,Main Road,17.2,57.3,14.62,68.8235294117647,Other,West,Other
TRIP_03068,IGI Airport,Chandni Chowk,16.54,Afternoon,Weekend,Clear,Medium,Main Road,34.1,28.5,28.985,34.23839917198551,Other,Central,Other
TRIP_03069,Karol Bagh,Janakpuri,10.56,Morning Peak,Weekday,Clear,Low,Main Road,57.6,11.5,48.96,12.941176470588236,Central,West,Central Delhi
TRIP_03070,Rohini,Karol Bagh,16.99,Morning Peak,Weekday,Clear,Low,Inner Road,36.0,28.9,30.599999999999998,33.31372549019608,North,Central,North Delhi
TRIP_03071,Vasant Kunj,Nehru Place,9.97,Evening Peak,Weekday,Rain,Very High,Main Road,8.2,76.3,6.969999999999999,85.82496413199428,South,Other,South Delhi
TRIP_03072,Dwarka,Punjabi Bagh,11.86,Evening Peak,Weekday,Rain,Very High,Inner Road,5.2,137.8,4.42,160.99547511312215,West,West,West Delhi
TRIP_03073,Lajpat Nagar,Punjabi Bagh,15.06,Evening Peak,Weekday,Clear,High,Main Road,29.4,30.5,24.99,36.15846338535414,Other,West,Other
TRIP_03074,Karol Bagh,Preet Vihar,10.02,Morning Peak,Weekday,Clear,High,Main Road,27.3,22.5,23.205,25.908209437621203,Central,Other,Central Delhi
TRIP_03075,Dwarka,Greater Kailash,19.04,Evening Peak,Weekday,Clear,High,Highway,35.4,32.1,30.089999999999996,37.96610169491526,West,South,West Delhi
TRIP_03076,Preet Vihar,Kalkaji,12.39,Afternoon,Weekday,Clear,Medium,Main Road,34.7,20.8,29.495,25.204271910493304,Other,South,Other
TRIP_03077,Janakpuri,Preet Vihar,20.09,Night,Weekday,Heatwave,Low,Highway,84.4,15.0,71.74000000000001,16.802341789796486,West,Other,West Delhi
TRIP_03078,Greater Kailash,Chandni Chowk,11.55,Morning Peak,Weekday,Clear,High,Main Road,19.5,36.5,16.575,41.80995475113123,South,Central,South Delhi
TRIP_03079,Karol Bagh,Pitampura,8.11,Morning Peak,Weekday,Rain,High,Main Road,14.5,33.4,12.325,39.48073022312373,Central,North,Central Delhi
TRIP_03080,Civil Lines,Vasant Kunj,19.08,Evening Peak,Weekday,Clear,High,Highway,33.5,35.4,28.474999999999998,40.20368744512731,Other,South,Other
TRIP_03081,Connaught Place,Vasant Kunj,13.75,Morning Peak,Weekend,Clear,High,Inner Road,15.8,57.9,13.43,61.429635145197324,Central,South,Central Delhi
TRIP_03082,Kalkaji,Civil Lines,16.3,Evening Peak,Weekday,Fog,Very High,Highway,9.8,107.2,8.33,117.40696278511405,South,Other,South Delhi
TRIP_03083,Noida Sector 18,Nehru Place,7.47,Morning Peak,Weekday,Fog,High,Main Road,13.0,35.3,11.049999999999999,40.561085972850684,Other,Other,Other
TRIP_03084,Preet Vihar,Karol Bagh,10.02,Morning Peak,Weekday,Rain,High,Highway,24.0,25.0,20.4,29.47058823529412,Other,Central,Other
TRIP_03085,Saket,Rajouri Garden,15.91,Morning Peak,Weekday,Clear,Very High,Main Road,15.3,63.4,13.005,73.40253748558247,South,West,South Delhi
TRIP_03086,Civil Lines,IGI Airport,18.43,Morning Peak,Weekday,Clear,High,Highway,32.6,32.9,27.71,39.90617105738,Other,Other,Other
TRIP_03087,IGI Airport,Saket,11.0,Afternoon,Weekday,Clear,High,Main Road,21.8,31.1,18.53,35.61791689152725,Other,South,Other
TRIP_03088,Civil Lines,Lajpat Nagar,12.32,Night,Weekday,Clear,Low,Highway,66.4,11.3,56.440000000000005,13.097094259390502,Other,Other,Other
TRIP_03089,Janakpuri,Connaught Place,12.63,Evening Peak,Weekday,Clear,Very High,Main Road,14.7,52.5,12.495,60.64825930372149,West,Central,West Delhi
TRIP_03090,Civil Lines,Greater Kailash,14.87,Night,Weekend,Fog,Low,Highway,49.1,18.1,41.735,21.377740505570863,Other,South,Other
TRIP_03091,Pitampura,Rajouri Garden,6.43,Afternoon,Weekday,Clear,High,Main Road,24.5,16.3,20.825,18.52581032412965,North,West,Other
TRIP_03092,Okhla,Punjabi Bagh,20.5,Evening Peak,Weekday,Clear,High,Main Road,29.2,41.2,24.82,49.556809024979856,Other,West,Other
TRIP_03093,Lajpat Nagar,Okhla,5.46,Morning Peak,Weekday,Clear,Medium,Inner Road,23.1,15.0,19.635,16.684491978609625,Other,Other,Other
TRIP_03094,Civil Lines,Karol Bagh,4.62,Morning Peak,Weekday,Clear,High,Main Road,25.0,11.4,21.25,13.044705882352941,Other,Central,Other
TRIP_03095,IGI Airport,Connaught Place,14.14,Afternoon,Weekend,Clear,Very High,Highway,20.0,44.3,17.0,49.90588235294118,Other,Central,Other
TRIP_03096,Punjabi Bagh,Vasant Kunj,16.74,Evening Peak,Weekend,Rain,High,Highway,30.0,35.0,25.5,39.38823529411764,West,South,West Delhi
TRIP_03097,Model Town,Okhla,21.87,Evening Peak,Weekday,Clear,Very High,Inner Road,7.9,174.0,6.715,195.4132539091586,North,Other,North Delhi
TRIP_03098,Preet Vihar,Punjabi Bagh,16.03,Evening Peak,Weekend,Clear,Medium,Main Road,30.8,33.1,26.18,36.7379679144385,Other,West,Other
TRIP_03099,Saket,Okhla,6.33,Evening Peak,Weekday,Clear,Very High,Main Road,12.2,30.6,10.37,36.62487945998072,South,Other,South Delhi
TRIP_03100,Preet Vihar,Kalkaji,12.39,Afternoon,Weekday,Clear,High,Inner Road,10.5,70.2,8.924999999999999,83.29411764705884,Other,South,Other
TRIP_03101,Shahdara,Vasant Kunj,21.4,Evening Peak,Weekday,Clear,Very High,Highway,17.7,76.0,15.044999999999998,85.34396809571287,Other,South,Other
TRIP_03102,AIIMS,Dwarka,16.25,Morning Peak,Weekend,Clear,Low,Main Road,48.4,20.8,41.14,23.699562469615945,Other,West,Other
TRIP_03103,Saket,Nehru Place,5.32,Morning Peak,Weekday,Clear,Very High,Main Road,13.9,22.9,11.815,27.016504443504022,South,Other,South Delhi
TRIP_03104,Karol Bagh,Nehru Place,12.97,Afternoon,Weekday,Clear,Medium,Main Road,27.1,29.3,23.035,33.783373127848925,Central,Other,Central Delhi
TRIP_03105,Connaught Place,Punjabi Bagh,9.3,Evening Peak,Weekday,Clear,High,Inner Road,10.3,54.8,8.755,63.73500856653341,Central,West,Central Delhi
TRIP_03106,AIIMS,Dwarka,16.25,Afternoon,Weekday,Rain,Low,Main Road,27.2,37.7,23.119999999999997,42.17128027681662,Other,West,Other
TRIP_03107,Nehru Place,Rohini,29.42,Morning Peak,Weekday,Clear,High,Highway,31.8,55.3,27.03,65.30521642619313,Other,North,Other
TRIP_03108,Greater Kailash,Hauz Khas,3.32,Evening Peak,Weekday,Fog,High,Main Road,9.8,21.3,8.33,23.913565426170464,South,Other,South Delhi
TRIP_03109,Punjabi Bagh,Kalkaji,18.89,Evening Peak,Weekday,Clear,Very High,Highway,21.6,54.5,18.36,61.73202614379085,West,South,West Delhi
TRIP_03110,Preet Vihar,Okhla,12.45,Evening Peak,Weekday,Clear,Very High,Inner Road,8.0,94.0,6.8,109.85294117647058,Other,Other,Other
TRIP_03111,Saket,Greater Kailash,3.66,Evening Peak,Weekend,Clear,Very High,Inner Road,9.5,23.2,8.075,27.195046439628484,South,South,South Delhi
TRIP_03112,Saket,Model Town,21.24,Morning Peak,Weekend,Rain,Medium,Highway,44.4,32.2,37.739999999999995,33.76788553259142,South,North,South Delhi
TRIP_03113,Karol Bagh,Noida Sector 18,16.06,Morning Peak,Weekday,Clear,High,Main Road,24.5,41.1,20.825,46.27130852340936,Central,Other,Central Delhi
TRIP_03114,Lajpat Nagar,Punjabi Bagh,15.06,Evening Peak,Weekend,Clear,High,Highway,30.2,29.4,25.669999999999998,35.20062329567589,Other,West,Other
TRIP_03115,Civil Lines,Greater Kailash,14.87,Evening Peak,Weekend,Heatwave,Medium,Main Road,40.4,21.8,34.339999999999996,25.981362842166572,Other,South,Other
TRIP_03116,Pitampura,Saket,21.25,Morning Peak,Weekday,Clear,Very High,Highway,19.3,67.2,16.405,77.720207253886,North,South,Other
TRIP_03117,Nehru Place,Chandni Chowk,11.5,Night,Weekend,Clear,Low,Highway,83.6,8.3,71.05999999999999,9.71010413734872,Other,Central,Other
TRIP_03118,Model Town,Connaught Place,9.58,Night,Weekend,Clear,Medium,Main Road,30.2,19.4,25.669999999999998,22.39189715621348,North,Central,North Delhi
TRIP_03119,Punjabi Bagh,IGI Airport,12.83,Evening Peak,Weekday,Rain,Very High,Main Road,7.7,102.6,6.545,117.6165011459129,West,Other,West Delhi
TRIP_03120,Civil Lines,Greater Kailash,14.87,Morning Peak,Weekday,Heatwave,High,Main Road,27.6,32.5,23.46,38.030690537084396,Other,South,Other
TRIP_03121,Mayur Vihar,Connaught Place,7.89,Afternoon,Weekday,Heatwave,Low,Highway,70.2,6.9,59.67,7.933634992458522,Other,Central,Other
TRIP_03122,Preet Vihar,IGI Airport,21.04,Evening Peak,Weekday,Rain,Medium,Highway,39.5,32.1,33.574999999999996,37.5994043186895,Other,Other,Other
TRIP_03123,Noida Sector 18,Mayur Vihar,5.74,Night,Weekday,Rain,Medium,Main Road,21.8,17.7,18.53,18.586076632487856,Other,Other,Other
TRIP_03124,Kalkaji,Rajouri Garden,17.69,Evening Peak,Weekday,Heatwave,Very High,Main Road,12.1,85.6,10.285,103.19883325230919,South,West,South Delhi
TRIP_03125,Nehru Place,Lajpat Nagar,2.8,Afternoon,Weekday,Clear,High,Main Road,19.3,9.2,16.405,10.240780249923802,Other,Other,Other
TRIP_03126,Janakpuri,Vasant Kunj,13.24,Morning Peak,Weekday,Clear,Very High,Main Road,14.8,53.7,12.58,63.14785373608903,West,South,West Delhi
TRIP_03127,Saket,Karol Bagh,14.26,Evening Peak,Weekday,Rain,Medium,Highway,41.6,20.3,35.36,24.19683257918552,South,Central,South Delhi
TRIP_03128,IGI Airport,Punjabi Bagh,12.83,Morning Peak,Weekday,Rain,Very High,Inner Road,5.0,151.2,4.25,181.1294117647059,Other,West,Other
TRIP_03129,Connaught Place,Rajouri Garden,9.35,Morning Peak,Weekday,Clear,Very High,Main Road,9.3,63.8,7.905,70.96774193548386,Central,West,Central Delhi
TRIP_03130,Vasant Kunj,Janakpuri,13.24,Evening Peak,Weekend,Fog,Low,Inner Road,17.5,46.8,14.875,53.40504201680672,South,West,South Delhi
TRIP_03131,Lajpat Nagar,Saket,5.89,Morning Peak,Weekday,Clear,Medium,Inner Road,29.3,12.6,24.905,14.189921702469382,Other,South,Other
TRIP_03132,Mayur Vihar,AIIMS,9.79,Night,Weekend,Rain,High,Main Road,16.9,35.2,14.364999999999998,40.89105464671076,Other,Other,Other
TRIP_03133,Preet Vihar,Lajpat Nagar,9.58,Evening Peak,Weekday,Rain,High,Main Road,18.6,31.9,15.81,36.35673624288425,Other,Other,Other
TRIP_03134,Noida Sector 18,Janakpuri,23.96,Night,Weekday,Clear,Medium,Highway,53.4,26.8,45.39,31.67217448777264,Other,West,Other
TRIP_03135,Shahdara,Okhla,15.92,Evening Peak,Weekday,Rain,High,Main Road,17.2,56.1,14.62,65.33515731874145,Other,Other,Other
TRIP_03136,Hauz Khas,Model Town,18.43,Evening Peak,Weekday,Clear,Very High,Highway,18.8,57.1,15.98,69.19899874843554,Other,North,Other
TRIP_03137,Hauz Khas,Rajouri Garden,13.23,Morning Peak,Weekday,Clear,Very High,Main Road,12.3,67.7,10.455,75.92539454806312,Other,West,Other
TRIP_03138,Hauz Khas,Karol Bagh,11.44,Afternoon,Weekday,Clear,High,Highway,31.7,22.3,26.945,25.47411393579514,Other,Central,Other
TRIP_03139,AIIMS,Rajouri Garden,12.31,Evening Peak,Weekday,Clear,High,Highway,36.6,21.0,31.11,23.741562198649955,Other,West,Other
TRIP_03140,Saket,Greater Kailash,3.66,Afternoon,Weekday,Clear,High,Inner Road,13.3,16.6,11.305,19.4250331711632,South,South,South Delhi
TRIP_03141,Dwarka,Janakpuri,5.26,Evening Peak,Weekday,Heatwave,Low,Inner Road,27.8,11.2,23.63,13.355903512484131,West,West,West Delhi
TRIP_03142,IGI Airport,Okhla,16.94,Morning Peak,Weekday,Clear,Medium,Highway,58.5,17.9,49.725,20.440422322775266,Other,Other,Other
TRIP_03143,Rajouri Garden,Shahdara,16.5,Morning Peak,Weekday,Clear,High,Highway,45.0,21.6,38.25,25.88235294117647,West,Other,Other
TRIP_03144,Rohini,Pitampura,8.97,Night,Weekday,Clear,Low,Main Road,41.0,13.1,34.85,15.443328550932568,North,North,North Delhi
TRIP_03145,Hauz Khas,IGI Airport,9.81,Evening Peak,Weekday,Clear,Very High,Main Road,9.2,71.2,7.819999999999999,75.26854219948851,Other,Other,Other
TRIP_03146,Pitampura,Noida Sector 18,24.06,Morning Peak,Weekend,Rain,Medium,Highway,33.7,45.0,28.645000000000003,50.3962297085006,North,Other,Other
TRIP_03147,Pitampura,IGI Airport,16.75,Night,Weekday,Clear,Medium,Main Road,38.7,26.4,32.895,30.55175558595531,North,Other,Other
TRIP_03148,IGI Airport,Kalkaji,15.01,Afternoon,Weekday,Rain,High,Main Road,12.8,73.2,10.88,82.77573529411764,Other,South,Other
TRIP_03149,Preet Vihar,Saket,15.46,Afternoon,Weekend,Heatwave,Low,Main Road,53.7,19.9,45.645,20.32205060795268,Other,South,Other
TRIP_03150,Punjabi Bagh,Nehru Place,17.83,Evening Peak,Weekend,Clear,Very High,Main Road,12.9,87.2,10.965,97.56497948016415,West,Other,West Delhi
TRIP_03151,Greater Kailash,IGI Airport,13.13,Afternoon,Weekday,Clear,Medium,Main Road,32.1,25.0,27.285,28.873007146783948,South,Other,South Delhi
TRIP_03152,Mayur Vihar,Saket,13.17,Morning Peak,Weekend,Clear,High,Main Road,24.9,31.3,21.165,37.33522324592488,Other,South,Other
TRIP_03153,Chandni Chowk,Nehru Place,11.5,Evening Peak,Weekday,Clear,Medium,Main Road,32.9,21.6,27.964999999999996,24.673699266940822,Central,Other,Central Delhi
TRIP_03154,Kalkaji,Mayur Vihar,9.67,Afternoon,Weekday,Clear,Very High,Main Road,12.3,46.6,10.455,55.494978479196554,South,Other,South Delhi
TRIP_03155,Vasant Kunj,Model Town,22.01,Afternoon,Weekday,Heatwave,High,Main Road,25.2,53.9,21.419999999999998,61.65266106442578,South,North,South Delhi
TRIP_03156,Civil Lines,Okhla,17.22,Evening Peak,Weekday,Clear,Very High,Main Road,11.4,107.0,9.69,106.62538699690401,Other,Other,Other
TRIP_03157,Connaught Place,Janakpuri,12.63,Afternoon,Weekend,Rain,Medium,Highway,34.0,21.7,28.9,26.221453287197235,Central,West,Central Delhi
TRIP_03158,Noida Sector 18,Lajpat Nagar,8.66,Morning Peak,Weekday,Clear,Medium,Inner Road,11.3,44.7,9.605,54.09682457053618,Other,Other,Other
TRIP_03159,Saket,Civil Lines,17.43,Morning Peak,Weekday,Clear,High,Main Road,19.4,54.5,16.49,63.420254699818074,South,Other,South Delhi
TRIP_03160,Nehru Place,Connaught Place,9.83,Morning Peak,Weekday,Rain,High,Main Road,14.9,40.1,12.665,46.569285432293725,Other,Central,Other
TRIP_03161,Noida Sector 18,Karol Bagh,16.06,Afternoon,Weekday,Clear,Low,Main Road,55.0,18.1,46.75,20.61176470588235,Other,Central,Other
TRIP_03162,Saket,Noida Sector 18,12.72,Afternoon,Weekend,Rain,Very High,Highway,10.6,70.0,9.01,84.70588235294119,South,Other,South Delhi
TRIP_03163,Kalkaji,IGI Airport,15.01,Evening Peak,Weekday,Clear,High,Highway,41.1,22.4,34.935,25.779304422498925,South,Other,South Delhi
TRIP_03164,Hauz Khas,Preet Vihar,13.62,Morning Peak,Weekday,Heatwave,Medium,Inner Road,26.0,31.2,22.099999999999998,36.97737556561086,Other,Other,Other
TRIP_03165,Janakpuri,Dwarka,5.26,Afternoon,Weekday,Heatwave,High,Main Road,19.8,15.6,16.830000000000002,18.752228163992864,West,West,West Delhi
TRIP_03166,Saket,Civil Lines,17.43,Evening Peak,Weekend,Clear,High,Highway,35.0,31.5,29.75,35.152941176470584,South,Other,South Delhi
TRIP_03167,Noida Sector 18,Chandni Chowk,12.9,Evening Peak,Weekend,Rain,Medium,Main Road,25.8,29.1,21.93,35.294117647058826,Other,Central,Other
TRIP_03168,Karol Bagh,Chandni Chowk,3.94,Morning Peak,Weekday,Clear,Medium,Main Road,38.2,6.2,32.47,7.280566676932554,Central,Central,Central Delhi
TRIP_03169,Punjabi Bagh,Hauz Khas,14.84,Afternoon,Weekend,Clear,Medium,Main Road,41.2,24.5,35.02,25.42547115933752,West,Other,West Delhi
TRIP_03170,Janakpuri,Rajouri Garden,4.38,Morning Peak,Weekend,Clear,Medium,Highway,60.7,5.1,51.595,5.093516813644733,West,West,West Delhi
TRIP_03171,AIIMS,Rohini,25.2,Morning Peak,Weekday,Clear,High,Highway,45.3,34.1,38.504999999999995,39.26762758083366,Other,North,Other
TRIP_03172,Janakpuri,Connaught Place,12.63,Evening Peak,Weekday,Fog,High,Inner Road,7.6,102.1,6.46,117.30650154798762,West,Central,West Delhi
TRIP_03173,Punjabi Bagh,Chandni Chowk,9.93,Morning Peak,Weekday,Heatwave,Low,Main Road,54.7,11.3,46.495000000000005,12.814281105495212,West,Central,West Delhi
TRIP_03174,Preet Vihar,Noida Sector 18,8.57,Afternoon,Weekday,Rain,High,Inner Road,8.0,64.4,6.8,75.61764705882354,Other,Other,Other
TRIP_03175,Preet Vihar,Noida Sector 18,8.57,Evening Peak,Weekday,Clear,High,Main Road,22.4,23.2,19.04,27.006302521008404,Other,Other,Other
TRIP_03176,Connaught Place,Rohini,20.4,Afternoon,Weekend,Clear,Medium,Highway,48.4,25.9,41.14,29.752066115702476,Central,North,Central Delhi
TRIP_03177,Kalkaji,Chandni Chowk,12.95,Morning Peak,Weekday,Clear,High,Inner Road,16.1,51.9,13.685,56.77749360613811,South,Central,South Delhi
TRIP_03178,Greater Kailash,Janakpuri,16.54,Evening Peak,Weekday,Heatwave,Very High,Highway,19.6,50.0,16.66,59.567827130852336,South,West,South Delhi
TRIP_03179,Rajouri Garden,Dwarka,9.64,Evening Peak,Weekday,Heatwave,Medium,Main Road,42.7,13.5,36.295,15.936079349772696,West,West,Other
TRIP_03180,Chandni Chowk,Lajpat Nagar,8.98,Morning Peak,Weekday,Clear,Medium,Main Road,36.2,14.4,30.770000000000003,17.5105622359441,Central,Other,Central Delhi
TRIP_03181,Saket,Okhla,6.33,Morning Peak,Weekend,Rain,Low,Highway,49.4,7.9,41.989999999999995,9.045010716837345,South,Other,South Delhi
TRIP_03182,Punjabi Bagh,Rohini,11.6,Night,Weekday,Clear,Low,Inner Road,22.6,29.9,19.21,36.23112961998959,West,North,West Delhi
TRIP_03183,Greater Kailash,Karol Bagh,12.43,Afternoon,Weekday,Heatwave,Medium,Main Road,32.2,22.6,27.37,27.248812568505663,South,Central,South Delhi
TRIP_03184,Preet Vihar,Saket,15.46,Morning Peak,Weekday,Clear,Medium,Main Road,28.4,34.2,24.139999999999997,38.42584921292461,Other,South,Other
TRIP_03185,Connaught Place,Preet Vihar,7.48,Evening Peak,Weekday,Clear,High,Main Road,22.2,20.3,18.869999999999997,23.783783783783786,Central,Other,Central Delhi
TRIP_03186,Dwarka,Pitampura,15.04,Afternoon,Weekend,Clear,Low,Highway,74.2,12.3,63.07,14.307911843982875,West,North,West Delhi
TRIP_03187,Noida Sector 18,Pitampura,24.06,Morning Peak,Weekday,Clear,High,Highway,39.8,35.4,33.83,42.67218445167011,Other,North,Other
TRIP_03188,Rajouri Garden,Karol Bagh,6.66,Night,Weekday,Clear,Medium,Inner Road,14.9,28.2,12.665,31.551519936833795,West,Central,Other
TRIP_03189,Pitampura,Noida Sector 18,24.06,Evening Peak,Weekday,Fog,High,Highway,22.2,63.7,18.869999999999997,76.50238473767885,North,Other,Other
TRIP_03190,Preet Vihar,Karol Bagh,10.02,Morning Peak,Weekday,Clear,Very High,Main Road,10.7,65.3,9.094999999999999,66.10225398570644,Other,Central,Other
TRIP_03191,Greater Kailash,Noida Sector 18,9.35,Evening Peak,Weekday,Clear,High,Inner Road,18.3,29.8,15.555,36.0655737704918,South,Other,South Delhi
TRIP_03192,Hauz Khas,IGI Airport,9.81,Afternoon,Weekday,Clear,Medium,Main Road,29.0,21.4,24.65,23.87829614604463,Other,Other,Other
TRIP_03193,IGI Airport,Civil Lines,18.43,Morning Peak,Weekday,Clear,High,Main Road,29.7,37.9,25.244999999999997,43.80273321449792,Other,Other,Other
TRIP_03194,Vasant Kunj,Shahdara,21.4,Evening Peak,Weekend,Clear,High,Inner Road,16.7,79.3,14.194999999999999,90.45438534695315,South,Other,South Delhi
TRIP_03195,Connaught Place,Punjabi Bagh,9.3,Evening Peak,Weekday,Heatwave,High,Inner Road,15.1,38.1,12.834999999999999,43.47487339306584,Central,West,Central Delhi
TRIP_03196,Kalkaji,Mayur Vihar,9.67,Evening Peak,Weekday,Fog,High,Main Road,15.6,39.0,13.26,43.755656108597286,South,Other,South Delhi
TRIP_03197,Rohini,Chandni Chowk,20.26,Afternoon,Weekday,Rain,Medium,Main Road,24.5,50.9,20.825,58.37214885954383,North,Central,North Delhi
TRIP_03198,Preet Vihar,Civil Lines,7.88,Afternoon,Weekday,Clear,Low,Main Road,48.7,10.2,41.395,11.42166928372992,Other,Other,Other
TRIP_03199,Preet Vihar,Karol Bagh,10.02,Morning Peak,Weekend,Clear,Medium,Highway,66.7,9.4,56.695,10.604109709850956,Other,Central,Other
TRIP_03200,Kalkaji,AIIMS,5.39,Afternoon,Weekend,Clear,Medium,Main Road,27.6,11.5,23.46,13.785166240409206,South,Other,South Delhi
TRIP_03201,Lajpat Nagar,Dwarka,18.84,Afternoon,Weekend,Clear,Medium,Highway,63.2,18.5,53.72,21.042442293373046,Other,West,Other
TRIP_03202,Rajouri Garden,Noida Sector 18,21.63,Afternoon,Weekday,Rain,Medium,Highway,35.0,37.4,29.75,43.62352941176471,West,Other,Other
TRIP_03203,Hauz Khas,Karol Bagh,11.44,Evening Peak,Weekend,Clear,Medium,Main Road,37.7,18.3,32.045,21.41987829614604,Other,Central,Other
TRIP_03204,Pitampura,Chandni Chowk,11.29,Evening Peak,Weekday,Fog,High,Main Road,16.3,43.3,13.855,48.892096715987,North,Central,Other
TRIP_03205,Rohini,IGI Airport,21.91,Morning Peak,Weekday,Clear,Very High,Main Road,14.4,93.8,12.24,107.40196078431373,North,Other,North Delhi
TRIP_03206,Rajouri Garden,Model Town,10.2,Evening Peak,Weekday,Clear,High,Main Road,20.2,30.8,17.169999999999998,35.64356435643564,West,North,Other
TRIP_03207,IGI Airport,Dwarka,6.61,Afternoon,Weekday,Heatwave,Medium,Main Road,41.3,9.8,35.105,11.297535963537959,Other,West,Other
TRIP_03208,Karol Bagh,Lajpat Nagar,10.19,Morning Peak,Weekend,Clear,High,Highway,41.4,15.3,35.19,17.374254049445867,Central,Other,Central Delhi
TRIP_03209,Lajpat Nagar,Preet Vihar,9.58,Morning Peak,Weekday,Clear,High,Main Road,18.5,31.9,15.725,36.553259141494436,Other,Other,Other
TRIP_03210,Preet Vihar,Model Town,12.75,Morning Peak,Weekday,Rain,Low,Inner Road,26.9,28.7,22.865,33.457249070631974,Other,North,Other
TRIP_03211,AIIMS,Janakpuri,13.39,Evening Peak,Weekday,Clear,High,Main Road,22.6,35.3,19.21,41.82196772514315,Other,West,Other
TRIP_03212,Nehru Place,Mayur Vihar,8.28,Afternoon,Weekday,Clear,High,Main Road,29.9,17.4,25.415,19.547511312217196,Other,Other,Other
TRIP_03213,Rohini,Mayur Vihar,27.72,Morning Peak,Weekday,Clear,Low,Highway,74.5,24.7,63.324999999999996,26.264508487958945,North,Other,North Delhi
TRIP_03214,AIIMS,Shahdara,14.08,Morning Peak,Weekday,Fog,Very High,Highway,11.0,91.4,9.35,90.35294117647058,Other,Other,Other
TRIP_03215,Vasant Kunj,Kalkaji,9.44,Afternoon,Weekday,Rain,High,Main Road,18.6,31.7,15.81,35.82542694497153,South,South,South Delhi
TRIP_03216,Shahdara,Janakpuri,20.44,Morning Peak,Weekday,Rain,Very High,Main Road,7.6,161.9,6.46,189.8452012383901,Other,West,Other
TRIP_03217,AIIMS,Preet Vihar,11.51,Evening Peak,Weekend,Clear,Medium,Main Road,32.8,24.5,27.879999999999995,24.770444763271165,Other,Other,Other
TRIP_03218,Rohini,Nehru Place,29.42,Evening Peak,Weekday,Clear,Low,Highway,67.4,26.6,57.290000000000006,30.811659975562925,North,Other,North Delhi
TRIP_03219,Punjabi Bagh,Kalkaji,18.89,Evening Peak,Weekend,Clear,Medium,Main Road,41.0,29.3,34.85,32.5222381635581,West,South,West Delhi
TRIP_03220,Nehru Place,Civil Lines,14.85,Afternoon,Weekday,Rain,Medium,Main Road,20.1,43.1,17.085,52.15100965759438,Other,Other,Other
TRIP_03221,Saket,Lajpat Nagar,5.89,Morning Peak,Weekday,Clear,Very High,Inner Road,9.9,37.0,8.415000000000001,41.996434937611404,South,Other,South Delhi
TRIP_03222,Dwarka,Saket,17.4,Afternoon,Weekday,Fog,Medium,Highway,29.7,36.3,25.244999999999997,41.35472370766488,West,South,West Delhi
TRIP_03223,Hauz Khas,Greater Kailash,3.32,Night,Weekday,Clear,Medium,Highway,44.9,4.5,38.165,5.219441897026071,Other,South,Other
TRIP_03224,Dwarka,Preet Vihar,24.67,Evening Peak,Weekday,Clear,Low,Main Road,39.4,37.0,33.489999999999995,44.19826813974322,West,Other,West Delhi
TRIP_03225,Dwarka,Janakpuri,5.26,Afternoon,Weekday,Clear,Medium,Main Road,40.6,7.7,34.51,9.145175311503912,West,West,West Delhi
TRIP_03226,Nehru Place,Lajpat Nagar,2.8,Afternoon,Weekend,Clear,Medium,Inner Road,16.6,10.2,14.110000000000001,11.906449326718638,Other,Other,Other
TRIP_03227,Kalkaji,Model Town,20.77,Evening Peak,Weekday,Clear,Very High,Main Road,10.4,116.3,8.84,140.97285067873304,South,North,South Delhi
TRIP_03228,Saket,Preet Vihar,15.46,Evening Peak,Weekday,Heatwave,Very High,Main Road,11.0,84.7,9.35,99.20855614973263,South,Other,South Delhi
TRIP_03229,Rajouri Garden,Janakpuri,4.38,Morning Peak,Weekend,Heatwave,High,Inner Road,9.7,26.8,8.245,31.873862947240752,West,West,Other
TRIP_03230,Lajpat Nagar,Punjabi Bagh,15.06,Afternoon,Weekday,Clear,Medium,Highway,59.7,15.5,50.745000000000005,17.806680461129176,Other,West,Other
TRIP_03231,Hauz Khas,Dwarka,15.78,Afternoon,Weekday,Clear,High,Main Road,25.2,39.2,21.419999999999998,44.20168067226891,Other,West,Other
TRIP_03232,AIIMS,Pitampura,17.0,Evening Peak,Weekday,Clear,Very High,Main Road,13.2,75.7,11.219999999999999,90.90909090909092,Other,North,Other
TRIP_03233,Pitampura,Connaught Place,11.52,Evening Peak,Weekday,Clear,Very High,Main Road,10.3,69.2,8.755,78.9491719017704,North,Central,Other
TRIP_03234,Vasant Kunj,AIIMS,7.41,Evening Peak,Weekday,Fog,Very High,Main Road,5.8,75.0,4.93,90.18255578093307,South,Other,South Delhi
TRIP_03235,Kalkaji,Nehru Place,1.51,Evening Peak,Weekend,Clear,Very High,Main Road,9.7,9.4,8.245,10.988477865372953,South,Other,South Delhi
TRIP_03236,AIIMS,Rohini,25.2,Afternoon,Weekday,Clear,High,Highway,37.7,42.3,32.045,47.18364799500702,Other,North,Other
TRIP_03237,Shahdara,Chandni Chowk,6.2,Morning Peak,Weekday,Fog,High,Main Road,15.8,24.0,13.43,27.699180938198065,Other,Central,Other
TRIP_03238,Lajpat Nagar,Preet Vihar,9.58,Evening Peak,Weekend,Heatwave,Very High,Main Road,10.4,62.7,8.84,65.02262443438913,Other,Other,Other
TRIP_03239,Karol Bagh,Lajpat Nagar,10.19,Evening Peak,Weekend,Rain,Medium,Main Road,28.7,23.3,24.395,25.06251281000205,Central,Other,Central Delhi
TRIP_03240,Janakpuri,Greater Kailash,16.54,Evening Peak,Weekday,Clear,High,Main Road,21.5,47.6,18.275,54.303693570451436,West,South,West Delhi
TRIP_03241,Preet Vihar,Greater Kailash,11.95,Morning Peak,Weekday,Heatwave,High,Main Road,21.2,33.0,18.02,39.789123196448394,Other,South,Other
TRIP_03242,Mayur Vihar,Dwarka,24.43,Afternoon,Weekday,Heatwave,High,Inner Road,12.5,116.5,10.625,137.95764705882354,Other,West,Other
TRIP_03243,Greater Kailash,IGI Airport,13.13,Evening Peak,Weekday,Heatwave,High,Highway,40.8,19.0,34.68,22.716262975778548,South,Other,South Delhi
TRIP_03244,Model Town,Greater Kailash,19.14,Afternoon,Weekday,Clear,Medium,Highway,58.4,20.3,49.64,23.13456889605157,North,South,North Delhi
TRIP_03245,Rajouri Garden,Dwarka,9.64,Afternoon,Weekday,Clear,High,Main Road,19.5,31.0,16.575,34.89592760180996,West,West,Other
TRIP_03246,Lajpat Nagar,Saket,5.89,Night,Weekday,Clear,Low,Main Road,46.1,8.5,39.185,9.018757177491386,Other,South,Other
TRIP_03247,IGI Airport,Preet Vihar,21.04,Evening Peak,Weekday,Clear,Very High,Highway,21.3,57.8,18.105,69.72659486329744,Other,Other,Other
TRIP_03248,Preet Vihar,Punjabi Bagh,16.03,Morning Peak,Weekend,Clear,Medium,Main Road,44.6,22.4,37.910000000000004,25.370614613558427,Other,West,Other
TRIP_03249,Saket,Dwarka,17.4,Evening Peak,Weekend,Clear,High,Main Road,27.3,39.9,23.205,44.99030381383322,South,West,South Delhi
TRIP_03250,Shahdara,Punjabi Bagh,15.41,Evening Peak,Weekday,Clear,Very High,Inner Road,8.3,113.1,7.055000000000001,131.05598866052443,Other,West,Other
TRIP_03251,Rajouri Garden,Civil Lines,10.68,Morning Peak,Weekday,Clear,High,Highway,42.1,17.3,35.785000000000004,17.906944250384235,West,Other,Other
TRIP_03252,Kalkaji,Saket,4.6,Morning Peak,Weekday,Rain,High,Main Road,17.5,16.6,14.875,18.554621848739494,South,South,South Delhi
TRIP_03253,Shahdara,Punjabi Bagh,15.41,Evening Peak,Weekend,Clear,Very High,Inner Road,8.0,112.1,6.8,135.97058823529412,Other,West,Other
TRIP_03254,Mayur Vihar,Civil Lines,10.05,Night,Weekday,Heatwave,Medium,Inner Road,15.9,39.5,13.515,44.61709211986682,Other,Other,Other
TRIP_03255,Connaught Place,Karol Bagh,3.42,Evening Peak,Weekday,Clear,High,Inner Road,14.2,14.1,12.069999999999999,17.000828500414254,Central,Central,Central Delhi
TRIP_03256,Civil Lines,Okhla,17.22,Afternoon,Weekday,Rain,Very High,Highway,11.6,90.4,9.86,104.78701825557809,Other,Other,Other
TRIP_03257,Greater Kailash,AIIMS,3.26,Afternoon,Weekday,Heatwave,Medium,Inner Road,23.8,8.1,20.23,9.668808699950567,South,Other,South Delhi
TRIP_03258,Mayur Vihar,AIIMS,9.79,Morning Peak,Weekend,Clear,High,Main Road,30.1,20.3,25.585,22.958764901309358,Other,Other,Other
TRIP_03259,Greater Kailash,Pitampura,20.1,Night,Weekday,Clear,Medium,Main Road,31.6,38.4,26.86,44.899478778853315,South,North,South Delhi
TRIP_03260,Preet Vihar,Punjabi Bagh,16.03,Afternoon,Weekday,Heatwave,Low,Main Road,37.7,26.2,32.045,30.014042752379467,Other,West,Other
TRIP_03261,Noida Sector 18,Janakpuri,23.96,Evening Peak,Weekday,Clear,Very High,Highway,17.8,82.9,15.13,95.01652346331791,Other,West,Other
TRIP_03262,Janakpuri,Rajouri Garden,4.38,Night,Weekday,Clear,Low,Main Road,36.2,7.2,30.770000000000003,8.54078648033799,West,West,West Delhi
TRIP_03263,Hauz Khas,AIIMS,2.2,Evening Peak,Weekday,Clear,Very High,Inner Road,9.6,14.2,8.16,16.176470588235297,Other,Other,Other
TRIP_03264,Dwarka,Civil Lines,20.04,Morning Peak,Weekday,Clear,High,Highway,31.3,40.5,26.605,45.19451230971622,West,Other,West Delhi
TRIP_03265,Hauz Khas,Pitampura,18.42,Evening Peak,Weekday,Clear,High,Main Road,26.5,40.9,22.525,49.06548279689235,Other,North,Other
TRIP_03266,Greater Kailash,Rajouri Garden,15.57,Evening Peak,Weekday,Clear,Very High,Highway,15.7,58.0,13.344999999999999,70.00374672161858,South,West,South Delhi
TRIP_03267,AIIMS,Civil Lines,12.66,Afternoon,Weekday,Heatwave,Medium,Inner Road,13.8,56.6,11.73,64.75703324808184,Other,Other,Other
TRIP_03268,Noida Sector 18,Rajouri Garden,21.63,Morning Peak,Weekday,Heatwave,High,Main Road,19.4,66.7,16.49,78.70224378411159,Other,West,Other
TRIP_03269,Dwarka,Nehru Place,20.8,Afternoon,Weekend,Clear,Medium,Main Road,29.9,47.7,25.415,49.10485933503837,West,Other,West Delhi
TRIP_03270,Rohini,Chandni Chowk,20.26,Evening Peak,Weekday,Clear,Very High,Highway,20.7,66.8,17.595,69.08780903665816,North,Central,North Delhi
TRIP_03271,Shahdara,Okhla,15.92,Evening Peak,Weekday,Clear,High,Main Road,24.5,39.5,20.825,45.86794717887155,Other,Other,Other
TRIP_03272,Janakpuri,Greater Kailash,16.54,Afternoon,Weekday,Clear,Medium,Highway,53.2,18.6,45.22,21.946041574524546,West,South,West Delhi
TRIP_03273,Model Town,Okhla,21.87,Morning Peak,Weekday,Clear,Low,Highway,76.1,18.0,64.68499999999999,20.286001391358127,North,Other,North Delhi
TRIP_03274,Saket,Dwarka,17.4,Evening Peak,Weekend,Clear,Medium,Main Road,29.7,35.0,25.244999999999997,41.35472370766488,South,West,South Delhi
TRIP_03275,Civil Lines,Okhla,17.22,Night,Weekday,Clear,Medium,Inner Road,15.6,66.2,13.26,77.91855203619909,Other,Other,Other
TRIP_03276,Model Town,Janakpuri,14.54,Morning Peak,Weekday,Clear,High,Highway,41.7,21.9,35.445,24.61278036394414,North,West,North Delhi
TRIP_03277,Pitampura,Connaught Place,11.52,Morning Peak,Weekday,Fog,High,Main Road,14.1,51.4,11.985,57.6720901126408,North,Central,Other
TRIP_03278,Dwarka,Model Town,19.78,Afternoon,Weekday,Fog,Medium,Highway,36.8,32.3,31.279999999999998,37.94117647058824,West,North,West Delhi
TRIP_03279,Greater Kailash,Chandni Chowk,11.55,Morning Peak,Weekday,Clear,High,Highway,40.1,17.5,34.085,20.33152413084935,South,Central,South Delhi
TRIP_03280,Saket,Shahdara,18.39,Afternoon,Weekday,Rain,Low,Main Road,36.8,30.0,31.279999999999998,35.27493606138108,South,Other,South Delhi
TRIP_03281,Mayur Vihar,Preet Vihar,3.05,Night,Weekday,Heatwave,Low,Inner Road,25.2,7.5,21.419999999999998,8.543417366946779,Other,Other,Other
TRIP_03282,Civil Lines,Vasant Kunj,19.08,Evening Peak,Weekend,Clear,High,Main Road,24.4,46.5,20.74,55.1976856316297,Other,South,Other
TRIP_03283,Punjabi Bagh,Okhla,20.5,Afternoon,Weekday,Clear,Medium,Highway,45.5,27.7,38.675,31.80349062702004,West,Other,West Delhi
TRIP_03284,Shahdara,Civil Lines,6.29,Afternoon,Weekday,Clear,High,Highway,44.9,8.5,38.165,9.888641425389755,Other,Other,Other
TRIP_03285,Janakpuri,Rajouri Garden,4.38,Afternoon,Weekday,Clear,Medium,Main Road,33.5,8.1,28.474999999999998,9.229148375768219,West,West,West Delhi
TRIP_03286,Rohini,Karol Bagh,16.99,Morning Peak,Weekday,Clear,Very High,Main Road,14.3,74.6,12.155000000000001,83.86672151378032,North,Central,North Delhi
TRIP_03287,Shahdara,Pitampura,15.65,Evening Peak,Weekday,Heatwave,Medium,Main Road,29.7,33.4,25.244999999999997,37.195484254307786,Other,North,Other
TRIP_03288,Mayur Vihar,Noida Sector 18,5.74,Morning Peak,Weekday,Clear,High,Main Road,26.4,14.5,22.439999999999998,15.347593582887704,Other,Other,Other
TRIP_03289,Chandni Chowk,AIIMS,9.5,Evening Peak,Weekday,Clear,Very High,Inner Road,8.9,65.5,7.565,75.34699272967613,Central,Other,Central Delhi
TRIP_03290,Nehru Place,Noida Sector 18,7.47,Evening Peak,Weekend,Rain,Medium,Inner Road,15.9,28.6,13.515,33.16315205327414,Other,Other,Other
TRIP_03291,Kalkaji,Nehru Place,1.51,Morning Peak,Weekday,Clear,Medium,Inner Road,14.7,6.0,12.495,7.250900360144058,South,Other,South Delhi
TRIP_03292,Chandni Chowk,Greater Kailash,11.55,Evening Peak,Weekend,Rain,Very High,Main Road,7.6,93.6,6.46,107.27554179566565,Central,South,Central Delhi
TRIP_03293,Lajpat Nagar,Noida Sector 18,8.66,Evening Peak,Weekday,Clear,Very High,Main Road,13.0,44.4,11.049999999999999,47.022624434389144,Other,Other,Other
TRIP_03294,Chandni Chowk,Rajouri Garden,10.59,Morning Peak,Weekday,Heatwave,Very High,Main Road,9.8,67.9,8.33,76.27851140456183,Central,West,Central Delhi
TRIP_03295,Dwarka,Noida Sector 18,27.45,Morning Peak,Weekday,Clear,Very High,Highway,16.9,108.4,14.364999999999998,114.65367211973548,West,Other,West Delhi
TRIP_03296,Punjabi Bagh,AIIMS,13.63,Night,Weekday,Rain,Low,Main Road,43.7,21.3,37.145,22.01642212949253,West,Other,West Delhi
TRIP_03297,Rajouri Garden,Preet Vihar,16.6,Evening Peak,Weekday,Clear,High,Main Road,25.8,40.2,21.93,45.4172366621067,West,Other,Other
TRIP_03298,Hauz Khas,Connaught Place,9.27,Evening Peak,Weekday,Clear,Very High,Main Road,11.6,50.7,9.86,56.40973630831643,Other,Central,Other
TRIP_03299,Mayur Vihar,Kalkaji,9.67,Evening Peak,Weekday,Clear,Very High,Main Road,11.8,49.2,10.030000000000001,57.84646061814556,Other,South,Other
TRIP_03300,Model Town,Rohini,13.8,Morning Peak,Weekend,Clear,Low,Main Road,38.8,20.9,32.98,25.106124924196486,North,North,North Delhi
TRIP_03301,Rohini,Janakpuri,14.51,Evening Peak,Weekday,Clear,Very High,Highway,20.3,44.3,17.255,50.45494059692843,North,West,North Delhi
TRIP_03302,Kalkaji,Noida Sector 18,8.19,Morning Peak,Weekday,Heatwave,Very High,Highway,15.7,30.8,13.344999999999999,36.82278006744099,South,Other,South Delhi
TRIP_03303,Punjabi Bagh,Connaught Place,9.3,Afternoon,Weekday,Clear,Medium,Inner Road,28.9,19.3,24.564999999999998,22.71524526765724,West,Central,West Delhi
TRIP_03304,Civil Lines,Hauz Khas,14.76,Morning Peak,Weekend,Fog,Low,Highway,36.8,24.7,31.279999999999998,28.312020460358056,Other,Other,Other
TRIP_03305,Rohini,Karol Bagh,16.99,Evening Peak,Weekday,Clear,High,Highway,39.2,27.3,33.32,30.59423769507803,North,Central,North Delhi
TRIP_03306,Dwarka,Pitampura,15.04,Evening Peak,Weekend,Clear,Medium,Highway,58.4,15.3,49.64,18.178887993553584,West,North,West Delhi
TRIP_03307,Okhla,Civil Lines,17.22,Night,Weekday,Heatwave,Low,Inner Road,23.0,44.3,19.55,52.84910485933503,Other,Other,Other
TRIP_03308,Punjabi Bagh,Pitampura,3.98,Evening Peak,Weekday,Clear,High,Inner Road,12.0,20.9,10.2,23.41176470588235,West,North,West Delhi
TRIP_03309,Dwarka,Nehru Place,20.8,Afternoon,Weekday,Rain,Low,Main Road,29.1,44.8,24.735,50.45482110369921,West,Other,West Delhi
TRIP_03310,Model Town,Greater Kailash,19.14,Evening Peak,Weekend,Heatwave,High,Main Road,19.9,56.3,16.915,67.89240319243275,North,South,North Delhi
TRIP_03311,Janakpuri,AIIMS,13.39,Evening Peak,Weekday,Fog,Very High,Highway,11.3,79.6,9.605,83.6439354502863,West,Other,West Delhi
TRIP_03312,AIIMS,IGI Airport,10.81,Morning Peak,Weekday,Clear,Very High,Highway,22.0,30.1,18.7,34.68449197860963,Other,Other,Other
TRIP_03313,Okhla,Shahdara,15.92,Afternoon,Weekday,Clear,Medium,Highway,62.0,17.1,52.699999999999996,18.125237191650857,Other,Other,Other
TRIP_03314,Kalkaji,Civil Lines,16.3,Morning Peak,Weekend,Clear,Medium,Highway,53.1,19.7,45.135,21.66832834828847,South,Other,South Delhi
TRIP_03315,Punjabi Bagh,Noida Sector 18,21.94,Night,Weekday,Heatwave,Medium,Highway,66.6,20.3,56.60999999999999,23.25384207737149,West,Other,West Delhi
TRIP_03316,Nehru Place,Saket,5.32,Morning Peak,Weekend,Rain,High,Main Road,17.6,18.4,14.96,21.336898395721924,Other,South,Other
TRIP_03317,Connaught Place,Karol Bagh,3.42,Afternoon,Weekday,Clear,Medium,Main Road,34.1,6.2,28.985,7.079523891668105,Central,Central,Central Delhi
TRIP_03318,Nehru Place,Okhla,2.67,Morning Peak,Weekday,Rain,High,Inner Road,9.5,17.3,8.075,19.8390092879257,Other,Other,Other
TRIP_03319,Civil Lines,Rohini,18.15,Evening Peak,Weekday,Clear,Very High,Highway,20.4,54.2,17.34,62.80276816608996,Other,North,Other
TRIP_03320,AIIMS,Saket,4.77,Afternoon,Weekday,Clear,Medium,Inner Road,18.8,15.2,15.98,17.909887359198997,Other,South,Other
TRIP_03321,Vasant Kunj,Preet Vihar,18.93,Afternoon,Weekday,Clear,Very High,Main Road,12.2,90.9,10.37,109.5274831243973,South,Other,South Delhi
TRIP_03322,Okhla,Punjabi Bagh,20.5,Evening Peak,Weekend,Heatwave,Medium,Main Road,30.0,42.5,25.5,48.23529411764706,Other,West,Other
TRIP_03323,Punjabi Bagh,Karol Bagh,6.08,Evening Peak,Weekday,Rain,Medium,Main Road,23.5,15.2,19.974999999999998,18.26282853566959,West,Central,West Delhi
TRIP_03324,Mayur Vihar,Vasant Kunj,17.08,Evening Peak,Weekday,Heatwave,High,Inner Road,10.6,98.3,9.01,113.74028856825748,Other,South,Other
TRIP_03325,Chandni Chowk,Hauz Khas,11.65,Evening Peak,Weekday,Clear,High,Main Road,18.1,37.5,15.385000000000002,45.43386415339616,Central,Other,Central Delhi
TRIP_03326,Shahdara,Hauz Khas,16.26,Evening Peak,Weekday,Clear,Medium,Main Road,27.9,36.6,23.715,41.138519924098674,Other,Other,Other
TRIP_03327,Janakpuri,Model Town,14.54,Evening Peak,Weekend,Clear,High,Highway,41.5,21.5,35.275,24.731396172927003,West,North,West Delhi
TRIP_03328,IGI Airport,Rajouri Garden,10.32,Afternoon,Weekday,Fog,Medium,Highway,33.8,18.2,28.729999999999997,21.5523842673164,Other,West,Other
TRIP_03329,Hauz Khas,Kalkaji,5.29,Evening Peak,Weekday,Clear,High,Inner Road,16.3,20.2,13.855,22.90869722121978,Other,South,Other
TRIP_03330,Kalkaji,Civil Lines,16.3,Morning Peak,Weekday,Fog,High,Main Road,11.7,82.6,9.944999999999999,98.34087481146307,South,Other,South Delhi
TRIP_03331,Rohini,Greater Kailash,28.43,Evening Peak,Weekday,Clear,Very High,Highway,19.1,94.2,16.235,105.06929473360024,North,South,North Delhi
TRIP_03332,IGI Airport,Lajpat Nagar,13.5,Afternoon,Weekday,Clear,Medium,Highway,50.7,16.0,43.095,18.795683954054997,Other,Other,Other
TRIP_03333,Greater Kailash,Civil Lines,14.87,Evening Peak,Weekend,Clear,Low,Highway,66.4,14.1,56.440000000000005,15.807937632884476,South,Other,South Delhi
TRIP_03334,Hauz Khas,Connaught Place,9.27,Evening Peak,Weekday,Fog,Very High,Main Road,5.2,109.4,4.42,125.83710407239819,Other,Central,Other
TRIP_03335,Preet Vihar,Noida Sector 18,8.57,Afternoon,Weekday,Clear,Medium,Main Road,43.2,11.5,36.72,14.00326797385621,Other,Other,Other
TRIP_03336,Okhla,Preet Vihar,12.45,Evening Peak,Weekday,Clear,Very High,Main Road,13.9,54.2,11.815,63.22471434617013,Other,Other,Other
TRIP_03337,Saket,Okhla,6.33,Evening Peak,Weekday,Fog,High,Main Road,12.8,29.1,10.88,34.908088235294116,South,Other,South Delhi
TRIP_03338,Noida Sector 18,Greater Kailash,9.35,Morning Peak,Weekend,Clear,Medium,Highway,46.7,12.5,39.695,14.132762312633833,Other,South,Other
TRIP_03339,Civil Lines,Connaught Place,5.49,Evening Peak,Weekday,Clear,High,Main Road,28.3,11.6,24.055,13.693618790272293,Other,Central,Other
TRIP_03340,Mayur Vihar,Noida Sector 18,5.74,Evening Peak,Weekday,Clear,High,Main Road,24.7,15.1,20.994999999999997,16.40390569183139,Other,Other,Other
TRIP_03341,Greater Kailash,Hauz Khas,3.32,Morning Peak,Weekday,Rain,High,Inner Road,7.7,25.5,6.545,30.43544690603514,South,Other,South Delhi
TRIP_03342,Vasant Kunj,Rajouri Garden,14.56,Afternoon,Weekday,Rain,High,Highway,27.9,30.6,23.715,36.837444655281466,South,West,South Delhi
TRIP_03343,Preet Vihar,Janakpuri,20.09,Evening Peak,Weekday,Clear,Very High,Highway,21.1,58.5,17.935000000000002,67.20936715918594,Other,West,Other
TRIP_03344,Saket,Rajouri Garden,15.91,Afternoon,Weekend,Clear,Medium,Main Road,35.3,27.8,30.004999999999995,31.81469755040827,South,West,South Delhi
TRIP_03345,Punjabi Bagh,Pitampura,3.98,Afternoon,Weekday,Clear,Medium,Highway,51.4,4.9,43.69,5.465781643396658,West,North,West Delhi
TRIP_03346,Greater Kailash,Civil Lines,14.87,Afternoon,Weekend,Heatwave,Medium,Highway,51.2,18.5,43.52,20.500919117647054,South,Other,South Delhi
TRIP_03347,Preet Vihar,Janakpuri,20.09,Morning Peak,Weekday,Clear,High,Highway,40.5,30.3,34.425,35.01525054466231,Other,West,Other
TRIP_03348,Okhla,Vasant Kunj,11.21,Evening Peak,Weekday,Fog,High,Main Road,14.1,50.6,11.985,56.12015018773468,Other,South,Other
TRIP_03349,Model Town,Dwarka,19.78,Afternoon,Weekday,Rain,High,Main Road,16.7,69.8,14.194999999999999,83.60690383938007,North,West,North Delhi
TRIP_03350,IGI Airport,Rajouri Garden,10.32,Morning Peak,Weekday,Clear,Very High,Inner Road,7.7,79.3,6.545,94.60656990068755,Other,West,Other
TRIP_03351,Vasant Kunj,Pitampura,20.67,Morning Peak,Weekday,Clear,Medium,Main Road,41.9,29.0,35.614999999999995,34.822406289484775,South,North,South Delhi
TRIP_03352,Lajpat Nagar,Civil Lines,12.32,Evening Peak,Weekday,Clear,Very High,Main Road,8.8,83.8,7.48,98.8235294117647,Other,Other,Other
TRIP_03353,Preet Vihar,Hauz Khas,13.62,Evening Peak,Weekday,Rain,Very High,Highway,12.6,64.0,10.709999999999999,76.30252100840337,Other,Other,Other
TRIP_03354,Vasant Kunj,Lajpat Nagar,9.65,Evening Peak,Weekday,Rain,High,Main Road,19.4,31.6,16.49,35.11218920557914,South,Other,South Delhi
TRIP_03355,Greater Kailash,Karol Bagh,12.43,Morning Peak,Weekday,Clear,High,Highway,33.0,23.9,28.05,26.588235294117645,South,Central,South Delhi
TRIP_03356,Dwarka,Hauz Khas,15.78,Evening Peak,Weekend,Rain,Low,Highway,60.5,15.3,51.425,18.41127856101118,West,Other,West Delhi
TRIP_03357,Vasant Kunj,Noida Sector 18,17.44,Evening Peak,Weekday,Clear,Very High,Main Road,12.5,81.9,10.625,98.48470588235296,South,Other,South Delhi
TRIP_03358,Civil Lines,Model Town,5.0,Afternoon,Weekend,Clear,Medium,Inner Road,24.1,12.4,20.485,14.644862094215279,Other,North,Other
TRIP_03359,Chandni Chowk,Okhla,13.88,Night,Weekday,Clear,Medium,Highway,59.2,13.7,50.32,16.550079491255964,Central,Other,Central Delhi
TRIP_03360,AIIMS,Model Town,16.52,Evening Peak,Weekday,Clear,Very High,Highway,20.3,48.4,17.255,57.444219066937116,Other,North,Other
TRIP_03361,Greater Kailash,Okhla,4.03,Afternoon,Weekday,Rain,High,Main Road,16.1,15.0,13.685,17.668980635732552,South,Other,South Delhi
TRIP_03362,Shahdara,Okhla,15.92,Night,Weekday,Rain,Medium,Inner Road,9.3,108.3,7.905,120.83491461100567,Other,Other,Other
TRIP_03363,Rohini,Shahdara,24.21,Afternoon,Weekday,Clear,Medium,Highway,51.0,27.6,43.35,33.50865051903114,North,Other,North Delhi
TRIP_03364,Janakpuri,Okhla,20.56,Morning Peak,Weekend,Clear,High,Highway,44.2,28.0,37.57,32.834708544051104,West,Other,West Delhi
TRIP_03365,Hauz Khas,Punjabi Bagh,14.84,Evening Peak,Weekday,Heatwave,High,Main Road,20.4,42.8,17.34,51.34948096885813,Other,West,Other
TRIP_03366,Kalkaji,IGI Airport,15.01,Evening Peak,Weekend,Heatwave,Low,Highway,84.0,11.0,71.39999999999999,12.613445378151262,South,Other,South Delhi
TRIP_03367,Pitampura,Karol Bagh,8.11,Afternoon,Weekend,Heatwave,Medium,Main Road,30.5,18.8,25.925,18.769527483124396,North,Central,Other
TRIP_03368,Chandni Chowk,Shahdara,6.2,Night,Weekday,Heatwave,Medium,Inner Road,13.9,27.3,11.815,31.48539991536183,Central,Other,Central Delhi
TRIP_03369,Chandni Chowk,Shahdara,6.2,Night,Weekday,Clear,Low,Inner Road,28.7,13.0,24.395,15.24902643984423,Central,Other,Central Delhi
TRIP_03370,Lajpat Nagar,Civil Lines,12.32,Morning Peak,Weekday,Clear,High,Main Road,25.8,28.5,21.93,33.707250341997266,Other,Other,Other
TRIP_03371,Janakpuri,Rohini,14.51,Morning Peak,Weekday,Clear,Very High,Main Road,10.0,89.1,8.5,102.4235294117647,West,North,West Delhi
TRIP_03372,Connaught Place,Janakpuri,12.63,Afternoon,Weekday,Clear,High,Inner Road,15.0,51.9,12.75,59.43529411764706,Central,West,Central Delhi
TRIP_03373,AIIMS,Punjabi Bagh,13.63,Afternoon,Weekday,Clear,Medium,Highway,49.3,19.6,41.904999999999994,19.515570934256058,Other,West,Other
TRIP_03374,Rajouri Garden,Vasant Kunj,14.56,Night,Weekday,Clear,Low,Main Road,49.6,17.4,42.16,20.721062618595827,West,South,Other
TRIP_03375,Greater Kailash,Mayur Vihar,9.55,Morning Peak,Weekday,Clear,Low,Main Road,42.9,13.4,36.464999999999996,15.713698066639244,South,Other,South Delhi
TRIP_03376,Civil Lines,Pitampura,9.41,Morning Peak,Weekday,Clear,High,Main Road,29.4,18.7,24.99,22.593037214885957,Other,North,Other
TRIP_03377,IGI Airport,Vasant Kunj,6.9,Morning Peak,Weekday,Heatwave,Medium,Main Road,30.4,16.2,25.84,16.02167182662539,Other,South,Other
TRIP_03378,Dwarka,Rohini,17.53,Night,Weekday,Clear,Low,Main Road,41.3,27.5,35.105,29.961543939609747,West,North,West Delhi
TRIP_03379,IGI Airport,Civil Lines,18.43,Morning Peak,Weekday,Clear,Medium,Main Road,35.8,32.0,30.429999999999996,36.33913900755833,Other,Other,Other
TRIP_03380,Greater Kailash,IGI Airport,13.13,Evening Peak,Weekday,Clear,Medium,Highway,51.3,15.8,43.605,18.066735466116274,South,Other,South Delhi
TRIP_03381,IGI Airport,Rohini,21.91,Evening Peak,Weekday,Clear,Very High,Inner Road,8.2,158.3,6.969999999999999,188.60832137733146,Other,North,Other
TRIP_03382,Kalkaji,AIIMS,5.39,Morning Peak,Weekday,Clear,High,Inner Road,16.8,20.0,14.28,22.647058823529413,South,Other,South Delhi
TRIP_03383,Chandni Chowk,Hauz Khas,11.65,Evening Peak,Weekday,Clear,Very High,Main Road,13.8,56.4,11.73,59.59079283887468,Central,Other,Central Delhi
TRIP_03384,Preet Vihar,IGI Airport,21.04,Afternoon,Weekday,Heatwave,High,Highway,30.7,41.6,26.095,48.37708373251581,Other,Other,Other
TRIP_03385,Hauz Khas,Model Town,18.43,Evening Peak,Weekday,Clear,Very High,Highway,21.4,53.1,18.189999999999998,60.79164376030788,Other,North,Other
TRIP_03386,Rohini,Shahdara,24.21,Afternoon,Weekend,Clear,Medium,Main Road,35.1,43.2,29.835,48.68778280542986,North,Other,North Delhi
TRIP_03387,Noida Sector 18,Model Town,20.73,Afternoon,Weekday,Clear,Medium,Highway,56.9,21.9,48.364999999999995,25.716944071125816,Other,North,Other
TRIP_03388,Model Town,AIIMS,16.52,Night,Weekday,Clear,Medium,Inner Road,27.7,36.9,23.544999999999998,42.0981100021236,North,Other,North Delhi
TRIP_03389,Preet Vihar,Model Town,12.75,Afternoon,Weekday,Heatwave,High,Main Road,25.4,29.4,21.59,35.433070866141726,Other,North,Other
TRIP_03390,Okhla,Punjabi Bagh,20.5,Afternoon,Weekday,Rain,Medium,Main Road,22.8,53.2,19.38,63.467492260061924,Other,West,Other
TRIP_03391,Civil Lines,Vasant Kunj,19.08,Morning Peak,Weekend,Rain,Low,Highway,48.2,24.6,40.97,27.94239687576275,Other,South,Other
TRIP_03392,IGI Airport,Greater Kailash,13.13,Morning Peak,Weekend,Clear,High,Main Road,18.4,43.5,15.639999999999999,50.370843989769824,Other,South,Other
TRIP_03393,Janakpuri,Model Town,14.54,Afternoon,Weekday,Clear,Very High,Main Road,9.5,92.0,8.075,108.03715170278637,West,North,West Delhi
TRIP_03394,Janakpuri,Saket,15.88,Afternoon,Weekday,Rain,Low,Highway,56.5,17.5,48.025,19.839666840187405,West,South,West Delhi
TRIP_03395,Civil Lines,Preet Vihar,7.88,Afternoon,Weekend,Clear,Medium,Inner Road,13.4,36.5,11.39,41.510096575943805,Other,Other,Other
TRIP_03396,Preet Vihar,Punjabi Bagh,16.03,Afternoon,Weekday,Heatwave,Medium,Main Road,24.8,38.8,21.08,45.62618595825428,Other,West,Other
TRIP_03397,Civil Lines,Punjabi Bagh,9.27,Morning Peak,Weekday,Clear,High,Inner Road,12.5,47.0,10.625,52.34823529411764,Other,West,Other
TRIP_03398,Karol Bagh,Pitampura,8.11,Evening Peak,Weekday,Rain,High,Inner Road,10.5,47.2,8.924999999999999,54.52100840336134,Central,North,Central Delhi
TRIP_03399,Noida Sector 18,Mayur Vihar,5.74,Morning Peak,Weekday,Fog,Very High,Highway,11.8,30.8,10.030000000000001,34.33698903290129,Other,Other,Other
TRIP_03400,Preet Vihar,Shahdara,3.56,Morning Peak,Weekday,Clear,Medium,Inner Road,28.6,7.6,24.310000000000002,8.78650761003702,Other,Other,Other
TRIP_03401,Chandni Chowk,Dwarka,19.18,Morning Peak,Weekend,Fog,High,Main Road,13.1,96.2,11.135,103.34979793444094,Central,West,Central Delhi
TRIP_03402,AIIMS,Dwarka,16.25,Evening Peak,Weekday,Clear,Medium,Main Road,43.9,21.8,37.315,26.128902586091385,Other,West,Other
TRIP_03403,Janakpuri,Greater Kailash,16.54,Afternoon,Weekday,Clear,Medium,Main Road,41.1,23.8,34.935,28.407041648776296,West,South,West Delhi
TRIP_03404,Dwarka,Punjabi Bagh,11.86,Afternoon,Weekday,Clear,Medium,Main Road,30.9,23.7,26.264999999999997,27.09308966304969,West,West,West Delhi
TRIP_03405,Hauz Khas,Shahdara,16.26,Night,Weekday,Clear,Medium,Highway,61.0,18.5,51.85,18.815814850530376,Other,Other,Other
TRIP_03406,Greater Kailash,Noida Sector 18,9.35,Morning Peak,Weekday,Clear,Very High,Inner Road,8.1,71.3,6.885,81.48148148148148,South,Other,South Delhi
TRIP_03407,Shahdara,Janakpuri,20.44,Evening Peak,Weekday,Clear,High,Highway,31.1,40.9,26.435000000000002,46.39303953092491,Other,West,Other
TRIP_03408,Okhla,Mayur Vihar,9.53,Evening Peak,Weekday,Heatwave,High,Inner Road,11.7,51.5,9.944999999999999,57.496229260935145,Other,Other,Other
TRIP_03409,Nehru Place,Vasant Kunj,9.97,Afternoon,Weekend,Clear,Low,Main Road,57.9,10.9,49.214999999999996,12.154830844254803,Other,South,Other
TRIP_03410,Chandni Chowk,Okhla,13.88,Morning Peak,Weekday,Fog,High,Highway,22.0,37.9,18.7,44.534759358288774,Central,Other,Central Delhi
TRIP_03411,IGI Airport,Saket,11.0,Evening Peak,Weekday,Clear,High,Main Road,24.5,26.2,20.825,31.69267707082833,Other,South,Other
TRIP_03412,AIIMS,Rohini,25.2,Evening Peak,Weekend,Clear,Medium,Highway,48.0,31.7,40.8,37.05882352941177,Other,North,Other
TRIP_03413,Saket,Noida Sector 18,12.72,Evening Peak,Weekday,Rain,Medium,Highway,40.1,19.0,34.085,22.391081120727595,South,Other,South Delhi
TRIP_03414,Hauz Khas,Greater Kailash,3.32,Afternoon,Weekday,Heatwave,Medium,Main Road,31.6,6.2,26.86,7.4162323157110945,Other,South,Other
TRIP_03415,Lajpat Nagar,Hauz Khas,4.29,Evening Peak,Weekday,Clear,Very High,Inner Road,8.7,30.9,7.395,34.80730223123733,Other,Other,Other
TRIP_03416,Connaught Place,AIIMS,7.18,Evening Peak,Weekday,Rain,Very High,Main Road,6.4,67.0,5.44,79.19117647058822,Central,Other,Central Delhi
TRIP_03417,Nehru Place,Lajpat Nagar,2.8,Morning Peak,Weekday,Clear,High,Inner Road,11.8,14.8,10.030000000000001,16.749750747756725,Other,Other,Other
TRIP_03418,Noida Sector 18,Dwarka,27.45,Afternoon,Weekday,Clear,Medium,Highway,50.1,34.2,42.585,38.67558999647763,Other,West,Other
TRIP_03419,Punjabi Bagh,Rohini,11.6,Evening Peak,Weekday,Clear,High,Main Road,30.8,23.0,26.18,26.585179526355997,West,North,West Delhi
TRIP_03420,Civil Lines,Shahdara,6.29,Afternoon,Weekday,Clear,Low,Main Road,39.9,9.2,33.915,11.127819548872182,Other,Other,Other
TRIP_03421,Hauz Khas,Shahdara,16.26,Evening Peak,Weekday,Rain,High,Highway,28.6,39.6,24.310000000000002,40.13163307280954,Other,Other,Other
TRIP_03422,Lajpat Nagar,Kalkaji,4.08,Afternoon,Weekend,Clear,Medium,Inner Road,13.2,18.3,11.219999999999999,21.818181818181824,Other,South,Other
TRIP_03423,Model Town,Chandni Chowk,8.08,Evening Peak,Weekday,Clear,Very High,Inner Road,7.9,60.7,6.715,72.19657483246463,North,Central,North Delhi
TRIP_03424,Vasant Kunj,Preet Vihar,18.93,Night,Weekday,Heatwave,Low,Main Road,45.3,25.7,38.504999999999995,29.497467861316714,South,Other,South Delhi
TRIP_03425,Shahdara,Greater Kailash,15.04,Evening Peak,Weekend,Rain,Medium,Main Road,19.5,52.1,16.575,54.44343891402715,Other,South,Other
TRIP_03426,Nehru Place,Noida Sector 18,7.47,Afternoon,Weekday,Clear,Medium,Main Road,32.5,14.6,27.625,16.22443438914027,Other,Other,Other
TRIP_03427,Janakpuri,Civil Lines,14.89,Night,Weekday,Heatwave,Medium,Highway,42.5,21.9,36.125,24.730795847750866,West,Other,West Delhi
TRIP_03428,Connaught Place,Dwarka,17.23,Evening Peak,Weekday,Fog,Very High,Inner Road,5.2,198.9,4.42,233.89140271493216,Central,West,Central Delhi
TRIP_03429,AIIMS,IGI Airport,10.81,Evening Peak,Weekend,Clear,Very High,Highway,18.0,36.0,15.299999999999999,42.392156862745104,Other,Other,Other
TRIP_03430,Janakpuri,Saket,15.88,Afternoon,Weekend,Clear,Low,Main Road,53.1,17.5,45.135,21.110003323363244,West,South,West Delhi
TRIP_03431,Lajpat Nagar,Preet Vihar,9.58,Morning Peak,Weekday,Clear,Very High,Main Road,10.1,55.2,8.584999999999999,66.95398951659872,Other,Other,Other
TRIP_03432,Okhla,Noida Sector 18,6.92,Morning Peak,Weekday,Heatwave,Very High,Main Road,9.6,45.2,8.16,50.88235294117647,Other,Other,Other
TRIP_03433,Rajouri Garden,Connaught Place,9.35,Morning Peak,Weekday,Fog,High,Inner Road,10.6,52.3,9.01,62.264150943396224,West,Central,Other
TRIP_03434,Mayur Vihar,Noida Sector 18,5.74,Morning Peak,Weekday,Clear,High,Main Road,28.3,12.7,24.055,14.317189773435876,Other,Other,Other
TRIP_03435,Rohini,Janakpuri,14.51,Morning Peak,Weekend,Clear,High,Highway,39.3,22.6,33.404999999999994,26.061966771441405,North,West,North Delhi
TRIP_03436,Connaught Place,Pitampura,11.52,Afternoon,Weekend,Clear,Low,Main Road,51.5,13.6,43.775,15.789834380354081,Central,North,Central Delhi
TRIP_03437,Rajouri Garden,Pitampura,6.43,Afternoon,Weekend,Rain,Medium,Main Road,31.7,12.0,26.945,14.31805529782891,West,North,Other
TRIP_03438,Shahdara,Nehru Place,14.22,Afternoon,Weekday,Clear,Medium,Main Road,30.4,29.5,25.84,33.01857585139319,Other,Other,Other
TRIP_03439,Shahdara,AIIMS,14.08,Afternoon,Weekday,Rain,Medium,Main Road,25.1,35.6,21.335,39.596906491680336,Other,Other,Other
TRIP_03440,Noida Sector 18,Hauz Khas,12.51,Morning Peak,Weekday,Clear,High,Main Road,19.0,41.2,16.15,46.476780185758514,Other,Other,Other
TRIP_03441,Janakpuri,Lajpat Nagar,15.7,Night,Weekday,Clear,Medium,Main Road,42.9,22.2,36.464999999999996,25.832990538872895,West,Other,West Delhi
TRIP_03442,IGI Airport,Saket,11.0,Night,Weekday,Clear,Medium,Highway,59.8,11.0,50.83,12.984457997245721,Other,South,Other
TRIP_03443,Okhla,Karol Bagh,15.59,Morning Peak,Weekend,Rain,Medium,Main Road,24.1,40.6,20.485,45.662680009763235,Other,Central,Other
TRIP_03444,Janakpuri,Preet Vihar,20.09,Morning Peak,Weekday,Clear,Medium,Highway,56.5,21.9,48.025,25.0994273815721,West,Other,West Delhi
TRIP_03445,AIIMS,Rajouri Garden,12.31,Evening Peak,Weekday,Clear,Medium,Inner Road,19.8,37.8,16.830000000000002,43.88591800356506,Other,West,Other
TRIP_03446,Noida Sector 18,Rohini,33.01,Afternoon,Weekday,Heatwave,Very High,Highway,19.0,107.4,16.15,122.63777089783284,Other,North,Other
TRIP_03447,Karol Bagh,Vasant Kunj,15.08,Morning Peak,Weekday,Heatwave,High,Highway,36.0,25.6,30.599999999999998,29.568627450980394,Central,South,Central Delhi
TRIP_03448,Okhla,Punjabi Bagh,20.5,Evening Peak,Weekday,Clear,High,Highway,36.5,35.1,31.025,39.64544721998388,Other,West,Other
TRIP_03449,IGI Airport,Vasant Kunj,6.9,Morning Peak,Weekday,Clear,High,Highway,37.0,11.5,31.45,13.163751987281401,Other,South,Other
TRIP_03450,Rajouri Garden,Preet Vihar,16.6,Morning Peak,Weekday,Heatwave,High,Main Road,21.8,45.6,18.53,53.750674581759306,West,Other,Other
TRIP_03451,Rohini,Vasant Kunj,27.39,Night,Weekday,Fog,Low,Highway,37.4,45.4,31.79,51.69550173010381,North,South,North Delhi
TRIP_03452,Saket,Civil Lines,17.43,Morning Peak,Weekend,Clear,Low,Main Road,50.4,22.0,42.839999999999996,24.411764705882355,South,Other,South Delhi
TRIP_03453,Rajouri Garden,AIIMS,12.31,Night,Weekday,Clear,Medium,Highway,67.9,10.9,57.715,12.797366369228103,West,Other,Other
TRIP_03454,Lajpat Nagar,Greater Kailash,2.6,Morning Peak,Weekend,Clear,Medium,Main Road,34.0,5.3,28.9,5.397923875432526,Other,South,Other
TRIP_03455,Pitampura,Preet Vihar,17.1,Morning Peak,Weekday,Clear,Very High,Main Road,12.9,77.5,10.965,93.57045143638852,North,Other,Other
TRIP_03456,Lajpat Nagar,Pitampura,18.08,Evening Peak,Weekday,Clear,Very High,Inner Road,7.8,144.5,6.63,163.61990950226243,Other,North,Other
TRIP_03457,Civil Lines,Kalkaji,16.3,Morning Peak,Weekday,Fog,Very High,Highway,8.7,109.6,7.395,132.25152129817445,Other,South,Other
TRIP_03458,Hauz Khas,Vasant Kunj,5.36,Evening Peak,Weekend,Clear,High,Main Road,24.5,13.7,20.825,15.442977190876352,Other,South,Other
TRIP_03459,Rohini,Janakpuri,14.51,Morning Peak,Weekend,Heatwave,High,Highway,33.5,27.4,28.474999999999998,30.574187884108866,North,West,North Delhi
TRIP_03460,Rohini,Lajpat Nagar,26.64,Morning Peak,Weekday,Clear,High,Highway,36.2,44.0,30.770000000000003,51.94670133246668,North,Other,North Delhi
TRIP_03461,Rajouri Garden,Janakpuri,4.38,Morning Peak,Weekday,Clear,Medium,Inner Road,19.4,14.2,16.49,15.936931473620376,West,West,Other
TRIP_03462,Preet Vihar,Model Town,12.75,Evening Peak,Weekend,Heatwave,High,Highway,36.7,21.6,31.195,24.52316076294278,Other,North,Other
TRIP_03463,Hauz Khas,Model Town,18.43,Morning Peak,Weekend,Heatwave,Low,Highway,74.2,16.5,63.07,17.5328999524338,Other,North,Other
TRIP_03464,Chandni Chowk,Saket,14.23,Evening Peak,Weekday,Heatwave,Very High,Main Road,13.4,63.3,11.39,74.96049165935031,Central,South,Central Delhi
TRIP_03465,Model Town,Lajpat Nagar,16.71,Evening Peak,Weekday,Clear,Very High,Main Road,10.7,92.8,9.094999999999999,110.23639362286973,North,Other,North Delhi
TRIP_03466,Karol Bagh,Saket,14.26,Afternoon,Weekend,Fog,Low,Highway,45.1,19.4,38.335,22.31902960740837,Central,South,Central Delhi
TRIP_03467,Connaught Place,Civil Lines,5.49,Evening Peak,Weekend,Heatwave,Medium,Highway,49.9,6.7,42.415,7.766120476246611,Central,Other,Central Delhi
TRIP_03468,Rohini,Greater Kailash,28.43,Morning Peak,Weekday,Clear,High,Highway,36.4,46.2,30.939999999999998,55.13251454427925,North,South,North Delhi
TRIP_03469,Rohini,Chandni Chowk,20.26,Morning Peak,Weekday,Heatwave,High,Highway,35.6,33.9,30.26,40.17184401850628,North,Central,North Delhi
TRIP_03470,Connaught Place,Shahdara,8.44,Afternoon,Weekday,Fog,High,Main Road,13.1,38.0,11.135,45.478221823080375,Central,Other,Central Delhi
TRIP_03471,IGI Airport,Vasant Kunj,6.9,Evening Peak,Weekday,Rain,Very High,Main Road,9.0,45.7,7.6499999999999995,54.117647058823536,Other,South,Other
TRIP_03472,Chandni Chowk,Dwarka,19.18,Evening Peak,Weekday,Clear,High,Highway,39.4,29.8,33.489999999999995,34.362496267542554,Central,West,Central Delhi
TRIP_03473,Karol Bagh,Rajouri Garden,6.66,Morning Peak,Weekday,Clear,High,Main Road,21.8,17.8,18.53,21.56502968159741,Central,West,Central Delhi
TRIP_03474,Lajpat Nagar,Saket,5.89,Morning Peak,Weekday,Clear,Medium,Main Road,29.6,12.2,25.16,14.046104928457869,Other,South,Other
TRIP_03475,Chandni Chowk,Dwarka,19.18,Morning Peak,Weekday,Clear,High,Main Road,24.3,47.1,20.655,55.715323166303556,Central,West,Central Delhi
TRIP_03476,Model Town,Noida Sector 18,20.73,Afternoon,Weekday,Clear,Medium,Highway,57.2,22.8,48.620000000000005,25.582064993829697,North,Other,North Delhi
TRIP_03477,Punjabi Bagh,Nehru Place,17.83,Morning Peak,Weekday,Rain,High,Main Road,18.0,59.7,15.299999999999999,69.92156862745098,West,Other,West Delhi
TRIP_03478,Mayur Vihar,Janakpuri,20.24,Morning Peak,Weekday,Clear,High,Highway,44.7,28.2,37.995000000000005,31.962100276352146,Other,West,Other
TRIP_03479,Greater Kailash,Civil Lines,14.87,Morning Peak,Weekday,Rain,High,Highway,20.8,42.2,17.68,50.463800904977376,South,Other,South Delhi
TRIP_03480,Karol Bagh,Connaught Place,3.42,Afternoon,Weekday,Fog,Medium,Main Road,17.1,12.0,14.535,14.117647058823529,Central,Central,Central Delhi
TRIP_03481,Model Town,Shahdara,10.5,Night,Weekday,Clear,Very High,Main Road,10.6,70.2,9.01,69.92230854605994,North,Other,North Delhi
TRIP_03482,Rohini,AIIMS,25.2,Morning Peak,Weekday,Heatwave,High,Highway,41.2,38.1,35.02,43.17532838378069,North,Other,North Delhi
TRIP_03483,Janakpuri,Civil Lines,14.89,Morning Peak,Weekday,Clear,Low,Main Road,40.9,22.7,34.765,25.6982597439954,West,Other,West Delhi
TRIP_03484,IGI Airport,Connaught Place,14.14,Afternoon,Weekday,Fog,Low,Main Road,29.6,28.4,25.16,33.72019077901431,Other,Central,Other
TRIP_03485,Karol Bagh,AIIMS,9.61,Afternoon,Weekday,Clear,Medium,Highway,49.3,11.6,41.904999999999994,13.759694547190074,Central,Other,Central Delhi
TRIP_03486,Punjabi Bagh,Chandni Chowk,9.93,Morning Peak,Weekend,Clear,Medium,Main Road,31.4,18.5,26.689999999999998,22.32296740352192,West,Central,West Delhi
TRIP_03487,Civil Lines,Greater Kailash,14.87,Night,Weekday,Clear,Low,Main Road,37.0,25.0,31.45,28.368839427662955,Other,South,Other
TRIP_03488,Model Town,Janakpuri,14.54,Morning Peak,Weekday,Heatwave,High,Main Road,19.2,45.5,16.32,53.455882352941174,North,West,North Delhi
TRIP_03489,Model Town,AIIMS,16.52,Evening Peak,Weekday,Clear,Medium,Highway,48.1,21.2,40.885,24.243610125963066,North,Other,North Delhi
TRIP_03490,AIIMS,Pitampura,17.0,Morning Peak,Weekday,Clear,High,Inner Road,12.9,79.5,10.965,93.0232558139535,Other,North,Other
TRIP_03491,IGI Airport,Kalkaji,15.01,Night,Weekday,Clear,Medium,Highway,48.2,18.8,40.97,21.981938003417135,Other,South,Other
TRIP_03492,Greater Kailash,Chandni Chowk,11.55,Morning Peak,Weekday,Clear,Very High,Main Road,13.1,51.6,11.135,62.23619218679839,South,Central,South Delhi
TRIP_03493,Lajpat Nagar,Vasant Kunj,9.65,Afternoon,Weekday,Clear,Medium,Main Road,36.4,16.6,30.939999999999998,18.7136393018746,Other,South,Other
TRIP_03494,Saket,Shahdara,18.39,Night,Weekday,Clear,Low,Highway,77.5,16.9,65.875,16.74990512333966,South,Other,South Delhi
TRIP_03495,Lajpat Nagar,Greater Kailash,2.6,Evening Peak,Weekday,Heatwave,Very High,Inner Road,8.1,19.2,6.885,22.657952069716778,Other,South,Other
TRIP_03496,Noida Sector 18,Janakpuri,23.96,Evening Peak,Weekday,Clear,High,Highway,41.0,36.4,34.85,41.251076040172165,Other,West,Other
TRIP_03497,IGI Airport,Pitampura,16.75,Night,Weekday,Heatwave,Low,Main Road,40.3,24.8,34.254999999999995,29.338782659465778,Other,North,Other
TRIP_03498,Karol Bagh,Model Town,7.02,Evening Peak,Weekday,Fog,High,Inner Road,7.8,54.1,6.63,63.529411764705884,Central,North,Central Delhi
TRIP_03499,AIIMS,Mayur Vihar,9.79,Evening Peak,Weekday,Clear,Very High,Main Road,9.7,59.4,8.245,71.24317768344451,Other,Other,Other
TRIP_03500,AIIMS,Kalkaji,5.39,Evening Peak,Weekday,Clear,High,Inner Road,15.2,23.3,12.92,25.03095975232198,Other,South,Other
TRIP_03501,Punjabi Bagh,Vasant Kunj,16.74,Evening Peak,Weekday,Clear,Very High,Main Road,13.1,76.5,11.135,90.20206555904804,West,South,West Delhi
TRIP_03502,Nehru Place,Civil Lines,14.85,Evening Peak,Weekday,Fog,High,Main Road,9.5,91.9,8.075,110.3405572755418,Other,Other,Other
TRIP_03503,Okhla,Pitampura,23.54,Evening Peak,Weekend,Clear,Medium,Highway,51.6,28.2,43.86,32.20246238030096,Other,North,Other
TRIP_03504,Mayur Vihar,Kalkaji,9.67,Morning Peak,Weekday,Clear,Medium,Main Road,41.6,14.5,35.36,16.408371040723985,Other,South,Other
TRIP_03505,Rajouri Garden,Pitampura,6.43,Morning Peak,Weekday,Clear,High,Inner Road,16.6,22.6,14.110000000000001,27.342310418143157,West,North,Other
TRIP_03506,Okhla,Punjabi Bagh,20.5,Morning Peak,Weekday,Rain,High,Highway,22.6,56.3,19.21,64.02915148360229,Other,West,Other
TRIP_03507,Preet Vihar,Noida Sector 18,8.57,Afternoon,Weekday,Clear,Medium,Main Road,34.4,15.4,29.24,17.585499316005475,Other,Other,Other
TRIP_03508,Greater Kailash,Pitampura,20.1,Morning Peak,Weekday,Clear,High,Highway,39.4,30.3,33.489999999999995,36.01074947745597,South,North,South Delhi
TRIP_03509,Punjabi Bagh,Lajpat Nagar,15.06,Afternoon,Weekday,Clear,Medium,Main Road,45.0,20.1,38.25,23.623529411764707,West,Other,West Delhi
TRIP_03510,Civil Lines,Preet Vihar,7.88,Evening Peak,Weekday,Clear,Medium,Main Road,38.9,12.7,33.065,14.299107817934372,Other,Other,Other
TRIP_03511,Greater Kailash,Connaught Place,9.57,Afternoon,Weekday,Fog,Medium,Highway,30.0,20.1,25.5,22.51764705882353,South,Central,South Delhi
TRIP_03512,Saket,Noida Sector 18,12.72,Morning Peak,Weekday,Rain,High,Highway,30.4,28.9,25.84,29.53560371517028,South,Other,South Delhi
TRIP_03513,Okhla,Rajouri Garden,19.41,Morning Peak,Weekend,Clear,Medium,Highway,62.3,21.6,52.955,21.992257577188177,Other,West,Other
TRIP_03514,IGI Airport,Shahdara,22.57,Morning Peak,Weekday,Clear,Very High,Highway,21.9,62.1,18.615,72.7477840451249,Other,Other,Other
TRIP_03515,Punjabi Bagh,Rajouri Garden,2.52,Evening Peak,Weekend,Fog,Medium,Inner Road,8.0,19.4,6.8,22.235294117647058,West,West,West Delhi
TRIP_03516,Vasant Kunj,Lajpat Nagar,9.65,Morning Peak,Weekday,Heatwave,High,Main Road,18.0,31.9,15.299999999999999,37.84313725490197,South,Other,South Delhi
TRIP_03517,Mayur Vihar,Karol Bagh,11.04,Evening Peak,Weekday,Clear,Low,Highway,63.8,10.5,54.23,12.214641342430388,Other,Central,Other
TRIP_03518,Okhla,Model Town,21.87,Afternoon,Weekday,Rain,High,Highway,27.4,49.7,23.29,56.341777586947195,Other,North,Other
TRIP_03519,Greater Kailash,Punjabi Bagh,16.84,Morning Peak,Weekday,Clear,Low,Main Road,35.0,29.9,29.75,33.96302521008403,South,West,South Delhi
TRIP_03520,Kalkaji,Dwarka,21.07,Evening Peak,Weekday,Clear,High,Highway,35.9,37.7,30.514999999999997,41.42880550548911,South,West,South Delhi
TRIP_03521,Saket,Model Town,21.24,Evening Peak,Weekend,Rain,Very High,Highway,11.6,106.8,9.86,129.24949290060852,South,North,South Delhi
TRIP_03522,Kalkaji,Vasant Kunj,9.44,Morning Peak,Weekend,Rain,Very High,Inner Road,4.9,114.0,4.165,135.99039615846337,South,South,South Delhi
TRIP_03523,Nehru Place,Saket,5.32,Afternoon,Weekday,Clear,Low,Inner Road,16.0,19.5,13.6,23.47058823529412,Other,South,Other
TRIP_03524,IGI Airport,AIIMS,10.81,Afternoon,Weekend,Heatwave,Low,Main Road,32.7,20.1,27.795,23.335132218024825,Other,Other,Other
TRIP_03525,Nehru Place,Vasant Kunj,9.97,Night,Weekday,Clear,Low,Main Road,60.2,10.2,51.17,11.690443619308189,Other,South,Other
TRIP_03526,Saket,Chandni Chowk,14.23,Morning Peak,Weekend,Clear,Medium,Highway,54.9,16.1,46.665,18.29636772741884,South,Central,South Delhi
TRIP_03527,Dwarka,Janakpuri,5.26,Morning Peak,Weekend,Fog,Low,Inner Road,21.9,14.3,18.615,16.954069298952458,West,West,West Delhi
TRIP_03528,Preet Vihar,Rohini,25.98,Evening Peak,Weekday,Heatwave,Very High,Highway,19.0,81.6,16.15,96.5201238390093,Other,North,Other
TRIP_03529,Model Town,Okhla,21.87,Afternoon,Weekday,Clear,Medium,Highway,48.9,26.5,41.565,31.569830386142186,North,Other,North Delhi
TRIP_03530,Preet Vihar,Saket,15.46,Morning Peak,Weekend,Heatwave,High,Highway,39.2,23.1,33.32,27.839135654261707,Other,South,Other
TRIP_03531,Dwarka,Civil Lines,20.04,Evening Peak,Weekday,Clear,Medium,Highway,59.9,21.9,50.915,23.61583030541098,West,Other,West Delhi
TRIP_03532,Kalkaji,Mayur Vihar,9.67,Night,Weekday,Clear,Low,Inner Road,30.2,19.1,25.669999999999998,22.60225944682509,South,Other,South Delhi
TRIP_03533,Lajpat Nagar,Karol Bagh,10.19,Evening Peak,Weekday,Rain,Very High,Main Road,9.4,67.0,7.99,76.52065081351688,Other,Central,Other
TRIP_03534,IGI Airport,Dwarka,6.61,Evening Peak,Weekday,Clear,Very High,Inner Road,7.6,52.5,6.46,61.39318885448917,Other,West,Other
TRIP_03535,Janakpuri,Lajpat Nagar,15.7,Evening Peak,Weekend,Rain,Low,Main Road,37.4,24.7,31.79,29.631959735765964,West,Other,West Delhi
TRIP_03536,Preet Vihar,Rajouri Garden,16.6,Night,Weekday,Clear,Medium,Highway,61.6,16.5,52.36,19.022154316271966,Other,West,Other
TRIP_03537,Janakpuri,Shahdara,20.44,Evening Peak,Weekend,Clear,Very High,Highway,21.4,58.4,18.189999999999998,67.42166025288623,West,Other,West Delhi
TRIP_03538,Punjabi Bagh,Hauz Khas,14.84,Evening Peak,Weekend,Clear,Medium,Highway,52.8,17.0,44.879999999999995,19.83957219251337,West,Other,West Delhi
TRIP_03539,Rajouri Garden,Connaught Place,9.35,Evening Peak,Weekday,Clear,Medium,Inner Road,12.4,45.8,10.54,53.225806451612904,West,Central,Other
TRIP_03540,Vasant Kunj,Janakpuri,13.24,Evening Peak,Weekend,Clear,Very High,Main Road,15.0,55.6,12.75,62.30588235294117,South,West,South Delhi
TRIP_03541,Civil Lines,Okhla,17.22,Afternoon,Weekday,Rain,Low,Highway,60.6,17.7,51.51,20.058241118229468,Other,Other,Other
TRIP_03542,Greater Kailash,Kalkaji,2.15,Afternoon,Weekend,Clear,Low,Inner Road,18.6,8.0,15.81,8.159392789373815,South,South,South Delhi
TRIP_03543,Mayur Vihar,Civil Lines,10.05,Evening Peak,Weekday,Clear,Very High,Inner Road,8.1,72.8,6.885,87.58169934640523,Other,Other,Other
TRIP_03544,AIIMS,Noida Sector 18,11.33,Evening Peak,Weekday,Clear,High,Main Road,27.1,24.9,23.035,29.511612763186456,Other,Other,Other
TRIP_03545,Rajouri Garden,Civil Lines,10.68,Morning Peak,Weekday,Clear,High,Highway,37.0,17.8,31.45,20.375198728139907,West,Other,Other
TRIP_03546,Karol Bagh,Saket,14.26,Evening Peak,Weekend,Clear,Low,Main Road,55.5,15.0,47.175,18.136724960254373,Central,South,Central Delhi
TRIP_03547,Shahdara,Nehru Place,14.22,Night,Weekday,Heatwave,Low,Highway,82.5,10.2,70.125,12.166844919786097,Other,Other,Other
TRIP_03548,Saket,Rajouri Garden,15.91,Morning Peak,Weekday,Rain,Very High,Main Road,8.4,113.9,7.14,133.69747899159665,South,West,South Delhi
TRIP_03549,Mayur Vihar,IGI Airport,20.09,Night,Weekend,Clear,Low,Highway,62.0,20.4,52.699999999999996,22.872865275142317,Other,Other,Other
TRIP_03550,Saket,Civil Lines,17.43,Afternoon,Weekday,Rain,Medium,Highway,44.2,23.6,37.57,27.83603939313282,South,Other,South Delhi
TRIP_03551,Rohini,Pitampura,8.97,Afternoon,Weekday,Fog,Medium,Main Road,21.5,25.8,18.275,29.45006839945281,North,North,North Delhi
TRIP_03552,Dwarka,Noida Sector 18,27.45,Evening Peak,Weekday,Fog,Medium,Main Road,21.1,79.5,17.935000000000002,91.83161416225256,West,Other,West Delhi
TRIP_03553,Hauz Khas,Janakpuri,13.61,Morning Peak,Weekday,Clear,Medium,Main Road,42.6,19.0,36.21,22.551781275890637,Other,West,Other
TRIP_03554,Civil Lines,Hauz Khas,14.76,Night,Weekday,Clear,Low,Main Road,42.0,23.1,35.699999999999996,24.80672268907563,Other,Other,Other
TRIP_03555,Mayur Vihar,Greater Kailash,9.55,Afternoon,Weekday,Clear,Medium,Inner Road,19.2,33.4,16.32,35.11029411764706,Other,South,Other
TRIP_03556,Chandni Chowk,Vasant Kunj,16.27,Afternoon,Weekday,Clear,High,Highway,41.2,24.9,35.02,27.875499714448885,Central,South,Central Delhi
TRIP_03557,Nehru Place,Kalkaji,1.51,Afternoon,Weekend,Clear,High,Main Road,24.4,3.8,20.74,4.368370298939248,Other,South,Other
TRIP_03558,Noida Sector 18,IGI Airport,22.12,Evening Peak,Weekday,Heatwave,Very High,Highway,17.2,80.4,14.62,90.77975376196991,Other,Other,Other
TRIP_03559,Dwarka,Vasant Kunj,13.52,Night,Weekday,Heatwave,Low,Inner Road,31.5,25.7,26.775,30.296918767507,West,South,West Delhi
TRIP_03560,AIIMS,Mayur Vihar,9.79,Night,Weekend,Clear,High,Main Road,29.1,23.6,24.735,23.7477258944815,Other,Other,Other
TRIP_03561,Noida Sector 18,Mayur Vihar,5.74,Afternoon,Weekday,Clear,High,Inner Road,10.7,34.0,9.094999999999999,37.86695986805938,Other,Other,Other
TRIP_03562,Noida Sector 18,Pitampura,24.06,Afternoon,Weekday,Heatwave,Medium,Highway,59.8,25.5,50.83,28.400550855793824,Other,North,Other
TRIP_03563,Greater Kailash,Hauz Khas,3.32,Morning Peak,Weekend,Clear,Low,Inner Road,28.7,7.1,24.395,8.165607706497232,South,Other,South Delhi
TRIP_03564,Punjabi Bagh,IGI Airport,12.83,Afternoon,Weekday,Rain,Medium,Highway,41.1,19.8,34.935,22.035208243881492,West,Other,West Delhi
TRIP_03565,Model Town,Greater Kailash,19.14,Evening Peak,Weekday,Heatwave,High,Highway,42.4,26.3,36.04,31.8645948945616,North,South,North Delhi
TRIP_03566,Rajouri Garden,Okhla,19.41,Evening Peak,Weekday,Fog,High,Highway,18.4,63.4,15.639999999999999,74.46291560102301,West,Other,Other
TRIP_03567,Punjabi Bagh,Lajpat Nagar,15.06,Morning Peak,Weekend,Rain,Medium,Inner Road,11.0,93.8,9.35,96.64171122994654,West,Other,West Delhi
TRIP_03568,Civil Lines,Vasant Kunj,19.08,Evening Peak,Weekday,Clear,Very High,Inner Road,8.6,131.4,7.31,156.60738714090286,Other,South,Other
TRIP_03569,Pitampura,Noida Sector 18,24.06,Evening Peak,Weekday,Clear,Very High,Main Road,14.0,102.1,11.9,121.3109243697479,North,Other,Other
TRIP_03570,Saket,Noida Sector 18,12.72,Evening Peak,Weekend,Heatwave,Medium,Main Road,33.8,22.2,28.729999999999997,26.564566655064397,South,Other,South Delhi
TRIP_03571,Preet Vihar,Noida Sector 18,8.57,Morning Peak,Weekend,Clear,Very High,Main Road,9.6,56.3,8.16,63.01470588235294,Other,Other,Other
TRIP_03572,Model Town,AIIMS,16.52,Evening Peak,Weekday,Clear,Medium,Main Road,35.8,28.5,30.429999999999996,32.573118632928036,North,Other,North Delhi
TRIP_03573,Pitampura,Preet Vihar,17.1,Evening Peak,Weekday,Clear,Very High,Highway,15.7,66.4,13.344999999999999,76.88272761333835,North,Other,Other
TRIP_03574,Mayur Vihar,Kalkaji,9.67,Morning Peak,Weekday,Rain,High,Inner Road,8.1,71.5,6.885,84.27015250544662,Other,South,Other
TRIP_03575,Dwarka,Punjabi Bagh,11.86,Afternoon,Weekday,Clear,High,Highway,41.5,16.8,35.275,20.17292700212615,West,West,West Delhi
TRIP_03576,Vasant Kunj,Janakpuri,13.24,Morning Peak,Weekend,Clear,Medium,Highway,47.2,16.4,40.120000000000005,19.800598205383846,South,West,South Delhi
TRIP_03577,Civil Lines,Shahdara,6.29,Afternoon,Weekday,Clear,Medium,Main Road,37.3,9.9,31.705,11.90348525469169,Other,Other,Other
TRIP_03578,Rajouri Garden,Vasant Kunj,14.56,Afternoon,Weekday,Clear,Low,Highway,65.5,13.6,55.675,15.691064211944322,West,South,Other
TRIP_03579,Noida Sector 18,Preet Vihar,8.57,Morning Peak,Weekday,Clear,Very High,Main Road,14.1,38.0,11.985,42.90362953692116,Other,Other,Other
TRIP_03580,Vasant Kunj,Greater Kailash,8.11,Night,Weekend,Clear,Low,Inner Road,22.3,24.4,18.955000000000002,25.6713268266948,South,South,South Delhi
TRIP_03581,Karol Bagh,Vasant Kunj,15.08,Morning Peak,Weekday,Clear,High,Highway,32.8,27.2,27.879999999999995,32.45337159253946,Central,South,Central Delhi
TRIP_03582,Punjabi Bagh,Rajouri Garden,2.52,Morning Peak,Weekday,Clear,High,Main Road,22.5,6.7,19.125,7.905882352941177,West,West,West Delhi
TRIP_03583,Hauz Khas,Rohini,26.29,Afternoon,Weekday,Clear,High,Highway,30.5,54.8,25.925,60.8447444551591,Other,North,Other
TRIP_03584,Punjabi Bagh,Vasant Kunj,16.74,Morning Peak,Weekday,Clear,High,Main Road,20.0,50.1,17.0,59.08235294117647,West,South,West Delhi
TRIP_03585,Preet Vihar,AIIMS,11.51,Evening Peak,Weekend,Heatwave,High,Main Road,19.4,36.5,16.49,41.879927228623416,Other,Other,Other
TRIP_03586,Karol Bagh,IGI Airport,13.83,Morning Peak,Weekday,Clear,Very High,Highway,18.7,48.3,15.895,52.20509594212017,Central,Other,Central Delhi
TRIP_03587,Janakpuri,Nehru Place,18.07,Afternoon,Weekend,Clear,Low,Main Road,51.1,21.7,43.435,24.961436629446297,West,Other,West Delhi
TRIP_03588,Saket,Okhla,6.33,Evening Peak,Weekend,Heatwave,Very High,Inner Road,8.0,46.1,6.8,55.85294117647059,South,Other,South Delhi
TRIP_03589,Hauz Khas,Chandni Chowk,11.65,Evening Peak,Weekday,Heatwave,High,Main Road,24.1,31.8,20.485,34.1225286795216,Other,Central,Other
TRIP_03590,Noida Sector 18,Saket,12.72,Afternoon,Weekend,Clear,Medium,Highway,47.2,16.4,40.120000000000005,19.022931206380854,Other,South,Other
TRIP_03591,Preet Vihar,Chandni Chowk,6.1,Evening Peak,Weekday,Heatwave,High,Main Road,19.6,19.8,16.66,21.968787515006003,Other,Central,Other
TRIP_03592,Mayur Vihar,Okhla,9.53,Morning Peak,Weekend,Clear,Very High,Inner Road,8.1,73.5,6.885,83.05010893246187,Other,Other,Other
TRIP_03593,Mayur Vihar,Okhla,9.53,Evening Peak,Weekday,Clear,Medium,Main Road,27.8,21.4,23.63,24.198053322048242,Other,Other,Other
TRIP_03594,Connaught Place,Pitampura,11.52,Evening Peak,Weekend,Clear,Very High,Highway,18.2,38.7,15.469999999999999,44.68002585649644,Central,North,Central Delhi
TRIP_03595,Civil Lines,Kalkaji,16.3,Night,Weekend,Clear,Low,Highway,63.7,15.6,54.145,18.062609659248313,Other,South,Other
TRIP_03596,Chandni Chowk,Lajpat Nagar,8.98,Afternoon,Weekend,Clear,Medium,Main Road,35.7,15.6,30.345000000000002,17.755808205635198,Central,Other,Central Delhi
TRIP_03597,Okhla,IGI Airport,16.94,Morning Peak,Weekend,Clear,Medium,Highway,53.1,19.7,45.135,22.51910933865072,Other,Other,Other
TRIP_03598,Rajouri Garden,Dwarka,9.64,Afternoon,Weekday,Clear,Very High,Main Road,9.6,64.9,8.16,70.88235294117648,West,West,Other
TRIP_03599,Connaught Place,Okhla,12.39,Afternoon,Weekend,Clear,Low,Highway,86.0,8.6,73.1,10.169630642954859,Central,Other,Central Delhi
TRIP_03600,Civil Lines,Punjabi Bagh,9.27,Evening Peak,Weekend,Clear,Low,Main Road,48.6,12.5,41.31,13.4640522875817,Other,West,Other
TRIP_03601,IGI Airport,Chandni Chowk,16.54,Evening Peak,Weekday,Clear,Very High,Main Road,11.6,89.6,9.86,100.64908722109534,Other,Central,Other
TRIP_03602,Kalkaji,Rajouri Garden,17.69,Evening Peak,Weekend,Clear,Medium,Highway,53.5,20.9,45.475,23.340296866410114,South,West,South Delhi
TRIP_03603,Connaught Place,Rohini,20.4,Afternoon,Weekday,Rain,Medium,Highway,36.3,37.0,30.854999999999997,39.66942148760331,Central,North,Central Delhi
TRIP_03604,Lajpat Nagar,Preet Vihar,9.58,Evening Peak,Weekday,Heatwave,High,Main Road,23.2,28.1,19.72,29.148073022312374,Other,Other,Other
TRIP_03605,Hauz Khas,Lajpat Nagar,4.29,Evening Peak,Weekday,Clear,Very High,Main Road,15.6,17.1,13.26,19.411764705882355,Other,Other,Other
TRIP_03606,Model Town,Okhla,21.87,Evening Peak,Weekday,Heatwave,High,Highway,42.0,33.3,35.699999999999996,36.756302521008415,North,Other,North Delhi
TRIP_03607,IGI Airport,Janakpuri,7.4,Afternoon,Weekday,Clear,Low,Main Road,54.7,8.1,46.495000000000005,9.549413915474783,Other,West,Other
TRIP_03608,Lajpat Nagar,Pitampura,18.08,Afternoon,Weekday,Clear,Medium,Highway,49.0,22.2,41.65,26.04561824729892,Other,North,Other
TRIP_03609,Kalkaji,Noida Sector 18,8.19,Morning Peak,Weekday,Fog,Medium,Main Road,19.6,24.5,16.66,29.49579831932773,South,Other,South Delhi
TRIP_03610,Mayur Vihar,Noida Sector 18,5.74,Morning Peak,Weekday,Clear,High,Main Road,28.6,12.1,24.310000000000002,14.167009461127106,Other,Other,Other
TRIP_03611,Rohini,Model Town,13.8,Morning Peak,Weekday,Clear,High,Main Road,18.2,44.7,15.469999999999999,53.52294764059471,North,North,North Delhi
TRIP_03612,Dwarka,Mayur Vihar,24.43,Morning Peak,Weekday,Clear,High,Highway,43.3,33.3,36.805,39.826110582801256,West,Other,West Delhi
TRIP_03613,Nehru Place,Rajouri Garden,16.77,Night,Weekday,Clear,Low,Main Road,43.5,24.5,36.975,27.212981744421903,Other,West,Other
TRIP_03614,Rajouri Garden,Okhla,19.41,Afternoon,Weekday,Clear,Medium,Highway,60.3,22.3,51.254999999999995,22.721685689201053,West,Other,Other
TRIP_03615,Janakpuri,Saket,15.88,Morning Peak,Weekday,Rain,High,Highway,29.6,32.9,25.16,37.869634340222575,West,South,West Delhi
TRIP_03616,Janakpuri,Dwarka,5.26,Morning Peak,Weekday,Clear,High,Main Road,23.1,14.4,19.635,16.0733384262796,West,West,West Delhi
TRIP_03617,Greater Kailash,Rohini,28.43,Morning Peak,Weekday,Clear,High,Highway,40.3,42.1,34.254999999999995,49.79710991096191,South,North,South Delhi
TRIP_03618,IGI Airport,Pitampura,16.75,Morning Peak,Weekday,Clear,High,Main Road,22.3,47.2,18.955000000000002,53.020311263518856,Other,North,Other
TRIP_03619,Chandni Chowk,Lajpat Nagar,8.98,Morning Peak,Weekday,Heatwave,High,Highway,28.2,21.6,23.97,22.478097622027537,Central,Other,Central Delhi
TRIP_03620,Greater Kailash,Pitampura,20.1,Morning Peak,Weekday,Clear,Very High,Highway,17.0,74.6,14.45,83.46020761245676,South,North,South Delhi
TRIP_03621,Punjabi Bagh,Vasant Kunj,16.74,Night,Weekend,Rain,Low,Highway,52.8,19.4,44.879999999999995,22.379679144385026,West,South,West Delhi
TRIP_03622,AIIMS,Karol Bagh,9.61,Evening Peak,Weekday,Clear,High,Main Road,22.9,25.5,19.465,29.622399178011815,Other,Central,Other
TRIP_03623,Chandni Chowk,Vasant Kunj,16.27,Night,Weekday,Clear,Low,Main Road,47.9,20.8,40.714999999999996,23.976421466290066,Central,South,Central Delhi
TRIP_03624,AIIMS,Model Town,16.52,Morning Peak,Weekday,Clear,High,Main Road,20.1,51.8,17.085,58.01580333625987,Other,North,Other
TRIP_03625,Chandni Chowk,Rajouri Garden,10.59,Evening Peak,Weekend,Clear,Very High,Inner Road,8.2,78.3,6.969999999999999,91.16212338593975,Central,West,Central Delhi
TRIP_03626,Preet Vihar,Nehru Place,10.93,Morning Peak,Weekday,Clear,High,Main Road,19.9,33.7,16.915,38.77032219923146,Other,Other,Other
TRIP_03627,Okhla,Rajouri Garden,19.41,Afternoon,Weekday,Clear,Low,Highway,61.2,20.6,52.02,22.387543252595155,Other,West,Other
TRIP_03628,Preet Vihar,Punjabi Bagh,16.03,Evening Peak,Weekday,Clear,Very High,Inner Road,8.1,120.4,6.885,139.69498910675384,Other,West,Other
TRIP_03629,AIIMS,Connaught Place,7.18,Morning Peak,Weekday,Heatwave,High,Main Road,24.6,18.4,20.91,20.6025824964132,Other,Central,Other
TRIP_03630,Saket,Shahdara,18.39,Evening Peak,Weekday,Rain,Very High,Highway,12.6,87.0,10.709999999999999,103.02521008403362,South,Other,South Delhi
TRIP_03631,Hauz Khas,Vasant Kunj,5.36,Afternoon,Weekday,Rain,Medium,Inner Road,17.6,18.5,14.96,21.497326203208555,Other,South,Other
TRIP_03632,Pitampura,Kalkaji,22.07,Evening Peak,Weekday,Clear,High,Main Road,23.0,60.2,19.55,67.73401534526853,North,South,Other
TRIP_03633,AIIMS,Dwarka,16.25,Afternoon,Weekday,Clear,High,Main Road,21.7,43.7,18.445,52.8598536188669,Other,West,Other
TRIP_03634,Rajouri Garden,Dwarka,9.64,Afternoon,Weekday,Heatwave,High,Main Road,27.5,21.6,23.375,24.74438502673797,West,West,Other
TRIP_03635,Nehru Place,Dwarka,20.8,Morning Peak,Weekday,Heatwave,Very High,Main Road,8.8,162.7,7.48,166.84491978609626,Other,West,Other
TRIP_03636,Karol Bagh,Mayur Vihar,11.04,Morning Peak,Weekday,Heatwave,Very High,Inner Road,7.9,86.4,6.715,98.64482501861504,Central,Other,Central Delhi
TRIP_03637,Rajouri Garden,Janakpuri,4.38,Evening Peak,Weekday,Clear,Low,Inner Road,21.2,13.1,18.02,14.583795782463929,West,West,Other
TRIP_03638,Model Town,Okhla,21.87,Morning Peak,Weekend,Heatwave,Medium,Inner Road,15.6,84.4,13.26,98.95927601809956,North,Other,North Delhi
TRIP_03639,IGI Airport,Mayur Vihar,20.09,Evening Peak,Weekday,Clear,Very High,Highway,14.7,81.0,12.495,96.47058823529412,Other,Other,Other
TRIP_03640,Mayur Vihar,Okhla,9.53,Morning Peak,Weekday,Clear,Very High,Main Road,9.8,59.2,8.33,68.64345738295317,Other,Other,Other
TRIP_03641,AIIMS,IGI Airport,10.81,Afternoon,Weekday,Rain,High,Highway,31.1,20.3,26.435000000000002,24.535653489691697,Other,Other,Other
TRIP_03642,Rajouri Garden,AIIMS,12.31,Night,Weekday,Clear,High,Highway,38.0,20.1,32.3,22.866873065015483,West,Other,Other
TRIP_03643,Connaught Place,Karol Bagh,3.42,Evening Peak,Weekday,Clear,Very High,Inner Road,7.7,27.7,6.545,31.352177234530178,Central,Central,Central Delhi
TRIP_03644,Preet Vihar,AIIMS,11.51,Morning Peak,Weekday,Fog,Very High,Main Road,6.1,116.2,5.185,133.19189971070398,Other,Other,Other
TRIP_03645,Chandni Chowk,IGI Airport,16.54,Afternoon,Weekend,Clear,High,Main Road,19.9,48.9,16.915,58.66981968666864,Central,Other,Central Delhi
TRIP_03646,Model Town,Preet Vihar,12.75,Night,Weekend,Clear,Medium,Main Road,25.4,35.2,21.59,35.433070866141726,North,Other,North Delhi
TRIP_03647,Okhla,Civil Lines,17.22,Morning Peak,Weekday,Heatwave,Very High,Highway,19.9,53.1,16.915,61.081879988176176,Other,Other,Other
TRIP_03648,AIIMS,Noida Sector 18,11.33,Morning Peak,Weekday,Clear,High,Main Road,26.6,25.9,22.61,30.06634232640425,Other,Other,Other
TRIP_03649,AIIMS,Rohini,25.2,Night,Weekday,Rain,Low,Main Road,31.6,47.7,26.86,56.29188384214446,Other,North,Other
TRIP_03650,Nehru Place,Kalkaji,1.51,Night,Weekday,Heatwave,Low,Inner Road,35.7,2.6,30.345000000000002,2.9856648541769646,Other,South,Other
TRIP_03651,IGI Airport,Punjabi Bagh,12.83,Evening Peak,Weekday,Clear,High,Main Road,27.2,28.1,23.119999999999997,33.29584775086506,Other,West,Other
TRIP_03652,Model Town,AIIMS,16.52,Afternoon,Weekend,Clear,Medium,Main Road,31.7,32.6,26.945,36.78604564854333,North,Other,North Delhi
TRIP_03653,Lajpat Nagar,Connaught Place,7.13,Afternoon,Weekday,Rain,High,Inner Road,8.4,51.3,7.14,59.91596638655462,Other,Central,Other
TRIP_03654,Greater Kailash,Dwarka,19.04,Evening Peak,Weekday,Heatwave,Medium,Highway,42.5,27.5,36.125,31.6235294117647,South,West,South Delhi
TRIP_03655,Lajpat Nagar,AIIMS,2.68,Morning Peak,Weekday,Clear,Very High,Inner Road,9.0,18.8,7.6499999999999995,21.01960784313726,Other,Other,Other
TRIP_03656,Shahdara,Janakpuri,20.44,Evening Peak,Weekday,Clear,Very High,Main Road,11.0,118.0,9.35,131.16577540106954,Other,West,Other
TRIP_03657,Lajpat Nagar,Punjabi Bagh,15.06,Morning Peak,Weekday,Heatwave,Very High,Highway,16.5,56.1,14.025,64.42780748663101,Other,West,Other
TRIP_03658,Pitampura,Mayur Vihar,18.76,Afternoon,Weekday,Clear,Medium,Highway,49.4,22.7,41.989999999999995,26.80638247201715,North,Other,Other
TRIP_03659,Punjabi Bagh,Shahdara,15.41,Afternoon,Weekday,Clear,High,Highway,45.5,21.3,38.675,23.906916612798966,West,Other,West Delhi
TRIP_03660,Chandni Chowk,AIIMS,9.5,Evening Peak,Weekday,Clear,Very High,Inner Road,7.8,72.7,6.63,85.97285067873304,Central,Other,Central Delhi
TRIP_03661,Shahdara,Saket,18.39,Evening Peak,Weekday,Heatwave,High,Main Road,26.8,43.2,22.78,48.437225636523266,Other,South,Other
TRIP_03662,Civil Lines,Okhla,17.22,Morning Peak,Weekday,Clear,High,Highway,37.3,28.8,31.705,32.587919886453236,Other,Other,Other
TRIP_03663,Noida Sector 18,Civil Lines,15.73,Afternoon,Weekday,Fog,Medium,Highway,37.8,26.2,32.129999999999995,29.37441643323997,Other,Other,Other
TRIP_03664,Greater Kailash,Saket,3.66,Morning Peak,Weekend,Heatwave,Medium,Inner Road,12.5,17.9,10.625,20.668235294117647,South,South,South Delhi
TRIP_03665,Greater Kailash,Rohini,28.43,Night,Weekday,Clear,Low,Highway,62.8,27.6,53.379999999999995,31.95578868490071,South,North,South Delhi
TRIP_03666,Karol Bagh,Pitampura,8.11,Evening Peak,Weekday,Clear,High,Main Road,29.4,18.1,24.99,19.471788715486195,Central,North,Central Delhi
TRIP_03667,Noida Sector 18,Mayur Vihar,5.74,Morning Peak,Weekday,Rain,Medium,Main Road,21.6,16.0,18.36,18.758169934640524,Other,Other,Other
TRIP_03668,Okhla,Karol Bagh,15.59,Morning Peak,Weekday,Clear,Very High,Main Road,10.8,86.0,9.18,101.89542483660131,Other,Central,Other
TRIP_03669,Pitampura,Chandni Chowk,11.29,Afternoon,Weekday,Clear,Medium,Highway,51.1,12.9,43.435,15.595717739150455,North,Central,Other
TRIP_03670,Karol Bagh,Kalkaji,14.25,Morning Peak,Weekday,Rain,High,Highway,24.6,34.9,20.91,40.88952654232425,Central,South,Central Delhi
TRIP_03671,Pitampura,Connaught Place,11.52,Evening Peak,Weekday,Clear,High,Main Road,17.9,39.7,15.214999999999998,45.42885310548801,North,Central,Other
TRIP_03672,Lajpat Nagar,Rajouri Garden,14.1,Night,Weekend,Clear,Low,Highway,59.8,14.9,50.83,16.643714341924063,Other,West,Other
TRIP_03673,Rohini,Vasant Kunj,27.39,Afternoon,Weekday,Clear,High,Highway,41.4,41.3,35.19,46.70076726342711,North,South,North Delhi
TRIP_03674,Chandni Chowk,Janakpuri,14.33,Morning Peak,Weekday,Clear,High,Highway,34.5,25.1,29.325,29.31969309462916,Central,West,Central Delhi
TRIP_03675,Karol Bagh,Model Town,7.02,Morning Peak,Weekday,Clear,High,Main Road,27.5,15.6,23.375,18.019251336898392,Central,North,Central Delhi
TRIP_03676,Punjabi Bagh,Mayur Vihar,17.1,Evening Peak,Weekday,Clear,Very High,Inner Road,8.2,127.5,6.969999999999999,147.20229555236733,West,Other,West Delhi
TRIP_03677,Hauz Khas,AIIMS,2.2,Evening Peak,Weekend,Clear,Medium,Main Road,37.2,3.6,31.62,4.174573055028463,Other,Other,Other
TRIP_03678,Kalkaji,Nehru Place,1.51,Evening Peak,Weekday,Rain,Low,Main Road,30.6,3.1,26.01,3.483275663206459,South,Other,South Delhi
TRIP_03679,Karol Bagh,Shahdara,9.9,Morning Peak,Weekday,Heatwave,Very High,Main Road,10.8,57.3,9.18,64.70588235294119,Central,Other,Central Delhi
TRIP_03680,Mayur Vihar,Janakpuri,20.24,Morning Peak,Weekday,Clear,Very High,Highway,20.5,58.0,17.425,69.69296987087517,Other,West,Other
TRIP_03681,Noida Sector 18,Dwarka,27.45,Afternoon,Weekday,Fog,High,Inner Road,7.7,252.5,6.545,251.64247517188693,Other,West,Other
TRIP_03682,AIIMS,Nehru Place,4.68,Night,Weekday,Clear,Low,Main Road,52.0,5.6,44.199999999999996,6.352941176470588,Other,Other,Other
TRIP_03683,Connaught Place,Model Town,9.58,Night,Weekday,Clear,Medium,Main Road,35.8,16.2,30.429999999999996,18.889254025632603,Central,North,Central Delhi
TRIP_03684,Karol Bagh,Okhla,15.59,Afternoon,Weekday,Clear,High,Main Road,27.3,35.6,23.205,40.31027795733679,Central,Other,Central Delhi
TRIP_03685,IGI Airport,Model Town,19.83,Afternoon,Weekday,Clear,High,Highway,44.5,26.3,37.824999999999996,31.455386649041635,Other,North,Other
TRIP_03686,Janakpuri,Noida Sector 18,23.96,Afternoon,Weekday,Rain,Medium,Inner Road,17.5,80.5,14.875,96.64537815126052,West,Other,West Delhi
TRIP_03687,Civil Lines,Noida Sector 18,15.73,Morning Peak,Weekday,Rain,High,Main Road,16.0,61.4,13.6,69.39705882352942,Other,Other,Other
TRIP_03688,Saket,Civil Lines,17.43,Night,Weekday,Clear,Low,Inner Road,25.8,40.1,21.93,47.68809849521204,South,Other,South Delhi
TRIP_03689,Rajouri Garden,Janakpuri,4.38,Evening Peak,Weekend,Fog,High,Inner Road,8.4,30.6,7.14,36.806722689075634,West,West,Other
TRIP_03690,Lajpat Nagar,Mayur Vihar,7.45,Evening Peak,Weekday,Clear,Medium,Main Road,27.6,16.6,23.46,19.053708439897697,Other,Other,Other
TRIP_03691,Preet Vihar,Rajouri Garden,16.6,Morning Peak,Weekday,Heatwave,High,Main Road,16.8,66.8,14.28,69.74789915966387,Other,West,Other
TRIP_03692,Kalkaji,Greater Kailash,2.15,Morning Peak,Weekday,Clear,Very High,Main Road,12.0,11.4,10.2,12.647058823529411,South,South,South Delhi
TRIP_03693,Nehru Place,Punjabi Bagh,17.83,Evening Peak,Weekend,Clear,High,Main Road,27.7,39.8,23.544999999999998,45.43639838606923,Other,West,Other
TRIP_03694,Janakpuri,IGI Airport,7.4,Evening Peak,Weekday,Clear,Very High,Main Road,10.9,42.3,9.265,47.92228818132758,West,Other,West Delhi
TRIP_03695,Rajouri Garden,Greater Kailash,15.57,Evening Peak,Weekday,Clear,Medium,Main Road,41.0,22.3,34.85,26.80631276901004,West,South,Other
TRIP_03696,Noida Sector 18,Mayur Vihar,5.74,Morning Peak,Weekday,Clear,High,Main Road,28.9,12.3,24.564999999999998,14.019947079177694,Other,Other,Other
TRIP_03697,IGI Airport,Noida Sector 18,22.12,Night,Weekday,Clear,Low,Main Road,58.2,23.6,49.47,26.82838083687083,Other,Other,Other
TRIP_03698,Shahdara,Noida Sector 18,12.02,Morning Peak,Weekday,Clear,Very High,Main Road,13.0,56.3,11.049999999999999,65.26696832579186,Other,Other,Other
TRIP_03699,Mayur Vihar,Kalkaji,9.67,Afternoon,Weekday,Clear,High,Inner Road,9.8,60.9,8.33,69.65186074429771,Other,South,Other
TRIP_03700,Civil Lines,Greater Kailash,14.87,Night,Weekday,Clear,Medium,Main Road,43.6,19.9,37.06,24.074473826227738,Other,South,Other
TRIP_03701,Vasant Kunj,Karol Bagh,15.08,Afternoon,Weekday,Clear,Medium,Main Road,42.9,21.3,36.464999999999996,24.81283422459893,South,Central,South Delhi
TRIP_03702,IGI Airport,Shahdara,22.57,Evening Peak,Weekday,Clear,High,Highway,37.3,36.8,31.705,42.71250591389371,Other,Other,Other
TRIP_03703,Dwarka,Kalkaji,21.07,Night,Weekday,Clear,High,Highway,35.8,37.4,30.429999999999996,41.5445284258955,West,South,West Delhi
TRIP_03704,IGI Airport,Lajpat Nagar,13.5,Afternoon,Weekday,Clear,Medium,Main Road,33.8,24.1,28.729999999999997,28.193525931082494,Other,Other,Other
TRIP_03705,Noida Sector 18,Chandni Chowk,12.9,Morning Peak,Weekday,Fog,Very High,Main Road,7.8,114.9,6.63,116.74208144796381,Other,Central,Other
TRIP_03706,Connaught Place,Shahdara,8.44,Morning Peak,Weekday,Clear,Very High,Main Road,11.7,42.9,9.944999999999999,50.92006033182504,Central,Other,Central Delhi
TRIP_03707,Saket,Rohini,29.0,Evening Peak,Weekday,Clear,Very High,Inner Road,7.7,225.6,6.545,265.85179526356,South,North,South Delhi
TRIP_03708,Rohini,Lajpat Nagar,26.64,Afternoon,Weekend,Rain,Low,Main Road,39.7,42.4,33.745000000000005,47.36701733590161,North,Other,North Delhi
TRIP_03709,Hauz Khas,Nehru Place,5.2,Afternoon,Weekday,Heatwave,Low,Main Road,34.2,9.2,29.07,10.732714138286894,Other,Other,Other
TRIP_03710,Saket,Vasant Kunj,4.88,Morning Peak,Weekend,Rain,High,Main Road,18.2,16.2,15.469999999999999,18.926955397543633,South,South,South Delhi
TRIP_03711,Punjabi Bagh,Model Town,7.93,Evening Peak,Weekday,Clear,Very High,Main Road,12.8,37.6,10.88,43.73161764705882,West,North,West Delhi
TRIP_03712,Pitampura,Okhla,23.54,Evening Peak,Weekend,Clear,Medium,Highway,59.6,23.9,50.66,27.87998420844848,North,Other,Other
TRIP_03713,Pitampura,Rohini,8.97,Night,Weekday,Fog,Low,Highway,40.6,15.2,34.51,15.595479571138801,North,North,Other
TRIP_03714,Rohini,Civil Lines,18.15,Morning Peak,Weekday,Heatwave,High,Main Road,24.4,44.5,20.74,52.50723240115718,North,Other,North Delhi
TRIP_03715,Connaught Place,AIIMS,7.18,Evening Peak,Weekend,Heatwave,High,Inner Road,7.7,54.9,6.545,65.82123758594346,Central,Other,Central Delhi
TRIP_03716,Pitampura,Kalkaji,22.07,Night,Weekday,Clear,Low,Inner Road,41.4,36.0,35.19,37.630008525149194,North,South,Other
TRIP_03717,Karol Bagh,IGI Airport,13.83,Afternoon,Weekday,Clear,Low,Main Road,44.5,19.4,37.824999999999996,21.937871777924656,Central,Other,Central Delhi
TRIP_03718,Model Town,Noida Sector 18,20.73,Morning Peak,Weekday,Clear,High,Highway,34.7,37.7,29.495,42.16985929818613,North,Other,North Delhi
TRIP_03719,Model Town,Karol Bagh,7.02,Afternoon,Weekday,Fog,Low,Main Road,25.7,16.4,21.845,19.2813000686656,North,Central,North Delhi
TRIP_03720,Janakpuri,AIIMS,13.39,Morning Peak,Weekday,Clear,Very High,Highway,18.4,44.4,15.639999999999999,51.36828644501279,West,Other,West Delhi
TRIP_03721,Nehru Place,Saket,5.32,Afternoon,Weekday,Clear,Low,Inner Road,21.7,14.6,18.445,17.305502846299813,Other,South,Other
TRIP_03722,IGI Airport,Shahdara,22.57,Morning Peak,Weekend,Fog,Low,Highway,40.9,37.8,34.765,38.95296994103264,Other,Other,Other
TRIP_03723,IGI Airport,Okhla,16.94,Morning Peak,Weekend,Rain,Medium,Main Road,27.1,38.0,23.035,44.12415888864771,Other,Other,Other
TRIP_03724,Janakpuri,Greater Kailash,16.54,Afternoon,Weekday,Heatwave,High,Highway,29.6,33.6,25.16,39.44356120826709,West,South,West Delhi
TRIP_03725,Hauz Khas,Vasant Kunj,5.36,Night,Weekday,Clear,Low,Inner Road,39.6,8.3,33.660000000000004,9.554367201426025,Other,South,Other
TRIP_03726,Vasant Kunj,Dwarka,13.52,Night,Weekday,Fog,Low,Main Road,33.6,23.9,28.56,28.403361344537814,South,West,South Delhi
TRIP_03727,Dwarka,Vasant Kunj,13.52,Afternoon,Weekday,Heatwave,Medium,Inner Road,22.1,37.7,18.785,43.1833910034602,West,South,West Delhi
TRIP_03728,Lajpat Nagar,Nehru Place,2.8,Evening Peak,Weekday,Fog,High,Highway,21.0,7.8,17.849999999999998,9.411764705882353,Other,Other,Other
TRIP_03729,Hauz Khas,IGI Airport,9.81,Afternoon,Weekend,Fog,Low,Inner Road,16.0,39.0,13.6,43.27941176470589,Other,Other,Other
TRIP_03730,Connaught Place,Shahdara,8.44,Afternoon,Weekday,Clear,Medium,Highway,57.3,8.7,48.705,10.397289805974745,Central,Other,Central Delhi
TRIP_03731,Noida Sector 18,Vasant Kunj,17.44,Evening Peak,Weekday,Fog,Very High,Main Road,8.2,131.8,6.969999999999999,150.12912482066002,Other,South,Other
TRIP_03732,IGI Airport,Greater Kailash,13.13,Afternoon,Weekday,Rain,Very High,Main Road,7.6,122.2,6.46,121.95046439628483,Other,South,Other
TRIP_03733,AIIMS,Lajpat Nagar,2.68,Afternoon,Weekday,Rain,Low,Inner Road,12.2,13.2,10.37,15.506268081002894,Other,Other,Other
TRIP_03734,Nehru Place,Rajouri Garden,16.77,Night,Weekday,Clear,Low,Highway,66.0,17.1,56.1,17.935828877005346,Other,West,Other
TRIP_03735,Karol Bagh,Okhla,15.59,Morning Peak,Weekend,Clear,Medium,Highway,49.4,18.8,41.989999999999995,22.27673255537033,Central,Other,Central Delhi
TRIP_03736,Saket,Punjabi Bagh,17.62,Evening Peak,Weekend,Fog,Low,Main Road,25.1,43.4,21.335,49.55237872041247,South,West,South Delhi
TRIP_03737,Chandni Chowk,Kalkaji,12.95,Evening Peak,Weekday,Clear,Very High,Main Road,9.2,87.9,7.819999999999999,99.3606138107417,Central,South,Central Delhi
TRIP_03738,Pitampura,Civil Lines,9.41,Night,Weekday,Clear,Medium,Main Road,33.4,16.6,28.389999999999997,19.887284255019374,North,Other,Other
TRIP_03739,Noida Sector 18,Civil Lines,15.73,Night,Weekend,Rain,Low,Inner Road,10.8,85.1,9.18,102.81045751633988,Other,Other,Other
TRIP_03740,Dwarka,Rohini,17.53,Evening Peak,Weekday,Fog,High,Main Road,10.0,109.3,8.5,123.74117647058824,West,North,West Delhi
TRIP_03741,Greater Kailash,Punjabi Bagh,16.84,Evening Peak,Weekday,Clear,Very High,Highway,20.7,47.9,17.595,57.42540494458653,South,West,South Delhi
TRIP_03742,Janakpuri,Kalkaji,18.68,Morning Peak,Weekday,Clear,High,Highway,38.8,29.1,32.98,33.9842328684051,West,South,West Delhi
TRIP_03743,Noida Sector 18,Okhla,6.92,Afternoon,Weekend,Clear,Low,Main Road,40.9,10.6,34.765,11.943046167122105,Other,Other,Other
TRIP_03744,Pitampura,AIIMS,17.0,Afternoon,Weekend,Heatwave,Medium,Main Road,37.5,26.9,31.875,32.0,North,Other,Other
TRIP_03745,Model Town,Vasant Kunj,22.01,Morning Peak,Weekday,Clear,High,Highway,40.9,34.1,34.765,37.98648065583202,North,South,North Delhi
TRIP_03746,Dwarka,Shahdara,25.37,Evening Peak,Weekday,Clear,High,Highway,31.4,51.3,26.689999999999998,57.032596478081686,West,Other,West Delhi
TRIP_03747,IGI Airport,Pitampura,16.75,Night,Weekend,Clear,Medium,Main Road,38.4,29.2,32.64,30.790441176470587,Other,North,Other
TRIP_03748,Hauz Khas,Vasant Kunj,5.36,Morning Peak,Weekday,Fog,High,Main Road,10.8,29.5,9.18,35.032679738562095,Other,South,Other
TRIP_03749,Rohini,Dwarka,17.53,Evening Peak,Weekday,Clear,Very High,Highway,16.5,66.1,14.025,74.99465240641712,North,West,North Delhi
TRIP_03750,AIIMS,Noida Sector 18,11.33,Evening Peak,Weekday,Clear,High,Main Road,24.1,29.1,20.485,33.185257505491826,Other,Other,Other
TRIP_03751,Chandni Chowk,Greater Kailash,11.55,Morning Peak,Weekday,Clear,High,Main Road,25.1,27.2,21.335,32.48183735645652,Central,South,Central Delhi
TRIP_03752,Nehru Place,Greater Kailash,1.9,Evening Peak,Weekday,Clear,High,Main Road,22.7,5.3,19.294999999999998,5.908266390256543,Other,South,Other
TRIP_03753,Vasant Kunj,Pitampura,20.67,Evening Peak,Weekend,Clear,Low,Main Road,38.6,32.1,32.81,37.799451386772326,South,North,South Delhi
TRIP_03754,Model Town,Greater Kailash,19.14,Morning Peak,Weekday,Rain,Very High,Main Road,9.6,116.8,8.16,140.73529411764707,North,South,North Delhi
TRIP_03755,Rajouri Garden,Noida Sector 18,21.63,Evening Peak,Weekday,Heatwave,Very High,Highway,16.6,85.7,14.110000000000001,91.97732104890147,West,Other,Other
TRIP_03756,Chandni Chowk,Hauz Khas,11.65,Evening Peak,Weekend,Clear,Medium,Main Road,33.1,21.5,28.135,24.844499733428115,Central,Other,Central Delhi
TRIP_03757,Model Town,Karol Bagh,7.02,Morning Peak,Weekday,Clear,High,Main Road,20.7,20.0,17.595,23.9386189258312,North,Central,North Delhi
TRIP_03758,Noida Sector 18,Rohini,33.01,Night,Weekday,Heatwave,Low,Highway,87.1,24.2,74.035,26.752211791720132,Other,North,Other
TRIP_03759,Preet Vihar,Lajpat Nagar,9.58,Night,Weekday,Clear,Low,Inner Road,37.6,15.7,31.96,17.984981226533165,Other,Other,Other
TRIP_03760,Karol Bagh,Greater Kailash,12.43,Evening Peak,Weekday,Rain,Very High,Highway,11.2,65.4,9.52,78.34033613445378,Central,South,Central Delhi
TRIP_03761,Hauz Khas,Chandni Chowk,11.65,Evening Peak,Weekend,Clear,Medium,Main Road,37.1,19.0,31.535,22.1658474710639,Other,Central,Other
TRIP_03762,Civil Lines,Hauz Khas,14.76,Afternoon,Weekday,Heatwave,Medium,Highway,50.8,18.3,43.18,20.509495136637334,Other,Other,Other
TRIP_03763,Okhla,Rajouri Garden,19.41,Morning Peak,Weekend,Fog,Medium,Main Road,21.0,58.1,17.849999999999998,65.2436974789916,Other,West,Other
TRIP_03764,AIIMS,Shahdara,14.08,Evening Peak,Weekday,Heatwave,High,Main Road,27.6,29.7,23.46,36.01023017902813,Other,Other,Other
TRIP_03765,Preet Vihar,Punjabi Bagh,16.03,Morning Peak,Weekday,Clear,Very High,Main Road,10.3,96.6,8.755,109.85722444317533,Other,West,Other
TRIP_03766,Okhla,Janakpuri,20.56,Evening Peak,Weekday,Clear,Very High,Highway,14.9,81.3,12.665,97.40228977497038,Other,West,Other
TRIP_03767,Chandni Chowk,Dwarka,19.18,Morning Peak,Weekday,Clear,Medium,Highway,59.9,19.8,50.915,22.60237650986939,Central,West,Central Delhi
TRIP_03768,Chandni Chowk,Shahdara,6.2,Morning Peak,Weekend,Clear,Medium,Main Road,27.8,14.6,23.63,15.742699957680914,Central,Other,Central Delhi
TRIP_03769,AIIMS,Nehru Place,4.68,Morning Peak,Weekday,Clear,Very High,Inner Road,8.2,34.7,6.969999999999999,40.28694404591105,Other,Other,Other
TRIP_03770,Mayur Vihar,Kalkaji,9.67,Afternoon,Weekday,Fog,High,Highway,21.4,26.5,18.189999999999998,31.896646509070923,Other,South,Other
TRIP_03771,Chandni Chowk,Lajpat Nagar,8.98,Morning Peak,Weekday,Clear,High,Main Road,19.5,27.2,16.575,32.50678733031675,Central,Other,Central Delhi
TRIP_03772,Punjabi Bagh,Shahdara,15.41,Evening Peak,Weekday,Clear,Low,Inner Road,25.5,35.3,21.675,42.65743944636678,West,Other,West Delhi
TRIP_03773,Chandni Chowk,Noida Sector 18,12.9,Afternoon,Weekday,Fog,Medium,Main Road,18.5,44.1,15.725,49.22098569157393,Central,Other,Central Delhi
TRIP_03774,Rajouri Garden,Kalkaji,17.69,Evening Peak,Weekend,Clear,Medium,Highway,46.2,23.3,39.27,27.02826585179526,West,South,Other
TRIP_03775,Preet Vihar,Model Town,12.75,Morning Peak,Weekday,Fog,High,Highway,21.4,35.5,18.189999999999998,42.056074766355145,Other,North,Other
TRIP_03776,Punjabi Bagh,Rajouri Garden,2.52,Evening Peak,Weekday,Fog,Medium,Main Road,22.5,7.1,19.125,7.905882352941177,West,West,West Delhi
TRIP_03777,Punjabi Bagh,Noida Sector 18,21.94,Morning Peak,Weekday,Heatwave,Very High,Main Road,13.4,103.4,11.39,115.57506584723441,West,Other,West Delhi
TRIP_03778,Pitampura,Greater Kailash,20.1,Morning Peak,Weekend,Clear,Low,Highway,85.6,16.3,72.75999999999999,16.575041231445855,North,South,Other
TRIP_03779,Nehru Place,Noida Sector 18,7.47,Afternoon,Weekday,Rain,Low,Highway,44.3,10.1,37.654999999999994,11.902801752755279,Other,Other,Other
TRIP_03780,Janakpuri,Dwarka,5.26,Evening Peak,Weekday,Clear,Very High,Inner Road,7.8,41.1,6.63,47.601809954751126,West,West,West Delhi
TRIP_03781,Saket,AIIMS,4.77,Afternoon,Weekday,Heatwave,High,Inner Road,9.9,29.0,8.415000000000001,34.01069518716577,South,Other,South Delhi
TRIP_03782,Nehru Place,Connaught Place,9.83,Afternoon,Weekday,Heatwave,Medium,Main Road,38.1,16.2,32.385,18.21213524779991,Other,Central,Other
TRIP_03783,Chandni Chowk,Pitampura,11.29,Afternoon,Weekend,Clear,High,Highway,31.9,20.7,27.115,24.982482021021575,Central,North,Central Delhi
TRIP_03784,Connaught Place,Punjabi Bagh,9.3,Morning Peak,Weekend,Clear,Low,Main Road,43.0,13.2,36.55,15.266757865937073,Central,West,Central Delhi
TRIP_03785,Karol Bagh,Okhla,15.59,Evening Peak,Weekday,Heatwave,Medium,Main Road,37.0,24.8,31.45,29.742448330683626,Central,Other,Central Delhi
TRIP_03786,Nehru Place,Janakpuri,18.07,Afternoon,Weekday,Rain,Medium,Highway,44.3,24.3,37.654999999999994,28.79298897888727,Other,West,Other
TRIP_03787,IGI Airport,Preet Vihar,21.04,Morning Peak,Weekday,Heatwave,High,Highway,38.3,33.9,32.555,38.777453540162796,Other,Other,Other
TRIP_03788,Kalkaji,AIIMS,5.39,Morning Peak,Weekday,Heatwave,High,Main Road,24.8,13.5,21.08,15.3415559772296,South,Other,South Delhi
TRIP_03789,Connaught Place,Chandni Chowk,2.54,Night,Weekend,Clear,High,Main Road,25.8,5.8,21.93,6.949384404924761,Central,Central,Central Delhi
TRIP_03790,Shahdara,Mayur Vihar,6.61,Afternoon,Weekday,Rain,Low,Inner Road,11.0,37.4,9.35,42.417112299465245,Other,Other,Other
TRIP_03791,Dwarka,Civil Lines,20.04,Evening Peak,Weekend,Clear,Very High,Highway,23.3,50.9,19.805,60.711941428932086,West,Other,West Delhi
TRIP_03792,Model Town,Vasant Kunj,22.01,Morning Peak,Weekday,Clear,High,Highway,41.2,35.8,35.02,37.709880068532264,North,South,North Delhi
TRIP_03793,Lajpat Nagar,Connaught Place,7.13,Evening Peak,Weekday,Clear,Low,Main Road,46.2,9.5,39.27,10.893812070282658,Other,Central,Other
TRIP_03794,Noida Sector 18,Janakpuri,23.96,Morning Peak,Weekday,Clear,Medium,Main Road,40.3,35.1,34.254999999999995,41.96759597139105,Other,West,Other
TRIP_03795,Okhla,Nehru Place,2.67,Evening Peak,Weekday,Clear,High,Main Road,24.7,6.5,20.994999999999997,7.630388187663731,Other,Other,Other
TRIP_03796,Nehru Place,Okhla,2.67,Afternoon,Weekend,Clear,Medium,Inner Road,11.5,13.8,9.775,16.38874680306905,Other,Other,Other
TRIP_03797,Chandni Chowk,Okhla,13.88,Night,Weekend,Clear,Low,Highway,80.6,10.9,68.50999999999999,12.15588965114582,Central,Other,Central Delhi
TRIP_03798,Connaught Place,IGI Airport,14.14,Morning Peak,Weekday,Clear,High,Main Road,20.5,41.7,17.425,48.68866571018651,Central,Other,Central Delhi
TRIP_03799,Chandni Chowk,Greater Kailash,11.55,Afternoon,Weekday,Rain,Medium,Highway,38.7,21.2,32.895,21.06703146374829,Central,South,Central Delhi
TRIP_03800,Hauz Khas,Chandni Chowk,11.65,Afternoon,Weekend,Clear,Medium,Highway,62.2,11.5,52.870000000000005,13.221108379042935,Other,Central,Other
TRIP_03801,Punjabi Bagh,Shahdara,15.41,Afternoon,Weekday,Clear,High,Highway,41.1,23.4,34.935,26.466294547015885,West,Other,West Delhi
TRIP_03802,Nehru Place,Greater Kailash,1.9,Evening Peak,Weekday,Clear,Medium,Inner Road,21.0,5.6,17.849999999999998,6.38655462184874,Other,South,Other
TRIP_03803,Hauz Khas,Karol Bagh,11.44,Night,Weekday,Clear,Medium,Main Road,41.6,16.3,35.36,19.411764705882355,Other,Central,Other
TRIP_03804,Pitampura,Dwarka,15.04,Morning Peak,Weekday,Clear,Very High,Main Road,10.8,83.5,9.18,98.30065359477125,North,West,Other
TRIP_03805,Punjabi Bagh,Greater Kailash,16.84,Afternoon,Weekday,Heatwave,Medium,Main Road,30.4,34.3,25.84,39.10216718266254,West,South,West Delhi
TRIP_03806,Noida Sector 18,Nehru Place,7.47,Evening Peak,Weekday,Fog,High,Main Road,16.9,27.8,14.364999999999998,31.200835363731297,Other,Other,Other
TRIP_03807,Connaught Place,IGI Airport,14.14,Afternoon,Weekend,Clear,Medium,Highway,54.9,17.6,46.665,18.18064930890389,Central,Other,Central Delhi
TRIP_03808,Lajpat Nagar,Hauz Khas,4.29,Afternoon,Weekday,Rain,Low,Highway,60.3,4.3,51.254999999999995,5.021949078138719,Other,Other,Other
TRIP_03809,Punjabi Bagh,Chandni Chowk,9.93,Evening Peak,Weekday,Fog,High,Main Road,10.9,57.5,9.265,64.30652995143011,West,Central,West Delhi
TRIP_03810,Shahdara,Civil Lines,6.29,Afternoon,Weekday,Fog,Medium,Inner Road,8.9,44.9,7.565,49.887640449438194,Other,Other,Other
TRIP_03811,Janakpuri,AIIMS,13.39,Afternoon,Weekend,Clear,Low,Main Road,54.2,15.1,46.07,17.438680269155633,West,Other,West Delhi
TRIP_03812,Karol Bagh,AIIMS,9.61,Morning Peak,Weekday,Heatwave,High,Inner Road,10.9,55.6,9.265,62.234214786832155,Central,Other,Central Delhi
TRIP_03813,Greater Kailash,Karol Bagh,12.43,Evening Peak,Weekend,Clear,High,Main Road,22.9,34.3,19.465,38.314924222964294,South,Central,South Delhi
TRIP_03814,Greater Kailash,Vasant Kunj,8.11,Morning Peak,Weekday,Clear,Very High,Main Road,12.2,38.8,10.37,46.923818707810995,South,South,South Delhi
TRIP_03815,Okhla,Connaught Place,12.39,Afternoon,Weekend,Clear,High,Main Road,29.3,25.9,24.905,29.849427825737802,Other,Central,Other
TRIP_03816,Janakpuri,Connaught Place,12.63,Morning Peak,Weekday,Clear,Medium,Highway,66.1,11.8,56.184999999999995,13.487585654534131,West,Central,West Delhi
TRIP_03817,Model Town,Vasant Kunj,22.01,Morning Peak,Weekend,Clear,High,Highway,33.2,41.8,28.220000000000002,46.796598157335225,North,South,North Delhi
TRIP_03818,Kalkaji,Civil Lines,16.3,Evening Peak,Weekday,Clear,Medium,Main Road,44.9,22.4,38.165,25.625573169134025,South,Other,South Delhi
TRIP_03819,AIIMS,IGI Airport,10.81,Morning Peak,Weekday,Clear,High,Highway,42.7,14.9,36.295,17.870230059236807,Other,Other,Other
TRIP_03820,Noida Sector 18,Shahdara,12.02,Night,Weekday,Clear,High,Inner Road,19.8,35.6,16.830000000000002,42.85204991087343,Other,Other,Other
TRIP_03821,Kalkaji,Janakpuri,18.68,Morning Peak,Weekday,Fog,Very High,Highway,10.2,119.1,8.67,129.2733564013841,South,West,South Delhi
TRIP_03822,Janakpuri,Karol Bagh,10.56,Morning Peak,Weekday,Heatwave,Very High,Highway,18.4,34.8,15.639999999999999,40.511508951406654,West,Central,West Delhi
TRIP_03823,Okhla,Vasant Kunj,11.21,Evening Peak,Weekday,Clear,High,Highway,30.2,22.0,25.669999999999998,26.20179197506818,Other,South,Other
TRIP_03824,Karol Bagh,Model Town,7.02,Evening Peak,Weekday,Heatwave,High,Highway,40.3,11.1,34.254999999999995,12.296015180265655,Central,North,Central Delhi
TRIP_03825,Janakpuri,AIIMS,13.39,Afternoon,Weekday,Fog,Low,Inner Road,19.0,41.6,16.15,49.746130030959755,West,Other,West Delhi
TRIP_03826,Civil Lines,Okhla,17.22,Night,Weekday,Fog,Medium,Main Road,17.4,57.9,14.79,69.8580121703854,Other,Other,Other
TRIP_03827,Chandni Chowk,Civil Lines,3.35,Afternoon,Weekday,Clear,High,Inner Road,9.8,21.6,8.33,24.129651860744296,Central,Other,Central Delhi
TRIP_03828,Shahdara,AIIMS,14.08,Evening Peak,Weekday,Rain,Medium,Inner Road,8.6,100.0,7.31,115.56771545827634,Other,Other,Other
TRIP_03829,Mayur Vihar,Civil Lines,10.05,Evening Peak,Weekend,Clear,High,Main Road,21.8,28.0,18.53,32.54182406907717,Other,Other,Other
TRIP_03830,AIIMS,Vasant Kunj,7.41,Morning Peak,Weekday,Fog,High,Main Road,14.5,34.5,12.325,36.073022312373226,Other,South,Other
TRIP_03831,Saket,Greater Kailash,3.66,Afternoon,Weekday,Fog,High,Inner Road,7.9,27.0,6.715,32.70290394638869,South,South,South Delhi
TRIP_03832,Rajouri Garden,Kalkaji,17.69,Afternoon,Weekday,Clear,High,Highway,40.1,25.8,34.085,31.139797564911255,West,South,Other
TRIP_03833,Mayur Vihar,Dwarka,24.43,Evening Peak,Weekday,Rain,Very High,Main Road,8.6,169.1,7.31,200.5198358413133,Other,West,Other
TRIP_03834,Nehru Place,Chandni Chowk,11.5,Afternoon,Weekend,Clear,Medium,Highway,47.0,15.5,39.949999999999996,17.271589486858577,Other,Central,Other
TRIP_03835,Rajouri Garden,Model Town,10.2,Morning Peak,Weekday,Clear,Medium,Highway,68.3,8.9,58.05499999999999,10.54172767203514,West,North,Other
TRIP_03836,Nehru Place,Rohini,29.42,Evening Peak,Weekday,Clear,High,Inner Road,7.9,258.6,6.715,262.8741623231572,Other,North,Other
TRIP_03837,Kalkaji,Vasant Kunj,9.44,Night,Weekend,Clear,Low,Inner Road,33.0,18.0,28.05,20.192513368983953,South,South,South Delhi
TRIP_03838,Janakpuri,Preet Vihar,20.09,Morning Peak,Weekday,Heatwave,High,Main Road,20.9,58.6,17.764999999999997,67.85251899802985,West,Other,West Delhi
TRIP_03839,Saket,Hauz Khas,2.85,Evening Peak,Weekday,Clear,High,Main Road,27.3,6.9,23.205,7.369101486748546,South,Other,South Delhi
TRIP_03840,IGI Airport,Saket,11.0,Evening Peak,Weekday,Heatwave,Very High,Main Road,11.2,60.0,9.52,69.32773109243698,Other,South,Other
TRIP_03841,Shahdara,Pitampura,15.65,Morning Peak,Weekday,Heatwave,Very High,Main Road,11.1,86.4,9.434999999999999,99.52305246422894,Other,North,Other
TRIP_03842,Greater Kailash,Vasant Kunj,8.11,Morning Peak,Weekday,Heatwave,Very High,Main Road,11.7,46.8,9.944999999999999,48.9291101055807,South,South,South Delhi
TRIP_03843,Vasant Kunj,Punjabi Bagh,16.74,Morning Peak,Weekday,Fog,Very High,Main Road,7.7,137.8,6.545,153.46065699006874,South,West,South Delhi
TRIP_03844,Preet Vihar,IGI Airport,21.04,Night,Weekday,Clear,Low,Highway,71.2,18.6,60.52,20.859220092531395,Other,Other,Other
TRIP_03845,Nehru Place,Civil Lines,14.85,Evening Peak,Weekday,Clear,High,Highway,44.4,19.7,37.739999999999995,23.60890302066773,Other,Other,Other
TRIP_03846,Saket,Hauz Khas,2.85,Morning Peak,Weekday,Rain,Very High,Inner Road,4.9,36.7,4.165,41.05642256902761,South,Other,South Delhi
TRIP_03847,Lajpat Nagar,Greater Kailash,2.6,Evening Peak,Weekday,Clear,Very High,Inner Road,8.0,19.2,6.8,22.941176470588236,Other,South,Other
TRIP_03848,Shahdara,Nehru Place,14.22,Morning Peak,Weekday,Clear,Very High,Main Road,9.6,90.5,8.16,104.55882352941177,Other,Other,Other
TRIP_03849,IGI Airport,Chandni Chowk,16.54,Afternoon,Weekend,Clear,Low,Highway,67.9,15.4,57.715,17.194836697565623,Other,Central,Other
TRIP_03850,Kalkaji,Preet Vihar,12.39,Morning Peak,Weekday,Clear,Medium,Main Road,27.3,27.4,23.205,32.03619909502263,South,Other,South Delhi
TRIP_03851,Rajouri Garden,Lajpat Nagar,14.1,Evening Peak,Weekend,Fog,Medium,Main Road,20.5,40.4,17.425,48.55093256814921,West,Other,Other
TRIP_03852,Model Town,AIIMS,16.52,Morning Peak,Weekday,Clear,Very High,Main Road,12.8,81.4,10.88,91.10294117647058,North,Other,North Delhi
TRIP_03853,Chandni Chowk,Rohini,20.26,Night,Weekend,Rain,High,Highway,23.8,52.1,20.23,60.08897676717746,Central,North,Central Delhi
TRIP_03854,Kalkaji,Model Town,20.77,Evening Peak,Weekday,Clear,Low,Inner Road,36.0,36.2,30.599999999999998,40.72549019607843,South,North,South Delhi
TRIP_03855,Lajpat Nagar,IGI Airport,13.5,Afternoon,Weekday,Clear,Very High,Inner Road,8.6,95.6,7.31,110.80711354309166,Other,Other,Other
TRIP_03856,Connaught Place,Greater Kailash,9.57,Morning Peak,Weekend,Clear,Very High,Main Road,10.3,59.1,8.755,65.58537978298115,Central,South,Central Delhi
TRIP_03857,Greater Kailash,Chandni Chowk,11.55,Morning Peak,Weekday,Clear,High,Main Road,25.9,28.2,22.014999999999997,31.478537360890307,South,Central,South Delhi
TRIP_03858,Saket,Pitampura,21.25,Morning Peak,Weekday,Clear,High,Inner Road,20.0,64.8,17.0,75.0,South,North,South Delhi
TRIP_03859,Noida Sector 18,Greater Kailash,9.35,Afternoon,Weekday,Clear,High,Main Road,25.5,24.1,21.675,25.882352941176467,Other,South,Other
TRIP_03860,AIIMS,Nehru Place,4.68,Afternoon,Weekday,Heatwave,Medium,Inner Road,19.1,15.1,16.235,17.295965506621496,Other,Other,Other
TRIP_03861,Pitampura,Mayur Vihar,18.76,Morning Peak,Weekday,Rain,Very High,Main Road,7.4,150.7,6.29,178.95071542130367,North,Other,Other
TRIP_03862,Okhla,Dwarka,23.01,Morning Peak,Weekend,Fog,High,Highway,24.0,59.8,20.4,67.6764705882353,Other,West,Other
TRIP_03863,Hauz Khas,Kalkaji,5.29,Evening Peak,Weekend,Fog,Medium,Main Road,22.3,14.1,18.955000000000002,16.744922184120284,Other,South,Other
TRIP_03864,Lajpat Nagar,Noida Sector 18,8.66,Evening Peak,Weekday,Clear,Medium,Highway,45.9,13.0,39.015,13.317954632833525,Other,Other,Other
TRIP_03865,Mayur Vihar,Preet Vihar,3.05,Afternoon,Weekday,Clear,High,Main Road,28.4,6.6,24.139999999999997,7.580778790389395,Other,Other,Other
TRIP_03866,Model Town,Shahdara,10.5,Afternoon,Weekday,Rain,Low,Inner Road,17.8,39.2,15.13,41.63912756113681,North,Other,North Delhi
TRIP_03867,Kalkaji,Rohini,30.48,Evening Peak,Weekday,Clear,High,Main Road,20.3,94.0,17.255,105.98667053028109,South,North,South Delhi
TRIP_03868,Pitampura,Hauz Khas,18.42,Afternoon,Weekday,Rain,High,Main Road,21.0,51.7,17.849999999999998,61.91596638655463,North,Other,Other
TRIP_03869,Civil Lines,Connaught Place,5.49,Evening Peak,Weekend,Clear,High,Highway,38.5,9.0,32.725,10.065699006875478,Other,Central,Other
TRIP_03870,Pitampura,Nehru Place,20.88,Afternoon,Weekday,Clear,Medium,Main Road,27.4,46.7,23.29,53.79132674967797,North,Other,Other
TRIP_03871,Shahdara,Dwarka,25.37,Night,Weekday,Clear,Medium,Highway,69.2,22.9,58.82,25.87895273716423,Other,West,Other
TRIP_03872,Greater Kailash,Noida Sector 18,9.35,Evening Peak,Weekday,Fog,High,Main Road,12.6,46.2,10.709999999999999,52.38095238095238,South,Other,South Delhi
TRIP_03873,Okhla,Shahdara,15.92,Evening Peak,Weekday,Clear,Very High,Main Road,8.8,115.0,7.48,127.70053475935829,Other,Other,Other
TRIP_03874,Shahdara,AIIMS,14.08,Afternoon,Weekday,Clear,High,Highway,43.9,19.7,37.315,22.639689133056415,Other,Other,Other
TRIP_03875,Lajpat Nagar,Janakpuri,15.7,Evening Peak,Weekday,Clear,Medium,Highway,52.0,18.5,44.199999999999996,21.312217194570138,Other,West,Other
TRIP_03876,Rohini,Shahdara,24.21,Morning Peak,Weekday,Clear,High,Highway,36.9,38.6,31.365,46.31276901004305,North,Other,North Delhi
TRIP_03877,Pitampura,AIIMS,17.0,Night,Weekend,Clear,High,Highway,30.6,33.0,26.01,39.21568627450981,North,Other,Other
TRIP_03878,Karol Bagh,Punjabi Bagh,6.08,Morning Peak,Weekday,Clear,Medium,Inner Road,24.2,15.9,20.57,17.7345649003403,Central,West,Central Delhi
TRIP_03879,AIIMS,Karol Bagh,9.61,Morning Peak,Weekday,Clear,High,Main Road,27.9,20.1,23.715,24.313725490196077,Other,Central,Other
TRIP_03880,Civil Lines,Chandni Chowk,3.35,Afternoon,Weekday,Heatwave,Very High,Inner Road,7.9,25.6,6.715,29.932985852568876,Other,Central,Other
TRIP_03881,Janakpuri,Model Town,14.54,Afternoon,Weekend,Heatwave,Medium,Inner Road,28.3,31.8,24.055,36.266888380794015,West,North,West Delhi
TRIP_03882,AIIMS,Kalkaji,5.39,Morning Peak,Weekday,Heatwave,Very High,Main Road,11.0,33.7,9.35,34.588235294117645,Other,South,Other
TRIP_03883,Rajouri Garden,Saket,15.91,Morning Peak,Weekday,Fog,Very High,Main Road,5.5,182.6,4.675,204.19251336898395,West,South,Other
TRIP_03884,Mayur Vihar,Kalkaji,9.67,Evening Peak,Weekday,Fog,Medium,Main Road,22.4,27.2,19.04,30.47268907563025,Other,South,Other
TRIP_03885,Dwarka,IGI Airport,6.61,Morning Peak,Weekday,Heatwave,High,Inner Road,15.4,26.2,13.09,30.29793735676089,West,Other,West Delhi
TRIP_03886,Kalkaji,Noida Sector 18,8.19,Evening Peak,Weekday,Clear,High,Main Road,23.5,21.2,19.974999999999998,24.600750938673343,South,Other,South Delhi
TRIP_03887,Pitampura,Chandni Chowk,11.29,Evening Peak,Weekday,Clear,Very High,Highway,18.7,36.0,15.895,42.61717521233092,North,Central,Other
TRIP_03888,Okhla,Connaught Place,12.39,Afternoon,Weekday,Rain,Medium,Main Road,23.2,33.8,19.72,37.69776876267749,Other,Central,Other
TRIP_03889,AIIMS,Hauz Khas,2.2,Morning Peak,Weekday,Clear,High,Inner Road,19.1,7.6,16.235,8.130582075762243,Other,Other,Other
TRIP_03890,Vasant Kunj,IGI Airport,6.9,Evening Peak,Weekday,Clear,High,Inner Road,10.8,40.3,9.18,45.09803921568628,South,Other,South Delhi
TRIP_03891,Connaught Place,Rajouri Garden,9.35,Night,Weekday,Clear,Low,Inner Road,22.6,24.8,19.21,29.20353982300885,Central,West,Central Delhi
TRIP_03892,Kalkaji,Rohini,30.48,Evening Peak,Weekday,Clear,Very High,Highway,15.9,111.6,13.515,135.3163152053274,South,North,South Delhi
TRIP_03893,Punjabi Bagh,Okhla,20.5,Evening Peak,Weekday,Rain,Very High,Highway,12.4,104.8,10.54,116.69829222011386,West,Other,West Delhi
TRIP_03894,Preet Vihar,Lajpat Nagar,9.58,Evening Peak,Weekday,Clear,High,Main Road,17.8,34.2,15.13,37.99074686054197,Other,Other,Other
TRIP_03895,Model Town,IGI Airport,19.83,Night,Weekend,Clear,Low,Main Road,38.7,30.9,32.895,36.16963064295485,North,Other,North Delhi
TRIP_03896,Mayur Vihar,Greater Kailash,9.55,Evening Peak,Weekend,Clear,Very High,Main Road,12.9,46.9,10.965,52.25718194254446,Other,South,Other
TRIP_03897,Preet Vihar,Connaught Place,7.48,Afternoon,Weekday,Fog,High,Main Road,11.9,44.0,10.115,44.36974789915966,Other,Central,Other
TRIP_03898,Noida Sector 18,Dwarka,27.45,Afternoon,Weekend,Fog,Low,Highway,44.1,38.1,37.485,43.937575030012006,Other,West,Other
TRIP_03899,Hauz Khas,Janakpuri,13.61,Afternoon,Weekday,Clear,Medium,Main Road,29.7,27.6,25.244999999999997,32.34699940582294,Other,West,Other
TRIP_03900,Nehru Place,Janakpuri,18.07,Morning Peak,Weekend,Clear,Medium,Highway,47.6,22.2,40.46,26.79683638161147,Other,West,Other
TRIP_03901,Okhla,Dwarka,23.01,Afternoon,Weekday,Fog,High,Main Road,10.5,146.2,8.924999999999999,154.68907563025215,Other,West,Other
TRIP_03902,Civil Lines,Janakpuri,14.89,Morning Peak,Weekday,Clear,Very High,Highway,16.7,54.0,14.194999999999999,62.9376541035576,Other,West,Other
TRIP_03903,Greater Kailash,Rajouri Garden,15.57,Afternoon,Weekday,Clear,Medium,Inner Road,16.9,57.7,14.364999999999998,65.03306648103029,South,West,South Delhi
TRIP_03904,Vasant Kunj,Nehru Place,9.97,Afternoon,Weekday,Clear,Low,Inner Road,19.5,30.2,16.575,36.09049773755657,South,Other,South Delhi
TRIP_03905,Pitampura,Saket,21.25,Evening Peak,Weekday,Clear,High,Highway,33.6,39.8,28.56,44.642857142857146,North,South,Other
TRIP_03906,Vasant Kunj,Nehru Place,9.97,Evening Peak,Weekday,Clear,High,Main Road,19.7,32.0,16.744999999999997,35.72409674529711,South,Other,South Delhi
TRIP_03907,Greater Kailash,Chandni Chowk,11.55,Morning Peak,Weekday,Heatwave,High,Main Road,18.1,38.6,15.385000000000002,45.04387390315242,South,Central,South Delhi
TRIP_03908,Shahdara,Vasant Kunj,21.4,Evening Peak,Weekday,Fog,High,Highway,21.1,63.6,17.935000000000002,71.5918594926122,Other,South,Other
TRIP_03909,Punjabi Bagh,Greater Kailash,16.84,Night,Weekday,Clear,Low,Main Road,48.3,22.0,41.055,24.610887833394226,West,South,West Delhi
TRIP_03910,Greater Kailash,Janakpuri,16.54,Afternoon,Weekday,Clear,Low,Highway,58.2,17.3,49.47,20.06064281382656,South,West,South Delhi
TRIP_03911,Model Town,Rohini,13.8,Afternoon,Weekday,Rain,Medium,Main Road,30.0,31.7,25.5,32.47058823529412,North,North,North Delhi
TRIP_03912,Civil Lines,Karol Bagh,4.62,Morning Peak,Weekend,Clear,High,Inner Road,11.9,23.0,10.115,27.40484429065744,Other,Central,Other
TRIP_03913,Dwarka,Rohini,17.53,Evening Peak,Weekday,Clear,High,Main Road,19.2,57.0,16.32,64.44852941176471,West,North,West Delhi
TRIP_03914,Vasant Kunj,Rajouri Garden,14.56,Afternoon,Weekday,Clear,Medium,Main Road,40.9,21.6,34.765,25.128721415216454,South,West,South Delhi
TRIP_03915,Lajpat Nagar,Mayur Vihar,7.45,Morning Peak,Weekend,Clear,Medium,Inner Road,13.2,34.8,11.219999999999999,39.83957219251337,Other,Other,Other
TRIP_03916,AIIMS,IGI Airport,10.81,Evening Peak,Weekend,Clear,Medium,Main Road,31.3,23.7,26.605,24.37887615109942,Other,Other,Other
TRIP_03917,Saket,Hauz Khas,2.85,Morning Peak,Weekend,Clear,Medium,Inner Road,21.3,8.4,18.105,9.44490472245236,South,Other,South Delhi
TRIP_03918,AIIMS,Vasant Kunj,7.41,Evening Peak,Weekend,Rain,Medium,Main Road,19.9,22.1,16.915,26.284362991427727,Other,South,Other
TRIP_03919,Preet Vihar,AIIMS,11.51,Morning Peak,Weekday,Fog,Medium,Highway,37.2,18.2,31.62,21.840607210626185,Other,Other,Other
TRIP_03920,Saket,Rajouri Garden,15.91,Evening Peak,Weekday,Heatwave,High,Highway,43.0,21.8,36.55,26.117647058823533,South,West,South Delhi
TRIP_03921,Civil Lines,Chandni Chowk,3.35,Evening Peak,Weekday,Clear,High,Inner Road,18.1,11.3,15.385000000000002,13.06467338316542,Other,Central,Other
TRIP_03922,Shahdara,Civil Lines,6.29,Morning Peak,Weekday,Fog,Very High,Main Road,7.5,50.5,6.375,59.2,Other,Other,Other
TRIP_03923,Janakpuri,Model Town,14.54,Night,Weekday,Clear,Low,Main Road,42.4,21.3,36.04,24.206437291897892,West,North,West Delhi
TRIP_03924,Rohini,Shahdara,24.21,Morning Peak,Weekday,Heatwave,High,Main Road,21.8,75.0,18.53,78.39179708580679,North,Other,North Delhi
TRIP_03925,Connaught Place,Okhla,12.39,Afternoon,Weekend,Clear,High,Highway,46.2,16.1,39.27,18.93048128342246,Central,Other,Central Delhi
TRIP_03926,Saket,Vasant Kunj,4.88,Afternoon,Weekday,Heatwave,Medium,Inner Road,10.5,29.0,8.924999999999999,32.806722689075634,South,South,South Delhi
TRIP_03927,Pitampura,Chandni Chowk,11.29,Evening Peak,Weekend,Clear,Medium,Highway,51.5,13.6,43.775,15.474585950885206,North,Central,Other
TRIP_03928,Vasant Kunj,Chandni Chowk,16.27,Morning Peak,Weekday,Clear,Very High,Main Road,14.0,73.8,11.9,82.03361344537815,South,Central,South Delhi
TRIP_03929,Janakpuri,IGI Airport,7.4,Morning Peak,Weekend,Clear,Low,Main Road,38.8,11.7,32.98,13.462704669496667,West,Other,West Delhi
TRIP_03930,Vasant Kunj,Model Town,22.01,Afternoon,Weekday,Clear,High,Highway,40.8,33.4,34.68,38.07958477508651,South,North,South Delhi
TRIP_03931,Nehru Place,Model Town,19.38,Evening Peak,Weekday,Rain,Very High,Highway,11.5,109.9,9.775,118.95652173913042,Other,North,Other
TRIP_03932,Nehru Place,Vasant Kunj,9.97,Evening Peak,Weekend,Clear,High,Main Road,27.3,22.5,23.205,25.778926955397548,Other,South,Other
TRIP_03933,Noida Sector 18,Hauz Khas,12.51,Morning Peak,Weekday,Fog,Medium,Main Road,17.2,44.3,14.62,51.340629274965806,Other,Other,Other
TRIP_03934,Kalkaji,Greater Kailash,2.15,Evening Peak,Weekday,Clear,Very High,Inner Road,8.0,16.1,6.8,18.970588235294116,South,South,South Delhi
TRIP_03935,Janakpuri,Connaught Place,12.63,Morning Peak,Weekday,Heatwave,High,Highway,38.9,19.9,33.065,22.918493875699383,West,Central,West Delhi
TRIP_03936,Saket,Mayur Vihar,13.17,Evening Peak,Weekday,Clear,Medium,Highway,46.0,17.3,39.1,20.209718670076725,South,Other,South Delhi
TRIP_03937,Mayur Vihar,Dwarka,24.43,Evening Peak,Weekday,Clear,Medium,Highway,60.6,23.8,51.51,28.456610366919044,Other,West,Other
TRIP_03938,Connaught Place,Noida Sector 18,12.67,Night,Weekday,Clear,Low,Highway,81.2,9.7,69.02,11.014198782961461,Central,Other,Central Delhi
TRIP_03939,Kalkaji,Nehru Place,1.51,Afternoon,Weekday,Clear,Medium,Main Road,36.9,2.4,31.365,2.88857006217121,South,Other,South Delhi
TRIP_03940,Punjabi Bagh,Mayur Vihar,17.1,Morning Peak,Weekday,Clear,Very High,Main Road,9.9,103.7,8.415000000000001,121.92513368983958,West,Other,West Delhi
TRIP_03941,Okhla,IGI Airport,16.94,Morning Peak,Weekend,Rain,Medium,Highway,45.5,22.5,38.675,26.280542986425342,Other,Other,Other
TRIP_03942,Pitampura,Preet Vihar,17.1,Afternoon,Weekday,Clear,High,Highway,39.0,27.2,33.15,30.950226244343895,North,Other,Other
TRIP_03943,Saket,Pitampura,21.25,Evening Peak,Weekday,Heatwave,Very High,Highway,15.9,93.0,13.515,94.33962264150942,South,North,South Delhi
TRIP_03944,Punjabi Bagh,Hauz Khas,14.84,Afternoon,Weekday,Heatwave,Low,Main Road,43.5,21.6,36.975,24.081135902636916,West,Other,West Delhi
TRIP_03945,AIIMS,Connaught Place,7.18,Afternoon,Weekday,Rain,High,Main Road,17.7,25.7,15.044999999999998,28.634097706879366,Other,Central,Other
TRIP_03946,Karol Bagh,Shahdara,9.9,Afternoon,Weekday,Clear,Very High,Highway,20.5,30.0,17.425,34.08895265423242,Central,Other,Central Delhi
TRIP_03947,Preet Vihar,Greater Kailash,11.95,Evening Peak,Weekend,Rain,High,Highway,26.9,27.7,22.865,31.35797069757271,Other,South,Other
TRIP_03948,Saket,Pitampura,21.25,Morning Peak,Weekday,Clear,Very High,Main Road,11.5,113.9,9.775,130.43478260869566,South,North,South Delhi
TRIP_03949,Pitampura,IGI Airport,16.75,Evening Peak,Weekday,Clear,High,Highway,40.6,26.2,34.51,29.12199362503622,North,Other,Other
TRIP_03950,Janakpuri,Model Town,14.54,Evening Peak,Weekday,Fog,Very High,Main Road,7.7,110.5,6.545,133.292589763178,West,North,West Delhi
TRIP_03951,Kalkaji,Karol Bagh,14.25,Morning Peak,Weekend,Rain,Low,Main Road,25.9,37.7,22.014999999999997,38.83715648421531,South,Central,South Delhi
TRIP_03952,Connaught Place,Hauz Khas,9.27,Night,Weekday,Clear,High,Main Road,21.3,27.5,18.105,30.720795360397677,Central,Other,Central Delhi
TRIP_03953,Nehru Place,Shahdara,14.22,Morning Peak,Weekday,Clear,High,Main Road,18.4,52.4,15.639999999999999,54.55242966751919,Other,Other,Other
TRIP_03954,Model Town,IGI Airport,19.83,Evening Peak,Weekday,Heatwave,Very High,Highway,16.4,74.0,13.939999999999998,85.35150645624104,North,Other,North Delhi
TRIP_03955,Noida Sector 18,Punjabi Bagh,21.94,Morning Peak,Weekday,Clear,Very High,Main Road,10.8,126.9,9.18,143.39869281045753,Other,West,Other
TRIP_03956,Shahdara,Karol Bagh,9.9,Afternoon,Weekday,Clear,Very High,Highway,18.2,35.7,15.469999999999999,38.39689722042664,Other,Central,Other
TRIP_03957,Janakpuri,Karol Bagh,10.56,Evening Peak,Weekday,Clear,Very High,Highway,15.3,43.4,13.005,48.719723183391004,West,Central,West Delhi
TRIP_03958,Rohini,Noida Sector 18,33.01,Afternoon,Weekend,Fog,High,Highway,24.7,84.1,20.994999999999997,94.33674684448678,North,Other,North Delhi
TRIP_03959,Rohini,Saket,29.0,Afternoon,Weekday,Clear,Low,Highway,62.2,31.8,52.870000000000005,32.910913561566105,North,South,North Delhi
TRIP_03960,Greater Kailash,Civil Lines,14.87,Evening Peak,Weekday,Rain,Medium,Main Road,23.9,38.1,20.314999999999998,43.91828698006399,South,Other,South Delhi
TRIP_03961,Pitampura,Noida Sector 18,24.06,Evening Peak,Weekend,Heatwave,High,Highway,42.3,35.5,35.955,40.150187734668336,North,Other,Other
TRIP_03962,Noida Sector 18,Punjabi Bagh,21.94,Morning Peak,Weekday,Clear,Very High,Highway,21.1,66.1,17.935000000000002,73.39838304990242,Other,West,Other
TRIP_03963,Chandni Chowk,Kalkaji,12.95,Morning Peak,Weekend,Heatwave,High,Inner Road,8.1,95.4,6.885,112.85403050108933,Central,South,Central Delhi
TRIP_03964,Punjabi Bagh,Rohini,11.6,Morning Peak,Weekend,Rain,Very High,Main Road,7.5,97.9,6.375,109.17647058823529,West,North,West Delhi
TRIP_03965,Model Town,Noida Sector 18,20.73,Morning Peak,Weekday,Heatwave,Low,Highway,67.9,18.0,57.715,21.55072338213636,North,Other,North Delhi
TRIP_03966,Rohini,Janakpuri,14.51,Morning Peak,Weekday,Clear,High,Main Road,24.0,36.3,20.4,42.6764705882353,North,West,North Delhi
TRIP_03967,Nehru Place,Okhla,2.67,Afternoon,Weekend,Clear,Medium,Highway,51.0,3.2,43.35,3.695501730103806,Other,Other,Other
TRIP_03968,Chandni Chowk,Civil Lines,3.35,Morning Peak,Weekday,Clear,Low,Inner Road,29.2,7.1,24.82,8.098307816277197,Central,Other,Central Delhi
TRIP_03969,Greater Kailash,Saket,3.66,Evening Peak,Weekday,Heatwave,Very High,Main Road,9.3,24.7,7.905,27.77988614800759,South,South,South Delhi
TRIP_03970,Lajpat Nagar,AIIMS,2.68,Evening Peak,Weekday,Clear,Very High,Main Road,10.2,16.0,8.67,18.546712802768166,Other,Other,Other
TRIP_03971,Janakpuri,Model Town,14.54,Morning Peak,Weekend,Clear,High,Main Road,20.0,45.7,17.0,51.317647058823525,West,North,West Delhi
TRIP_03972,Nehru Place,IGI Airport,14.99,Morning Peak,Weekday,Clear,High,Highway,33.8,26.0,28.729999999999997,31.305255830142713,Other,Other,Other
TRIP_03973,Noida Sector 18,Vasant Kunj,17.44,Morning Peak,Weekend,Clear,High,Inner Road,17.9,60.4,15.214999999999998,68.7742359513638,Other,South,Other
TRIP_03974,Vasant Kunj,AIIMS,7.41,Afternoon,Weekday,Clear,High,Main Road,19.5,24.0,16.575,26.823529411764707,South,Other,South Delhi
TRIP_03975,Pitampura,AIIMS,17.0,Afternoon,Weekend,Rain,Medium,Highway,41.9,24.7,35.614999999999995,28.639618138424826,North,Other,Other
TRIP_03976,Rajouri Garden,Model Town,10.2,Morning Peak,Weekday,Fog,Very High,Main Road,7.9,80.1,6.715,91.1392405063291,West,North,Other
TRIP_03977,Mayur Vihar,Vasant Kunj,17.08,Afternoon,Weekday,Heatwave,Medium,Main Road,39.0,26.8,33.15,30.914027149321264,Other,South,Other
TRIP_03978,Saket,Chandni Chowk,14.23,Afternoon,Weekend,Heatwave,Low,Inner Road,35.2,25.5,29.92,28.53609625668449,South,Central,South Delhi
TRIP_03979,Chandni Chowk,Shahdara,6.2,Night,Weekend,Clear,Medium,Main Road,32.3,11.6,27.455,13.549444545620107,Central,Other,Central Delhi
TRIP_03980,Preet Vihar,Vasant Kunj,18.93,Morning Peak,Weekend,Clear,Low,Highway,85.6,13.5,72.75999999999999,15.610225398570645,Other,South,Other
TRIP_03981,Greater Kailash,Chandni Chowk,11.55,Evening Peak,Weekend,Clear,Medium,Highway,49.7,13.7,42.245000000000005,16.4043082021541,South,Central,South Delhi
TRIP_03982,Civil Lines,Connaught Place,5.49,Afternoon,Weekday,Clear,Medium,Inner Road,23.9,14.4,20.314999999999998,16.214619739109033,Other,Central,Other
TRIP_03983,Janakpuri,Model Town,14.54,Evening Peak,Weekday,Clear,High,Main Road,21.7,39.7,18.445,47.29737056112768,West,North,West Delhi
TRIP_03984,Civil Lines,Noida Sector 18,15.73,Morning Peak,Weekend,Rain,High,Main Road,14.9,75.4,12.665,74.52033162258192,Other,Other,Other
TRIP_03985,Noida Sector 18,Lajpat Nagar,8.66,Afternoon,Weekday,Clear,Very High,Highway,19.9,25.6,16.915,30.71829736919894,Other,Other,Other
TRIP_03986,Pitampura,Model Town,5.98,Evening Peak,Weekday,Clear,Very High,Main Road,13.5,27.5,11.475,31.267973856209153,North,North,Other
TRIP_03987,Vasant Kunj,Rajouri Garden,14.56,Evening Peak,Weekend,Heatwave,High,Highway,32.3,26.3,27.455,31.819340739391734,South,West,South Delhi
TRIP_03988,Chandni Chowk,Rajouri Garden,10.59,Evening Peak,Weekday,Clear,Medium,Main Road,31.9,21.5,27.115,23.433523879771343,Central,West,Central Delhi
TRIP_03989,Janakpuri,Saket,15.88,Morning Peak,Weekend,Clear,Medium,Main Road,38.3,24.2,32.555,29.26739364152972,West,South,West Delhi
TRIP_03990,Saket,Punjabi Bagh,17.62,Evening Peak,Weekend,Clear,Medium,Highway,46.2,23.3,39.27,26.92131398013751,South,West,South Delhi
TRIP_03991,Model Town,Rajouri Garden,10.2,Morning Peak,Weekend,Clear,Medium,Highway,51.4,11.7,43.69,14.007782101167315,North,West,North Delhi
TRIP_03992,Janakpuri,Kalkaji,18.68,Evening Peak,Weekday,Rain,High,Highway,29.3,38.6,24.905,45.00301144348524,West,South,West Delhi
TRIP_03993,Mayur Vihar,Janakpuri,20.24,Morning Peak,Weekend,Clear,High,Highway,37.2,32.9,31.62,38.40607210626185,Other,West,Other
TRIP_03994,Dwarka,IGI Airport,6.61,Afternoon,Weekday,Clear,Low,Inner Road,27.3,15.1,23.205,17.091144149967683,West,Other,West Delhi
TRIP_03995,Vasant Kunj,Pitampura,20.67,Afternoon,Weekday,Clear,Very High,Highway,21.9,64.4,18.615,66.62369057211927,South,North,South Delhi
TRIP_03996,Rajouri Garden,Dwarka,9.64,Morning Peak,Weekday,Clear,Very High,Inner Road,7.7,76.8,6.545,88.37280366692133,West,West,Other
TRIP_03997,Rohini,Dwarka,17.53,Morning Peak,Weekend,Clear,High,Main Road,28.7,37.2,24.395,43.1153924984628,North,West,North Delhi
TRIP_03998,Preet Vihar,Lajpat Nagar,9.58,Morning Peak,Weekend,Clear,High,Main Road,19.0,30.9,16.15,35.59133126934985,Other,Other,Other
TRIP_03999,Karol Bagh,Hauz Khas,11.44,Evening Peak,Weekend,Heatwave,High,Main Road,25.2,27.6,21.419999999999998,32.04481792717087,Central,Other,Central Delhi
TRIP_04000,IGI Airport,Civil Lines,18.43,Night,Weekday,Fog,Low,Inner Road,17.8,64.6,15.13,73.08658294778586,Other,Other,Other
